solid OpenSCAD_Model
  facet normal -0.7071067811865476 0 -0.7071067811865476
    outer loop
      vertex 174.25 8.2 1.5
      vertex 174.25 10.5 1.5
      vertex 175.75 10.5 0
    endloop
  endfacet
  facet normal -0.7071067811865509 0 -0.7071067811865441
    outer loop
      vertex 175.75 7 0
      vertex 174.55 8.2 1.2
      vertex 175.75 10.5 0
    endloop
  endfacet
  facet normal -0.7071067811865341 -1.7421199802438768e-14 -0.7071067811865609
    outer loop
      vertex 174.55 8.2 1.2
      vertex 174.25 8.2 1.5
      vertex 175.75 10.5 0
    endloop
  endfacet
  facet normal 0 0 -1
    outer loop
      vertex 175.75 7 0
      vertex 180.25 10.5 0
      vertex 180.1038961038961 6.855844155844157 0
    endloop
  endfacet
  facet normal 0 0 -1
    outer loop
      vertex 175.75 7 0
      vertex 175.75 10.5 0
      vertex 180.25 10.5 0
    endloop
  endfacet
  facet normal 0 0 -1
    outer loop
      vertex 180.1038961038961 6.855844155844157 0
      vertex 180.25 10.5 0
      vertex 180.25 7 0
    endloop
  endfacet
  facet normal -1 0 0
    outer loop
      vertex 174.25 8.2 1.5
      vertex 174.25 8.2 18.5
      vertex 174.25 10.5 1.5
    endloop
  endfacet
  facet normal -1 0 0
    outer loop
      vertex 174.25 8.2 18.5
      vertex 174.25 10.5 18.5
      vertex 174.25 10.5 1.5
    endloop
  endfacet
  facet normal -0.7071067811865349 0 0.7071067811865601
    outer loop
      vertex 174.25 8.2 18.5
      vertex 174.55 8.2 18.8
      vertex 174.25 10.5 18.5
    endloop
  endfacet
  facet normal -0.707106781186553 -4.710277376051365e-15 0.707106781186542
    outer loop
      vertex 175.75 7 20
      vertex 174.25 10.5 18.5
      vertex 174.55 8.2 18.8
    endloop
  endfacet
  facet normal -0.7071067811865476 0 0.7071067811865476
    outer loop
      vertex 175.75 7 20
      vertex 175.75 10.5 20
      vertex 174.25 10.5 18.5
    endloop
  endfacet
  facet normal 0 0 1
    outer loop
      vertex 175.75 7 20
      vertex 180.25 7 20
      vertex 175.75 10.5 20
    endloop
  endfacet
  facet normal 0 0 1
    outer loop
      vertex 180.25 7 20
      vertex 180.25 10.5 20
      vertex 175.75 10.5 20
    endloop
  endfacet
  facet normal 0.7071067811865506 0 0.7071067811865444
    outer loop
      vertex 180.25 7 20
      vertex 181.45 8.2 18.8
      vertex 180.25 10.5 20
    endloop
  endfacet
  facet normal 0.7071067811865533 -4.97195945249866e-15 -0.7071067811865417
    outer loop
      vertex 180.25 7 0
      vertex 181.75 10.5 1.5
      vertex 181.45 8.2 1.2
    endloop
  endfacet
  facet normal 0.7071067811865341 -5.688740792327234e-19 -0.7071067811865609
    outer loop
      vertex 181.45 8.2 1.2
      vertex 181.75 10.5 1.5
      vertex 181.75 8.2 1.5
    endloop
  endfacet
  facet normal 0.7071067811865476 0 -0.7071067811865476
    outer loop
      vertex 180.25 7 0
      vertex 180.25 10.5 0
      vertex 181.75 10.5 1.5
    endloop
  endfacet
  facet normal 1 0 0
    outer loop
      vertex 181.75 8.2 1.5
      vertex 181.75 10.5 1.5
      vertex 181.75 10.5 18.5
    endloop
  endfacet
  facet normal 1 0 0
    outer loop
      vertex 181.75 8.2 1.5
      vertex 181.75 10.5 18.5
      vertex 181.75 8.2 18.5
    endloop
  endfacet
  facet normal 0.7071067811865349 -1.6383573481917316e-14 0.7071067811865601
    outer loop
      vertex 181.75 8.2 18.5
      vertex 180.25 10.5 20
      vertex 181.45 8.2 18.8
    endloop
  endfacet
  facet normal 0.7071067811865476 0 0.7071067811865476
    outer loop
      vertex 181.75 8.2 18.5
      vertex 181.75 10.5 18.5
      vertex 180.25 10.5 20
    endloop
  endfacet
  facet normal -1 0 0
    outer loop
      vertex 172.75 5.199999999999999 1.2
      vertex 172.75 5.199999999999999 18.8
      vertex 172.75 8.2 1.2
    endloop
  endfacet
  facet normal -0.7071067811865508 9.595009469734167e-17 -0.7071067811865442
    outer loop
      vertex 172.75 5.199999999999999 1.2
      vertex 173.95 7 0
      vertex 173.95 6.3999999999999995 0
    endloop
  endfacet
  facet normal -0.7071067811865508 0 -0.7071067811865442
    outer loop
      vertex 172.75 5.199999999999999 1.2
      vertex 172.75 8.2 1.2
      vertex 173.95 7 0
    endloop
  endfacet
  facet normal 0 0 -1
    outer loop
      vertex 173.95 6.3999999999999995 0
      vertex 173.95 7 0
      vertex 175.75 7 0
    endloop
  endfacet
  facet normal 0 0.7071067811865477 -0.7071067811865474
    outer loop
      vertex 173.95 7 0
      vertex 174.55 8.2 1.2
      vertex 175.75 7 0
    endloop
  endfacet
  facet normal 0 -0.7071067811865475 -0.7071067811865476
    outer loop
      vertex 172.75 5.199999999999999 1.2
      vertex 173.95 6.3999999999999995 0
      vertex 183.25 5.199999999999999 1.2
    endloop
  endfacet
  facet normal 0 0 -1
    outer loop
      vertex 173.95 6.3999999999999995 0
      vertex 175.75 7 0
      vertex 180.1038961038961 6.855844155844157 0
    endloop
  endfacet
  facet normal 1.1630314508768645e-17 0.7071067811865478 -0.7071067811865474
    outer loop
      vertex 173.95 7 0
      vertex 172.75 8.2 1.2
      vertex 174.55 8.2 1.2
    endloop
  endfacet
  facet normal 0 1 0
    outer loop
      vertex 172.75 8.2 1.2
      vertex 174.25 8.2 1.5
      vertex 174.55 8.2 1.2
    endloop
  endfacet
  facet normal 0 0 -1
    outer loop
      vertex 173.95 6.3999999999999995 0
      vertex 180.1038961038961 6.855844155844157 0
      vertex 182.04999999999998 6.3999999999999995 0
    endloop
  endfacet
  facet normal 0 -0.7071067811865475 -0.7071067811865476
    outer loop
      vertex 173.95 6.3999999999999995 0
      vertex 182.04999999999998 6.3999999999999995 0
      vertex 183.25 5.199999999999999 1.2
    endloop
  endfacet
  facet normal 0 -1 0
    outer loop
      vertex 172.75 5.199999999999999 1.2
      vertex 183.25 5.199999999999999 1.2
      vertex 172.75 5.199999999999999 18.8
    endloop
  endfacet
  facet normal 0 1 0
    outer loop
      vertex 172.75 8.2 1.2
      vertex 174.25 8.2 18.5
      vertex 174.25 8.2 1.5
    endloop
  endfacet
  facet normal -1 0 0
    outer loop
      vertex 172.75 8.2 1.2
      vertex 172.75 5.199999999999999 18.8
      vertex 172.75 8.2 18.8
    endloop
  endfacet
  facet normal 0 1 0
    outer loop
      vertex 172.75 8.2 1.2
      vertex 172.75 8.2 18.8
      vertex 174.25 8.2 18.5
    endloop
  endfacet
  facet normal 0 -1 0
    outer loop
      vertex 172.75 5.199999999999999 18.8
      vertex 183.25 5.199999999999999 1.2
      vertex 183.25 5.199999999999999 18.8
    endloop
  endfacet
  facet normal -0.7071067811865507 0 0.7071067811865445
    outer loop
      vertex 172.75 5.199999999999999 18.8
      vertex 173.95 6.3999999999999995 20
      vertex 172.75 8.2 18.8
    endloop
  endfacet
  facet normal -0.7071067811865507 0 0.7071067811865445
    outer loop
      vertex 173.95 6.3999999999999995 20
      vertex 173.95 7 20
      vertex 172.75 8.2 18.8
    endloop
  endfacet
  facet normal 0 0.7071067811865475 0.7071067811865475
    outer loop
      vertex 173.95 7 20
      vertex 175.75 7 20
      vertex 174.55 8.2 18.8
    endloop
  endfacet
  facet normal 0 -0.7071067811865472 0.7071067811865477
    outer loop
      vertex 172.75 5.199999999999999 18.8
      vertex 183.25 5.199999999999999 18.8
      vertex 173.95 6.3999999999999995 20
    endloop
  endfacet
  facet normal 0 0 1
    outer loop
      vertex 173.95 6.3999999999999995 20
      vertex 182.04999999999998 6.3999999999999995 20
      vertex 173.95 7 20
    endloop
  endfacet
  facet normal 0 1 0
    outer loop
      vertex 172.75 8.2 18.8
      vertex 174.55 8.2 18.8
      vertex 174.25 8.2 18.5
    endloop
  endfacet
  facet normal 3.1983364899113585e-17 0.7071067811865475 0.7071067811865476
    outer loop
      vertex 173.95 7 20
      vertex 174.55 8.2 18.8
      vertex 172.75 8.2 18.8
    endloop
  endfacet
  facet normal 0 0 1
    outer loop
      vertex 173.95 7 20
      vertex 182.04999999999998 6.3999999999999995 20
      vertex 175.75 7 20
    endloop
  endfacet
  facet normal 0 -0.7071067811865472 0.7071067811865478
    outer loop
      vertex 173.95 6.3999999999999995 20
      vertex 183.25 5.199999999999999 18.8
      vertex 182.04999999999998 6.3999999999999995 20
    endloop
  endfacet
  facet normal 0 0 1
    outer loop
      vertex 175.75 7 20
      vertex 182.04999999999998 6.3999999999999995 20
      vertex 180.25 7 20
    endloop
  endfacet
  facet normal 0.7071067811865425 0 -0.7071067811865526
    outer loop
      vertex 182.04999999999998 6.3999999999999995 0
      vertex 182.04999999999998 7 0
      vertex 183.25 5.199999999999999 1.2
    endloop
  endfacet
  facet normal 0 0 -1
    outer loop
      vertex 180.1038961038961 6.855844155844157 0
      vertex 180.25 7 0
      vertex 182.04999999999998 7 0
    endloop
  endfacet
  facet normal 0 0 -1
    outer loop
      vertex 182.04999999999998 6.3999999999999995 0
      vertex 180.1038961038961 6.855844155844157 0
      vertex 182.04999999999998 7 0
    endloop
  endfacet
  facet normal 0 0.7071067811865477 -0.7071067811865474
    outer loop
      vertex 180.25 7 0
      vertex 183.25 8.2 1.2
      vertex 182.04999999999998 7 0
    endloop
  endfacet
  facet normal 0.7071067811865425 6.978188705261024e-18 -0.7071067811865526
    outer loop
      vertex 182.04999999999998 7 0
      vertex 183.25 8.2 1.2
      vertex 183.25 5.199999999999999 1.2
    endloop
  endfacet
  facet normal 1.1630314508768644e-17 0.7071067811865477 -0.7071067811865474
    outer loop
      vertex 180.25 7 0
      vertex 181.45 8.2 1.2
      vertex 183.25 8.2 1.2
    endloop
  endfacet
  facet normal 0 1 0
    outer loop
      vertex 181.45 8.2 1.2
      vertex 181.75 8.2 1.5
      vertex 183.25 8.2 1.2
    endloop
  endfacet
  facet normal 1 0 0
    outer loop
      vertex 183.25 5.199999999999999 1.2
      vertex 183.25 8.2 1.2
      vertex 183.25 5.199999999999999 18.8
    endloop
  endfacet
  facet normal 0 1 0
    outer loop
      vertex 181.75 8.2 1.5
      vertex 183.25 8.2 18.8
      vertex 183.25 8.2 1.2
    endloop
  endfacet
  facet normal 1 0 0
    outer loop
      vertex 183.25 8.2 1.2
      vertex 183.25 8.2 18.8
      vertex 183.25 5.199999999999999 18.8
    endloop
  endfacet
  facet normal 0 1 0
    outer loop
      vertex 181.75 8.2 1.5
      vertex 181.75 8.2 18.5
      vertex 183.25 8.2 18.8
    endloop
  endfacet
  facet normal 0 0 1
    outer loop
      vertex 182.04999999999998 6.3999999999999995 20
      vertex 182.04999999999998 7 20
      vertex 180.25 7 20
    endloop
  endfacet
  facet normal 0 0.7071067811865476 0.7071067811865476
    outer loop
      vertex 180.25 7 20
      vertex 182.04999999999998 7 20
      vertex 181.45 8.2 18.8
    endloop
  endfacet
  facet normal 0.7071067811865424 0 0.7071067811865528
    outer loop
      vertex 182.04999999999998 6.3999999999999995 20
      vertex 183.25 8.2 18.8
      vertex 182.04999999999998 7 20
    endloop
  endfacet
  facet normal 0.7071067811865424 1.9190018939470612e-17 0.7071067811865528
    outer loop
      vertex 182.04999999999998 6.3999999999999995 20
      vertex 183.25 5.199999999999999 18.8
      vertex 183.25 8.2 18.8
    endloop
  endfacet
  facet normal 0 1 0
    outer loop
      vertex 181.75 8.2 18.5
      vertex 181.45 8.2 18.8
      vertex 183.25 8.2 18.8
    endloop
  endfacet
  facet normal 3.198336489911358e-17 0.7071067811865475 0.7071067811865475
    outer loop
      vertex 182.04999999999998 7 20
      vertex 183.25 8.2 18.8
      vertex 181.45 8.2 18.8
    endloop
  endfacet
  facet normal -0.7071067811865475 -0.7071067811865475 0
    outer loop
      vertex 165 -5.799999989569187 0
      vertex 165.50000000745058 -6.299999997019768 0
      vertex 165 -5.799999989569187 20
    endloop
  endfacet
  facet normal -1 0 0
    outer loop
      vertex 165 -5.799999989569187 0
      vertex 165 -0.29999999701976776 20
      vertex 165 -0.29999999701976776 0
    endloop
  endfacet
  facet normal 0 0 -1
    outer loop
      vertex 165 -5.799999989569187 0
      vertex 189.5 -0.29999999701976776 0
      vertex 165.50000000745058 -6.299999997019768 0
    endloop
  endfacet
  facet normal 0 0 -1
    outer loop
      vertex 165 -5.799999989569187 0
      vertex 165 -0.29999999701976776 0
      vertex 189.5 -0.29999999701976776 0
    endloop
  endfacet
  facet normal 0 -1 0
    outer loop
      vertex 165.50000000745058 -6.299999997019768 0
      vertex 194.99999999254942 -6.299999997019768 0
      vertex 165.50000000745058 -6.299999997019768 20
    endloop
  endfacet
  facet normal -0.7071067811865475 -0.7071067811865475 0
    outer loop
      vertex 165.50000000745058 -6.299999997019768 0
      vertex 165.50000000745058 -6.299999997019768 20
      vertex 165 -5.799999989569187 20
    endloop
  endfacet
  facet normal -1 0 0
    outer loop
      vertex 165 -5.799999989569187 0
      vertex 165 -5.799999989569187 20
      vertex 165 -0.29999999701976776 20
    endloop
  endfacet
  facet normal 0 0 1
    outer loop
      vertex 165 -5.799999989569187 20
      vertex 165.50000000745058 -6.299999997019768 20
      vertex 189.5 -0.29999999701976776 20
    endloop
  endfacet
  facet normal 0 0 1
    outer loop
      vertex 165 -5.799999989569187 20
      vertex 189.5 -0.29999999701976776 20
      vertex 165 -0.29999999701976776 20
    endloop
  endfacet
  facet normal 0 1 0
    outer loop
      vertex 165 -0.29999999701976776 0
      vertex 165 -0.29999999701976776 20
      vertex 189.5 -0.29999999701976776 20
    endloop
  endfacet
  facet normal 0 -1 0
    outer loop
      vertex 168.75 10.5 0
      vertex 174.25 10.5 1.5
      vertex 168.75 10.5 20
    endloop
  endfacet
  facet normal 0 0 -1
    outer loop
      vertex 168.75 10.5 0
      vertex 168.75 13.99999999254942 0
      vertex 175.75 10.5 0
    endloop
  endfacet
  facet normal -1 0 0
    outer loop
      vertex 168.75 10.5 0
      vertex 168.75 13.99999999254942 20
      vertex 168.75 13.99999999254942 0
    endloop
  endfacet
  facet normal -0.7071067811865475 0.7071067811865475 1.3084103757375345e-18
    outer loop
      vertex 168.75 13.99999999254942 0
      vertex 170.25000000745058 15.5 20
      vertex 170.25000000745058 15.5 0
    endloop
  endfacet
  facet normal 0 1 0
    outer loop
      vertex 170.25000000745058 15.5 0
      vertex 174.11535999923944 15.5 8.622079998254776
      vertex 174.11535999923944 15.5 7.423119999468327
    endloop
  endfacet
  facet normal 0 1 0
    outer loop
      vertex 170.25000000745058 15.5 0
      vertex 174.0556799992919 15.5 12.690800003707409
      vertex 174.11535999923944 15.5 8.622079998254776
    endloop
  endfacet
  facet normal 0 -1 0
    outer loop
      vertex 168.75 10.5 0
      vertex 175.75 10.5 0
      vertex 174.25 10.5 1.5
    endloop
  endfacet
  facet normal 0 0 -1
    outer loop
      vertex 168.75 13.99999999254942 0
      vertex 180.25 10.5 0
      vertex 175.75 10.5 0
    endloop
  endfacet
  facet normal 0 0 -1
    outer loop
      vertex 168.75 13.99999999254942 0
      vertex 170.25000000745058 15.5 0
      vertex 189.5 10.5 0
    endloop
  endfacet
  facet normal 0 1 0
    outer loop
      vertex 170.25000000745058 15.5 0
      vertex 174.11535999923944 15.5 7.423119999468327
      vertex 176.0304000005126 15.5 6.180799998342991
    endloop
  endfacet
  facet normal 0 1 0
    outer loop
      vertex 170.25000000745058 15.5 0
      vertex 176.0304000005126 15.5 6.180799998342991
      vertex 177.47343999892473 15.5 6.180799998342991
    endloop
  endfacet
  facet normal 0 1 0
    outer loop
      vertex 170.25000000745058 15.5 0
      vertex 177.47343999892473 15.5 6.180799998342991
      vertex 180.16902419924736 15.5 8.218867160379887
    endloop
  endfacet
  facet normal 0 0 -1
    outer loop
      vertex 168.75 13.99999999254942 0
      vertex 189.5 10.5 0
      vertex 180.25 10.5 0
    endloop
  endfacet
  facet normal 0 1 0
    outer loop
      vertex 170.25000000745058 15.5 0
      vertex 181.23750222474337 15.5 6.526222221553326
      vertex 181.45547950267792 15.5 6.385867655277252
    endloop
  endfacet
  facet normal 0 1 0
    outer loop
      vertex 170.25000000745058 15.5 0
      vertex 180.67719999700785 15.5 7.100400000810623
      vertex 180.84836246818304 15.5 6.883488394320011
    endloop
  endfacet
  facet normal 0 1 0
    outer loop
      vertex 170.25000000745058 15.5 0
      vertex 180.386813826859 15.5 7.609670124948025
      vertex 180.52293234318495 15.5 7.342544198036194
    endloop
  endfacet
  facet normal 0 1 0
    outer loop
      vertex 170.25000000745058 15.5 0
      vertex 180.52293234318495 15.5 7.342544198036194
      vertex 180.67719999700785 15.5 7.100400000810623
    endloop
  endfacet
  facet normal 0 1 0
    outer loop
      vertex 170.25000000745058 15.5 0
      vertex 180.84836246818304 15.5 6.883488394320011
      vertex 181.0351298749447 15.5 6.692095801234245
    endloop
  endfacet
  facet normal 0 1 0
    outer loop
      vertex 170.25000000745058 15.5 0
      vertex 181.0351298749447 15.5 6.692095801234245
      vertex 181.23750222474337 15.5 6.526222221553326
    endloop
  endfacet
  facet normal 0 1 0
    outer loop
      vertex 170.25000000745058 15.5 0
      vertex 181.68906173110008 15.5 6.271032102406025
      vertex 181.93824888765812 15.5 6.181715555489063
    endloop
  endfacet
  facet normal 0 1 0
    outer loop
      vertex 170.25000000745058 15.5 0
      vertex 181.45547950267792 15.5 6.385867655277252
      vertex 181.68906173110008 15.5 6.271032102406025
    endloop
  endfacet
  facet normal 0 1 0
    outer loop
      vertex 170.25000000745058 15.5 0
      vertex 181.93824888765812 15.5 6.181715555489063
      vertex 182.2030409872532 15.5 6.117918021976948
    endloop
  endfacet
  facet normal 0 1 0
    outer loop
      vertex 174.11535999923944 15.5 8.622079998254776
      vertex 175.94895999878645 15.5 12.690800003707409
      vertex 175.94895999878645 15.5 7.477360002696514
    endloop
  endfacet
  facet normal 0 1 0
    outer loop
      vertex 170.25000000745058 15.5 0
      vertex 180.26884444803 15.5 7.901777774095535
      vertex 180.386813826859 15.5 7.609670124948025
    endloop
  endfacet
  facet normal 0 1 0
    outer loop
      vertex 170.25000000745058 15.5 0
      vertex 180.16902419924736 15.5 8.218867160379887
      vertex 180.26884444803 15.5 7.901777774095535
    endloop
  endfacet
  facet normal 0 1 0
    outer loop
      vertex 177.47343999892473 15.5 6.180799998342991
      vertex 177.47343999892473 15.5 12.690800003707409
      vertex 179.94216000288725 15.5 10.179039999842644
    endloop
  endfacet
  facet normal 0 1 0
    outer loop
      vertex 180.08735308796167 15.5 8.560938268899918
      vertex 180.16902419924736 15.5 8.218867160379887
      vertex 177.47343999892473 15.5 6.180799998342991
    endloop
  endfacet
  facet normal 0 1 0
    outer loop
      vertex 180.08735308796167 15.5 8.560938268899918
      vertex 177.47343999892473 15.5 6.180799998342991
      vertex 180.02383111417294 15.5 8.92799111455679
    endloop
  endfacet
  facet normal 0 1 0
    outer loop
      vertex 179.97845827043056 15.5 9.32002568244934
      vertex 180.02383111417294 15.5 8.92799111455679
      vertex 177.47343999892473 15.5 6.180799998342991
    endloop
  endfacet
  facet normal 0 1 0
    outer loop
      vertex 179.95123456418514 15.5 9.737041972577572
      vertex 179.97845827043056 15.5 9.32002568244934
      vertex 177.47343999892473 15.5 6.180799998342991
    endloop
  endfacet
  facet normal 0 1 0
    outer loop
      vertex 179.95123456418514 15.5 9.737041972577572
      vertex 177.47343999892473 15.5 6.180799998342991
      vertex 179.94216000288725 15.5 10.179039999842644
    endloop
  endfacet
  facet normal 0 -1 0
    outer loop
      vertex 168.75 10.5 20
      vertex 174.25 10.5 1.5
      vertex 174.25 10.5 18.5
    endloop
  endfacet
  facet normal -1 0 0
    outer loop
      vertex 168.75 10.5 0
      vertex 168.75 10.5 20
      vertex 168.75 13.99999999254942 20
    endloop
  endfacet
  facet normal 0 1 0
    outer loop
      vertex 170.25000000745058 15.5 0
      vertex 170.25000000745058 15.5 20
      vertex 174.0556799992919 15.5 12.690800003707409
    endloop
  endfacet
  facet normal -0.7071067811865475 0.7071067811865475 0
    outer loop
      vertex 168.75 13.99999999254942 0
      vertex 168.75 13.99999999254942 20
      vertex 170.25000000745058 15.5 20
    endloop
  endfacet
  facet normal 0 0 1
    outer loop
      vertex 168.75 10.5 20
      vertex 175.75 10.5 20
      vertex 168.75 13.99999999254942 20
    endloop
  endfacet
  facet normal 0 1 0
    outer loop
      vertex 170.25000000745058 15.5 20
      vertex 174.0556799992919 15.5 13.82463999837637
      vertex 174.0556799992919 15.5 12.690800003707409
    endloop
  endfacet
  facet normal 0 -1 0
    outer loop
      vertex 168.75 10.5 20
      vertex 174.25 10.5 18.5
      vertex 175.75 10.5 20
    endloop
  endfacet
  facet normal 0 1 0
    outer loop
      vertex 174.11535999923944 15.5 8.622079998254776
      vertex 174.0556799992919 15.5 12.690800003707409
      vertex 175.94895999878645 15.5 12.690800003707409
    endloop
  endfacet
  facet normal 0 1 0
    outer loop
      vertex 177.47343999892473 15.5 12.690800003707409
      vertex 179.95110123604536 15.5 10.581265188753605
      vertex 179.94216000288725 15.5 10.179039999842644
    endloop
  endfacet
  facet normal 0 1 0
    outer loop
      vertex 177.47343999892473 15.5 12.690800003707409
      vertex 179.9779249355197 15.5 10.960918515920639
      vertex 179.95110123604536 15.5 10.581265188753605
    endloop
  endfacet
  facet normal 0 1 0
    outer loop
      vertex 177.47343999892473 15.5 12.690800003707409
      vertex 180.02263110876083 15.5 11.318000003695488
      vertex 179.9779249355197 15.5 10.960918515920639
    endloop
  endfacet
  facet normal 0 1 0
    outer loop
      vertex 177.47343999892473 15.5 12.690800003707409
      vertex 180.08521975576878 15.5 11.65250962972641
      vertex 180.02263110876083 15.5 11.318000003695488
    endloop
  endfacet
  facet normal 0 1 0
    outer loop
      vertex 177.47343999892473 15.5 12.690800003707409
      vertex 179.22568000108004 15.5 12.690800003707409
      vertex 180.08521975576878 15.5 11.65250962972641
    endloop
  endfacet
  facet normal 0 1 0
    outer loop
      vertex 179.22568000108004 15.5 12.690800003707409
      vertex 180.16569086164236 15.5 11.964447408914566
      vertex 180.08521975576878 15.5 11.65250962972641
    endloop
  endfacet
  facet normal 0 1 0
    outer loop
      vertex 179.22568000108004 15.5 12.690800003707409
      vertex 180.26404444128275 15.5 12.253813333809376
      vertex 180.16569086164236 15.5 11.964447408914566
    endloop
  endfacet
  facet normal 0 1 0
    outer loop
      vertex 179.22568000108004 15.5 12.690800003707409
      vertex 180.38028049468994 15.5 12.520607404410839
      vertex 180.26404444128275 15.5 12.253813333809376
    endloop
  endfacet
  facet normal 0 1 0
    outer loop
      vertex 179.22568000108004 15.5 13.82463999837637
      vertex 180.51439901441336 15.5 12.764829628169537
      vertex 179.22568000108004 15.5 12.690800003707409
    endloop
  endfacet
  facet normal 0 1 0
    outer loop
      vertex 179.22568000108004 15.5 12.690800003707409
      vertex 180.51439901441336 15.5 12.764829628169537
      vertex 180.38028049468994 15.5 12.520607404410839
    endloop
  endfacet
  facet normal 0 1 0
    outer loop
      vertex 179.22568000108004 15.5 13.82463999837637
      vertex 180.666400000453 15.5 12.986479997634888
      vertex 180.51439901441336 15.5 12.764829628169537
    endloop
  endfacet
  facet normal 0 1 0
    outer loop
      vertex 179.22568000108004 15.5 13.82463999837637
      vertex 180.83507753163576 15.5 13.185157530009747
      vertex 180.666400000453 15.5 12.986479997634888
    endloop
  endfacet
  facet normal 0 1 0
    outer loop
      vertex 179.22568000108004 15.5 13.82463999837637
      vertex 181.01922567933798 15.5 13.360461235046387
      vertex 180.83507753163576 15.5 13.185157530009747
    endloop
  endfacet
  facet normal 0 1 0
    outer loop
      vertex 179.22568000108004 15.5 13.82463999837637
      vertex 181.21884444355965 15.5 13.512391112744808
      vertex 181.01922567933798 15.5 13.360461235046387
    endloop
  endfacet
  facet normal 0 1 0
    outer loop
      vertex 179.22568000108004 15.5 13.82463999837637
      vertex 181.43393382430077 15.5 13.640947163105011
      vertex 181.21884444355965 15.5 13.512391112744808
    endloop
  endfacet
  facet normal 0 0 1
    outer loop
      vertex 168.75 13.99999999254942 20
      vertex 175.75 10.5 20
      vertex 180.25 10.5 20
    endloop
  endfacet
  facet normal 0 1 0
    outer loop
      vertex 170.25000000745058 15.5 20
      vertex 179.22568000108004 15.5 13.82463999837637
      vertex 174.0556799992919 15.5 13.82463999837637
    endloop
  endfacet
  facet normal 0 0 1
    outer loop
      vertex 168.75 13.99999999254942 20
      vertex 189.5 10.5 20
      vertex 170.25000000745058 15.5 20
    endloop
  endfacet
  facet normal 0 0 1
    outer loop
      vertex 168.75 13.99999999254942 20
      vertex 180.25 10.5 20
      vertex 189.5 10.5 20
    endloop
  endfacet
  facet normal 0 1 0
    outer loop
      vertex 170.25000000745058 15.5 20
      vertex 181.66449382901192 15.5 13.746129386126995
      vertex 179.22568000108004 15.5 13.82463999837637
    endloop
  endfacet
  facet normal 0 1 0
    outer loop
      vertex 170.25000000745058 15.5 20
      vertex 181.91052444279194 15.5 13.82793777436018
      vertex 181.66449382901192 15.5 13.746129386126995
    endloop
  endfacet
  facet normal 0 1 0
    outer loop
      vertex 170.25000000745058 15.5 20
      vertex 182.172025680542 15.5 13.886372342705727
      vertex 181.91052444279194 15.5 13.82793777436018
    endloop
  endfacet
  facet normal 0 1 0
    outer loop
      vertex 170.25000000745058 15.5 20
      vertex 182.44899752736092 15.5 13.921433083713055
      vertex 182.172025680542 15.5 13.886372342705727
    endloop
  endfacet
  facet normal 0 1 0
    outer loop
      vertex 170.25000000745058 15.5 20
      vertex 182.74143999814987 15.5 13.933119997382164
      vertex 182.44899752736092 15.5 13.921433083713055
    endloop
  endfacet
  facet normal 0 1 0
    outer loop
      vertex 170.25000000745058 15.5 20
      vertex 183.0026538297534 15.5 13.924547158181667
      vertex 182.74143999814987 15.5 13.933119997382164
    endloop
  endfacet
  facet normal 0 1 0
    outer loop
      vertex 170.25000000745058 15.5 20
      vertex 183.4864977747202 15.5 13.855964444577694
      vertex 183.25100641697645 15.5 13.898828640580177
    endloop
  endfacet
  facet normal 0 1 0
    outer loop
      vertex 170.25000000745058 15.5 20
      vertex 183.25100641697645 15.5 13.898828640580177
      vertex 183.0026538297534 15.5 13.924547158181667
    endloop
  endfacet
  facet normal 0 0 -1
    outer loop
      vertex 165.50000000745058 -6.299999997019768 0
      vertex 189.5 -0.29999999701976776 0
      vertex 194.99999999254942 -6.299999997019768 0
    endloop
  endfacet
  facet normal 0 1 0
    outer loop
      vertex 165 -0.29999999701976776 0
      vertex 189.5 -0.29999999701976776 20
      vertex 189.5 -0.29999999701976776 0
    endloop
  endfacet
  facet normal 0 0 -1
    outer loop
      vertex 194.99999999254942 -6.299999997019768 0
      vertex 189.5 -0.29999999701976776 0
      vertex 189.59801714122295 -0.2951847240328789 0
    endloop
  endfacet
  facet normal 0 0 -1
    outer loop
      vertex 194.99999999254942 -6.299999997019768 0
      vertex 189.59801714122295 -0.2951847240328789 0
      vertex 189.6950903236866 -0.2807852774858475 0
    endloop
  endfacet
  facet normal 0 0 -1
    outer loop
      vertex 194.99999999254942 -6.299999997019768 0
      vertex 189.6950903236866 -0.2807852774858475 0
      vertex 189.79028467833996 -0.2569403350353241 0
    endloop
  endfacet
  facet normal 0 0 -1
    outer loop
      vertex 194.99999999254942 -6.299999997019768 0
      vertex 189.79028467833996 -0.2569403350353241 0
      vertex 189.88268343359232 -0.22387953102588654 0
    endloop
  endfacet
  facet normal 0 0 -1
    outer loop
      vertex 194.99999999254942 -6.299999997019768 0
      vertex 189.88268343359232 -0.22387953102588654 0
      vertex 189.97139673680067 -0.18192125856876373 0
    endloop
  endfacet
  facet normal 0 0 -1
    outer loop
      vertex 194.99999999254942 -6.299999997019768 0
      vertex 189.97139673680067 -0.18192125856876373 0
      vertex 190.05557022988796 -0.13146960735321045 0
    endloop
  endfacet
  facet normal 0 0 -1
    outer loop
      vertex 194.99999999254942 -6.299999997019768 0
      vertex 190.05557022988796 -0.13146960735321045 0
      vertex 190.13439328223467 -0.07301045209169388 0
    endloop
  endfacet
  facet normal 0 0 -1
    outer loop
      vertex 196.5 -4.799999982118607 0
      vertex 190.13439328223467 -0.07301045209169388 0
      vertex 190.2071067839861 -0.007106781005859375 0
    endloop
  endfacet
  facet normal 0 0 -1
    outer loop
      vertex 196.5 -4.799999982118607 0
      vertex 190.2071067839861 -0.007106781005859375 0
      vertex 190.27301045507193 0.06560672074556351 0
    endloop
  endfacet
  facet normal 0 0 -1
    outer loop
      vertex 196.5 -4.799999982118607 0
      vertex 190.27301045507193 0.06560672074556351 0
      vertex 190.33146961033344 0.1444297730922699 0
    endloop
  endfacet
  facet normal 0 0 -1
    outer loop
      vertex 196.5 -4.799999982118607 0
      vertex 190.33146961033344 0.1444297730922699 0
      vertex 190.381921261549 0.22860326617956161 0
    endloop
  endfacet
  facet normal 0 0 -1
    outer loop
      vertex 196.5 -4.799999982118607 0
      vertex 190.381921261549 0.22860326617956161 0
      vertex 190.42387953400612 0.31731656938791275 0
    endloop
  endfacet
  facet normal 0 0 -1
    outer loop
      vertex 196.5 -4.799999982118607 0
      vertex 190.42387953400612 0.31731656938791275 0
      vertex 190.45694033801556 0.40971532464027405 0
    endloop
  endfacet
  facet normal 0 0 -1
    outer loop
      vertex 196.5 -4.799999982118607 0
      vertex 190.45694033801556 0.40971532464027405 0
      vertex 190.48078528046608 0.5049096792936325 0
    endloop
  endfacet
  facet normal 0 0 -1
    outer loop
      vertex 196.5 -4.799999982118607 0
      vertex 190.48078528046608 0.5049096792936325 0
      vertex 190.4951847270131 0.6019828617572784 0
    endloop
  endfacet
  facet normal 0 0 -1
    outer loop
      vertex 196.5 -4.799999982118607 0
      vertex 190.4951847270131 0.6019828617572784 0
      vertex 190.5 0.7000000029802322 0
    endloop
  endfacet
  facet normal 0 0 -1
    outer loop
      vertex 194.99999999254942 -6.299999997019768 0
      vertex 190.13439328223467 -0.07301045209169388 0
      vertex 196.5 -4.799999982118607 0
    endloop
  endfacet
  facet normal 0.7071067829426662 -0.7071067794304289 0
    outer loop
      vertex 194.99999999254942 -6.299999997019768 0
      vertex 196.5 -4.799999982118607 0
      vertex 194.99999999254942 -6.299999997019768 20
    endloop
  endfacet
  facet normal 0 0 -1
    outer loop
      vertex 196.5 -4.799999982118607 0
      vertex 190.5 0.7000000029802322 0
      vertex 196.5 13.99999999254942 0
    endloop
  endfacet
  facet normal -0.0490676704157047 0.9987954563973426 0
    outer loop
      vertex 189.5 -0.29999999701976776 0
      vertex 189.59801714122295 -0.2951847240328789 20
      vertex 189.59801714122295 -0.2951847240328789 0
    endloop
  endfacet
  facet normal -0.14673047607854156 0.9891765097240051 0
    outer loop
      vertex 189.59801714122295 -0.2951847240328789 0
      vertex 189.6950903236866 -0.2807852774858475 20
      vertex 189.6950903236866 -0.2807852774858475 0
    endloop
  endfacet
  facet normal -0.24298016001722234 0.9700312581757379 0
    outer loop
      vertex 189.6950903236866 -0.2807852774858475 0
      vertex 189.79028467833996 -0.2569403350353241 20
      vertex 189.79028467833996 -0.2569403350353241 0
    endloop
  endfacet
  facet normal -0.3368898600571533 0.9415440627982695 0
    outer loop
      vertex 189.79028467833996 -0.2569403350353241 0
      vertex 189.88268343359232 -0.22387953102588654 20
      vertex 189.88268343359232 -0.22387953102588654 0
    endloop
  endfacet
  facet normal -0.42755513412222684 0.9039892738775857 0
    outer loop
      vertex 189.88268343359232 -0.22387953102588654 0
      vertex 189.97139673680067 -0.18192125856876373 20
      vertex 189.97139673680067 -0.18192125856876373 0
    endloop
  endfacet
  facet normal -0.5141027519268606 0.8577286053649072 0
    outer loop
      vertex 189.97139673680067 -0.18192125856876373 0
      vertex 190.05557022988796 -0.13146960735321045 20
      vertex 190.05557022988796 -0.13146960735321045 0
    endloop
  endfacet
  facet normal -0.5956992744475998 0.8032075537634112 0
    outer loop
      vertex 190.05557022988796 -0.13146960735321045 0
      vertex 190.13439328223467 -0.07301045209169388 20
      vertex 190.13439328223467 -0.07301045209169388 0
    endloop
  endfacet
  facet normal -0.6715589247713109 0.7409511526139902 0
    outer loop
      vertex 190.13439328223467 -0.07301045209169388 0
      vertex 190.2071067839861 -0.007106781005859375 20
      vertex 190.2071067839861 -0.007106781005859375 0
    endloop
  endfacet
  facet normal -0.7409511526139902 0.6715589247713109 0
    outer loop
      vertex 190.2071067839861 -0.007106781005859375 0
      vertex 190.27301045507193 0.06560672074556351 20
      vertex 190.27301045507193 0.06560672074556351 0
    endloop
  endfacet
  facet normal -0.8032075537634112 0.5956992744475998 0
    outer loop
      vertex 190.27301045507193 0.06560672074556351 0
      vertex 190.33146961033344 0.1444297730922699 20
      vertex 190.33146961033344 0.1444297730922699 0
    endloop
  endfacet
  facet normal -0.8577286053649072 0.5141027519268606 0
    outer loop
      vertex 190.33146961033344 0.1444297730922699 0
      vertex 190.381921261549 0.22860326617956161 20
      vertex 190.381921261549 0.22860326617956161 0
    endloop
  endfacet
  facet normal -0.9039892738775857 0.42755513412222684 0
    outer loop
      vertex 190.381921261549 0.22860326617956161 0
      vertex 190.42387953400612 0.31731656938791275 20
      vertex 190.42387953400612 0.31731656938791275 0
    endloop
  endfacet
  facet normal -0.9415440627982695 0.3368898600571533 0
    outer loop
      vertex 190.42387953400612 0.31731656938791275 0
      vertex 190.45694033801556 0.40971532464027405 20
      vertex 190.45694033801556 0.40971532464027405 0
    endloop
  endfacet
  facet normal -0.9700312581757379 0.24298016001722234 0
    outer loop
      vertex 190.45694033801556 0.40971532464027405 0
      vertex 190.48078528046608 0.5049096792936325 20
      vertex 190.48078528046608 0.5049096792936325 0
    endloop
  endfacet
  facet normal -0.9891765097240051 0.14673047607854156 0
    outer loop
      vertex 190.48078528046608 0.5049096792936325 0
      vertex 190.4951847270131 0.6019828617572784 20
      vertex 190.4951847270131 0.6019828617572784 0
    endloop
  endfacet
  facet normal -0.9987954563973426 0.0490676704157047 0
    outer loop
      vertex 190.4951847270131 0.6019828617572784 0
      vertex 190.5 0.7000000029802322 20
      vertex 190.5 0.7000000029802322 0
    endloop
  endfacet
  facet normal 1 0 0
    outer loop
      vertex 196.5 -4.799999982118607 0
      vertex 196.5 13.99999999254942 0
      vertex 196.5 -4.799999982118607 20
    endloop
  endfacet
  facet normal 0 -1 0
    outer loop
      vertex 165.50000000745058 -6.299999997019768 20
      vertex 194.99999999254942 -6.299999997019768 0
      vertex 194.99999999254942 -6.299999997019768 20
    endloop
  endfacet
  facet normal 0 0 1
    outer loop
      vertex 165.50000000745058 -6.299999997019768 20
      vertex 194.99999999254942 -6.299999997019768 20
      vertex 189.5 -0.29999999701976776 20
    endloop
  endfacet
  facet normal 0.7071067829426662 -0.7071067794304289 0
    outer loop
      vertex 196.5 -4.799999982118607 0
      vertex 196.5 -4.799999982118607 20
      vertex 194.99999999254942 -6.299999997019768 20
    endloop
  endfacet
  facet normal 0 0 1
    outer loop
      vertex 194.99999999254942 -6.299999997019768 20
      vertex 189.59801714122295 -0.2951847240328789 20
      vertex 189.5 -0.29999999701976776 20
    endloop
  endfacet
  facet normal 0 0 1
    outer loop
      vertex 194.99999999254942 -6.299999997019768 20
      vertex 189.6950903236866 -0.2807852774858475 20
      vertex 189.59801714122295 -0.2951847240328789 20
    endloop
  endfacet
  facet normal 0 0 1
    outer loop
      vertex 194.99999999254942 -6.299999997019768 20
      vertex 189.79028467833996 -0.2569403350353241 20
      vertex 189.6950903236866 -0.2807852774858475 20
    endloop
  endfacet
  facet normal 0 0 1
    outer loop
      vertex 194.99999999254942 -6.299999997019768 20
      vertex 189.88268343359232 -0.22387953102588654 20
      vertex 189.79028467833996 -0.2569403350353241 20
    endloop
  endfacet
  facet normal 0 0 1
    outer loop
      vertex 194.99999999254942 -6.299999997019768 20
      vertex 189.97139673680067 -0.18192125856876373 20
      vertex 189.88268343359232 -0.22387953102588654 20
    endloop
  endfacet
  facet normal 0 0 1
    outer loop
      vertex 194.99999999254942 -6.299999997019768 20
      vertex 190.05557022988796 -0.13146960735321045 20
      vertex 189.97139673680067 -0.18192125856876373 20
    endloop
  endfacet
  facet normal 0 0 1
    outer loop
      vertex 194.99999999254942 -6.299999997019768 20
      vertex 190.13439328223467 -0.07301045209169388 20
      vertex 190.05557022988796 -0.13146960735321045 20
    endloop
  endfacet
  facet normal 0 0 1
    outer loop
      vertex 196.5 -4.799999982118607 20
      vertex 190.2071067839861 -0.007106781005859375 20
      vertex 190.13439328223467 -0.07301045209169388 20
    endloop
  endfacet
  facet normal 0 0 1
    outer loop
      vertex 196.5 -4.799999982118607 20
      vertex 190.27301045507193 0.06560672074556351 20
      vertex 190.2071067839861 -0.007106781005859375 20
    endloop
  endfacet
  facet normal 0 0 1
    outer loop
      vertex 196.5 -4.799999982118607 20
      vertex 190.33146961033344 0.1444297730922699 20
      vertex 190.27301045507193 0.06560672074556351 20
    endloop
  endfacet
  facet normal 0 0 1
    outer loop
      vertex 196.5 -4.799999982118607 20
      vertex 190.381921261549 0.22860326617956161 20
      vertex 190.33146961033344 0.1444297730922699 20
    endloop
  endfacet
  facet normal 0 0 1
    outer loop
      vertex 196.5 -4.799999982118607 20
      vertex 190.42387953400612 0.31731656938791275 20
      vertex 190.381921261549 0.22860326617956161 20
    endloop
  endfacet
  facet normal 0 0 1
    outer loop
      vertex 196.5 -4.799999982118607 20
      vertex 190.45694033801556 0.40971532464027405 20
      vertex 190.42387953400612 0.31731656938791275 20
    endloop
  endfacet
  facet normal 0 0 1
    outer loop
      vertex 196.5 -4.799999982118607 20
      vertex 190.48078528046608 0.5049096792936325 20
      vertex 190.45694033801556 0.40971532464027405 20
    endloop
  endfacet
  facet normal 0 0 1
    outer loop
      vertex 196.5 -4.799999982118607 20
      vertex 190.4951847270131 0.6019828617572784 20
      vertex 190.48078528046608 0.5049096792936325 20
    endloop
  endfacet
  facet normal 0 0 1
    outer loop
      vertex 196.5 -4.799999982118607 20
      vertex 190.5 0.7000000029802322 20
      vertex 190.4951847270131 0.6019828617572784 20
    endloop
  endfacet
  facet normal 0 0 1
    outer loop
      vertex 194.99999999254942 -6.299999997019768 20
      vertex 196.5 -4.799999982118607 20
      vertex 190.13439328223467 -0.07301045209169388 20
    endloop
  endfacet
  facet normal -0.0490676704157047 0.9987954563973426 0
    outer loop
      vertex 189.5 -0.29999999701976776 0
      vertex 189.5 -0.29999999701976776 20
      vertex 189.59801714122295 -0.2951847240328789 20
    endloop
  endfacet
  facet normal -0.14673047607854156 0.9891765097240051 0
    outer loop
      vertex 189.59801714122295 -0.2951847240328789 0
      vertex 189.59801714122295 -0.2951847240328789 20
      vertex 189.6950903236866 -0.2807852774858475 20
    endloop
  endfacet
  facet normal -0.24298016001722234 0.9700312581757379 0
    outer loop
      vertex 189.6950903236866 -0.2807852774858475 0
      vertex 189.6950903236866 -0.2807852774858475 20
      vertex 189.79028467833996 -0.2569403350353241 20
    endloop
  endfacet
  facet normal -0.3368898600571533 0.9415440627982695 0
    outer loop
      vertex 189.79028467833996 -0.2569403350353241 0
      vertex 189.79028467833996 -0.2569403350353241 20
      vertex 189.88268343359232 -0.22387953102588654 20
    endloop
  endfacet
  facet normal -0.42755513412222684 0.9039892738775857 0
    outer loop
      vertex 189.88268343359232 -0.22387953102588654 0
      vertex 189.88268343359232 -0.22387953102588654 20
      vertex 189.97139673680067 -0.18192125856876373 20
    endloop
  endfacet
  facet normal -0.5141027519268606 0.8577286053649072 0
    outer loop
      vertex 189.97139673680067 -0.18192125856876373 0
      vertex 189.97139673680067 -0.18192125856876373 20
      vertex 190.05557022988796 -0.13146960735321045 20
    endloop
  endfacet
  facet normal -0.5956992744475998 0.8032075537634112 0
    outer loop
      vertex 190.05557022988796 -0.13146960735321045 0
      vertex 190.05557022988796 -0.13146960735321045 20
      vertex 190.13439328223467 -0.07301045209169388 20
    endloop
  endfacet
  facet normal -0.6715589247713109 0.7409511526139902 0
    outer loop
      vertex 190.13439328223467 -0.07301045209169388 0
      vertex 190.13439328223467 -0.07301045209169388 20
      vertex 190.2071067839861 -0.007106781005859375 20
    endloop
  endfacet
  facet normal -0.7409511526139902 0.6715589247713109 0
    outer loop
      vertex 190.2071067839861 -0.007106781005859375 0
      vertex 190.2071067839861 -0.007106781005859375 20
      vertex 190.27301045507193 0.06560672074556351 20
    endloop
  endfacet
  facet normal -0.8032075537634112 0.5956992744475998 0
    outer loop
      vertex 190.27301045507193 0.06560672074556351 0
      vertex 190.27301045507193 0.06560672074556351 20
      vertex 190.33146961033344 0.1444297730922699 20
    endloop
  endfacet
  facet normal -0.8577286053649072 0.5141027519268606 0
    outer loop
      vertex 190.33146961033344 0.1444297730922699 0
      vertex 190.33146961033344 0.1444297730922699 20
      vertex 190.381921261549 0.22860326617956161 20
    endloop
  endfacet
  facet normal -0.9039892738775857 0.42755513412222684 0
    outer loop
      vertex 190.381921261549 0.22860326617956161 0
      vertex 190.381921261549 0.22860326617956161 20
      vertex 190.42387953400612 0.31731656938791275 20
    endloop
  endfacet
  facet normal -0.9415440627982695 0.3368898600571533 0
    outer loop
      vertex 190.42387953400612 0.31731656938791275 0
      vertex 190.42387953400612 0.31731656938791275 20
      vertex 190.45694033801556 0.40971532464027405 20
    endloop
  endfacet
  facet normal -0.9700312581757379 0.24298016001722234 0
    outer loop
      vertex 190.45694033801556 0.40971532464027405 0
      vertex 190.45694033801556 0.40971532464027405 20
      vertex 190.48078528046608 0.5049096792936325 20
    endloop
  endfacet
  facet normal -0.9891765097240051 0.14673047607854156 0
    outer loop
      vertex 190.48078528046608 0.5049096792936325 0
      vertex 190.48078528046608 0.5049096792936325 20
      vertex 190.4951847270131 0.6019828617572784 20
    endloop
  endfacet
  facet normal -0.9987954563973426 0.0490676704157047 0
    outer loop
      vertex 190.4951847270131 0.6019828617572784 0
      vertex 190.4951847270131 0.6019828617572784 20
      vertex 190.5 0.7000000029802322 20
    endloop
  endfacet
  facet normal -1 0 0
    outer loop
      vertex 190.5 0.7000000029802322 0
      vertex 190.5 0.7000000029802322 20
      vertex 190.5 9.5 20
    endloop
  endfacet
  facet normal 0 0 1
    outer loop
      vertex 196.5 -4.799999982118607 20
      vertex 196.5 13.99999999254942 20
      vertex 190.5 0.7000000029802322 20
    endloop
  endfacet
  facet normal 0 -1 0
    outer loop
      vertex 189.5 10.5 0
      vertex 181.75 10.5 1.5
      vertex 180.25 10.5 0
    endloop
  endfacet
  facet normal 0 -1 0
    outer loop
      vertex 189.5 10.5 0
      vertex 181.75 10.5 18.5
      vertex 181.75 10.5 1.5
    endloop
  endfacet
  facet normal 0 1 0
    outer loop
      vertex 170.25000000745058 15.5 0
      vertex 182.2030409872532 15.5 6.117918021976948
      vertex 194.99999999254942 15.5 0
    endloop
  endfacet
  facet normal 0 0 -1
    outer loop
      vertex 170.25000000745058 15.5 0
      vertex 194.99999999254942 15.5 0
      vertex 189.5 10.5 0
    endloop
  endfacet
  facet normal 0 1 0
    outer loop
      vertex 194.99999999254942 15.5 0
      vertex 182.2030409872532 15.5 6.117918021976948
      vertex 182.4834380224347 15.5 6.079639509320259
    endloop
  endfacet
  facet normal 0 1 0
    outer loop
      vertex 194.99999999254942 15.5 0
      vertex 182.4834380224347 15.5 6.079639509320259
      vertex 182.77944000065327 15.5 6.066880002617836
    endloop
  endfacet
  facet normal 0 1 0
    outer loop
      vertex 194.99999999254942 15.5 0
      vertex 182.77944000065327 15.5 6.066880002617836
      vertex 182.990170866251 15.5 6.072170861065388
    endloop
  endfacet
  facet normal 0 1 0
    outer loop
      vertex 194.99999999254942 15.5 0
      vertex 182.990170866251 15.5 6.072170861065388
      vertex 183.19079012423754 15.5 6.088043458759785
    endloop
  endfacet
  facet normal 0 1 0
    outer loop
      vertex 194.99999999254942 15.5 0
      vertex 183.19079012423754 15.5 6.088043458759785
      vertex 183.3812977746129 15.5 6.114497780799866
    endloop
  endfacet
  facet normal 0 1 0
    outer loop
      vertex 194.99999999254942 15.5 0
      vertex 183.3812977746129 15.5 6.114497780799866
      vertex 183.56169382482767 15.5 6.151533827185631
    endloop
  endfacet
  facet normal 0 1 0
    outer loop
      vertex 194.99999999254942 15.5 0
      vertex 183.56169382482767 15.5 6.151533827185631
      vertex 183.73197827488184 15.5 6.1991516053676605
    endloop
  endfacet
  facet normal 0 1 0
    outer loop
      vertex 194.99999999254942 15.5 0
      vertex 183.73197827488184 15.5 6.1991516053676605
      vertex 183.89215110987425 15.5 6.257351107895374
    endloop
  endfacet
  facet normal 0 1 0
    outer loop
      vertex 194.99999999254942 15.5 0
      vertex 183.89215110987425 15.5 6.257351107895374
      vertex 184.04221234470606 15.5 6.326132342219353
    endloop
  endfacet
  facet normal 0 1 0
    outer loop
      vertex 194.99999999254942 15.5 0
      vertex 184.04221234470606 15.5 6.326132342219353
      vertex 184.1821619719267 15.5 6.405495308339596
    endloop
  endfacet
  facet normal 0 1 0
    outer loop
      vertex 194.99999999254942 15.5 0
      vertex 184.1821619719267 15.5 6.405495308339596
      vertex 184.31199999898672 15.5 6.495439998805523
    endloop
  endfacet
  facet normal 0 1 0
    outer loop
      vertex 194.99999999254942 15.5 0
      vertex 184.31199999898672 15.5 6.495439998805523
      vertex 184.4327288866043 15.5 6.596502713859081
    endloop
  endfacet
  facet normal 0 1 0
    outer loop
      vertex 194.99999999254942 15.5 0
      vertex 184.4327288866043 15.5 6.596502713859081
      vertex 184.54535111039877 15.5 6.709219753742218
    endloop
  endfacet
  facet normal 0 1 0
    outer loop
      vertex 194.99999999254942 15.5 0
      vertex 184.54535111039877 15.5 6.709219753742218
      vertex 184.6498666703701 15.5 6.833591111004353
    endloop
  endfacet
  facet normal 0 1 0
    outer loop
      vertex 194.99999999254942 15.5 0
      vertex 184.6498666703701 15.5 6.833591111004353
      vertex 184.74627555906773 15.5 6.9696167930960655
    endloop
  endfacet
  facet normal 0 1 0
    outer loop
      vertex 194.99999999254942 15.5 0
      vertex 184.74627555906773 15.5 6.9696167930960655
      vertex 184.83457777649164 15.5 7.117296792566776
    endloop
  endfacet
  facet normal 0 1 0
    outer loop
      vertex 194.99999999254942 15.5 0
      vertex 184.83457777649164 15.5 7.117296792566776
      vertex 184.91477333009243 15.5 7.276631109416485
    endloop
  endfacet
  facet normal 0 1 0
    outer loop
      vertex 181.95243357867002 15.5 7.642051361501217
      vertex 181.86492839455605 15.5 7.755577281117439
      vertex 182.74145777523518 15.5 8.928275555372238
    endloop
  endfacet
  facet normal 0 1 0
    outer loop
      vertex 182.14693432301283 15.5 7.460409879684448
      vertex 182.85618568211794 15.5 8.914878025650978
      vertex 182.25392987579107 15.5 7.392294317483902
    endloop
  endfacet
  facet normal 0 1 0
    outer loop
      vertex 182.0464355573058 15.5 7.543662220239639
      vertex 181.95243357867002 15.5 7.642051361501217
      vertex 182.74145777523518 15.5 8.928275555372238
    endloop
  endfacet
  facet normal 0 1 0
    outer loop
      vertex 182.14693432301283 15.5 7.460409879684448
      vertex 182.0464355573058 15.5 7.543662220239639
      vertex 182.74145777523518 15.5 8.928275555372238
    endloop
  endfacet
  facet normal 0 1 0
    outer loop
      vertex 182.36742222309113 15.5 7.339315555989742
      vertex 182.25392987579107 15.5 7.392294317483902
      vertex 182.85618568211794 15.5 8.914878025650978
    endloop
  endfacet
  facet normal 0 1 0
    outer loop
      vertex 182.4874113574624 15.5 7.301473580300808
      vertex 182.36742222309113 15.5 7.339315555989742
      vertex 182.85618568211794 15.5 8.914878025650978
    endloop
  endfacet
  facet normal 0 1 0
    outer loop
      vertex 182.6138972863555 15.5 7.27876839786768
      vertex 182.4874113574624 15.5 7.301473580300808
      vertex 182.85618568211794 15.5 8.914878025650978
    endloop
  endfacet
  facet normal 0 1 0
    outer loop
      vertex 181.71047999709845 15.5 8.028307162225246
      vertex 181.64568000286818 15.5 8.188046418130398
      vertex 182.5204404965043 15.5 8.971147656440735
    endloop
  endfacet
  facet normal 0 1 0
    outer loop
      vertex 181.86492839455605 15.5 7.755577281117439
      vertex 181.7839199975133 15.5 7.884240001440048
      vertex 182.6295427158475 15.5 8.94703210145235
    endloop
  endfacet
  facet normal 0 1 0
    outer loop
      vertex 181.7839199975133 15.5 7.884240001440048
      vertex 181.71047999709845 15.5 8.028307162225246
      vertex 182.5204404965043 15.5 8.971147656440735
    endloop
  endfacet
  facet normal 0 1 0
    outer loop
      vertex 181.58951999992132 15.5 8.363457776606083
      vertex 182.41415110975504 15.5 9.000622220337391
      vertex 181.64568000286818 15.5 8.188046418130398
    endloop
  endfacet
  facet normal 0 1 0
    outer loop
      vertex 181.58951999992132 15.5 8.363457776606083
      vertex 181.54200000315905 15.5 8.554541237652302
      vertex 182.21001086384058 15.5 9.07564839720726
    endloop
  endfacet
  facet normal 0 1 0
    outer loop
      vertex 181.64568000286818 15.5 8.188046418130398
      vertex 182.41415110975504 15.5 9.000622220337391
      vertex 182.5204404965043 15.5 8.971147656440735
    endloop
  endfacet
  facet normal 0 1 0
    outer loop
      vertex 182.14693432301283 15.5 7.460409879684448
      vertex 182.74145777523518 15.5 8.928275555372238
      vertex 182.85618568211794 15.5 8.914878025650978
    endloop
  endfacet
  facet normal 0 1 0
    outer loop
      vertex 181.86492839455605 15.5 7.755577281117439
      vertex 182.6295427158475 15.5 8.94703210145235
      vertex 182.74145777523518 15.5 8.928275555372238
    endloop
  endfacet
  facet normal 0 1 0
    outer loop
      vertex 181.7839199975133 15.5 7.884240001440048
      vertex 182.5204404965043 15.5 8.971147656440735
      vertex 182.6295427158475 15.5 8.94703210145235
    endloop
  endfacet
  facet normal 0 1 0
    outer loop
      vertex 181.54200000315905 15.5 8.554541237652302
      vertex 181.5031199976802 15.5 8.761296793818474
      vertex 182.1121599972248 15.5 9.121200002729893
    endloop
  endfacet
  facet normal 0 1 0
    outer loop
      vertex 181.5031199976802 15.5 8.761296793818474
      vertex 181.4728799983859 15.5 8.983724445104599
      vertex 181.9286459237337 15.5 9.227005429565907
    endloop
  endfacet
  facet normal 0 1 0
    outer loop
      vertex 181.45127999782562 15.5 9.221824198961258
      vertex 181.76388148218393 15.5 9.351568393409252
      vertex 181.4728799983859 15.5 8.983724445104599
    endloop
  endfacet
  facet normal 0 1 0
    outer loop
      vertex 181.84391999989748 15.5 9.286942221224308
      vertex 181.4728799983859 15.5 8.983724445104599
      vertex 181.76388148218393 15.5 9.351568393409252
    endloop
  endfacet
  facet normal 0 1 0
    outer loop
      vertex 181.45127999782562 15.5 9.221824198961258
      vertex 181.68853037059307 15.5 9.42088395357132
      vertex 181.76388148218393 15.5 9.351568393409252
    endloop
  endfacet
  facet normal 0 1 0
    outer loop
      vertex 181.43832000344992 15.5 9.47559604793787
      vertex 181.43400000035763 15.5 9.745039999485016
      vertex 181.49060148000717 15.5 9.656966917216778
    endloop
  endfacet
  facet normal 0 1 0
    outer loop
      vertex 181.45127999782562 15.5 9.221824198961258
      vertex 181.43832000344992 15.5 9.47559604793787
      vertex 181.6178666651249 15.5 9.494888886809349
    endloop
  endfacet
  facet normal 0 1 0
    outer loop
      vertex 181.45127999782562 15.5 9.221824198961258
      vertex 181.6178666651249 15.5 9.494888886809349
      vertex 181.68853037059307 15.5 9.42088395357132
    endloop
  endfacet
  facet normal 0 1 0
    outer loop
      vertex 181.43832000344992 15.5 9.47559604793787
      vertex 181.55189037322998 15.5 9.573583208024502
      vertex 181.6178666651249 15.5 9.494888886809349
    endloop
  endfacet
  facet normal 0 1 0
    outer loop
      vertex 181.43832000344992 15.5 9.47559604793787
      vertex 181.49060148000717 15.5 9.656966917216778
      vertex 181.55189037322998 15.5 9.573583208024502
    endloop
  endfacet
  facet normal 0 1 0
    outer loop
      vertex 181.5031199976802 15.5 8.761296793818474
      vertex 181.9286459237337 15.5 9.227005429565907
      vertex 182.0180592611432 15.5 9.171758025884628
    endloop
  endfacet
  facet normal 0 1 0
    outer loop
      vertex 181.54200000315905 15.5 8.554541237652302
      vertex 182.1121599972248 15.5 9.121200002729893
      vertex 182.21001086384058 15.5 9.07564839720726
    endloop
  endfacet
  facet normal 0 1 0
    outer loop
      vertex 181.5031199976802 15.5 8.761296793818474
      vertex 182.0180592611432 15.5 9.171758025884628
      vertex 182.1121599972248 15.5 9.121200002729893
    endloop
  endfacet
  facet normal 0 1 0
    outer loop
      vertex 181.58951999992132 15.5 8.363457776606083
      vertex 182.21001086384058 15.5 9.07564839720726
      vertex 182.31067457050085 15.5 9.0354558005929
    endloop
  endfacet
  facet normal 0 1 0
    outer loop
      vertex 181.58951999992132 15.5 8.363457776606083
      vertex 182.31067457050085 15.5 9.0354558005929
      vertex 182.41415110975504 15.5 9.000622220337391
    endloop
  endfacet
  facet normal 0 1 0
    outer loop
      vertex 181.84391999989748 15.5 9.286942221224308
      vertex 181.9286459237337 15.5 9.227005429565907
      vertex 181.4728799983859 15.5 8.983724445104599
    endloop
  endfacet
  facet normal 0 1 0
    outer loop
      vertex 182.7468800023198 15.5 7.271200001239777
      vertex 182.6138972863555 15.5 7.27876839786768
      vertex 182.85618568211794 15.5 8.914878025650978
    endloop
  endfacet
  facet normal 0 1 0
    outer loop
      vertex 182.7468800023198 15.5 7.271200001239777
      vertex 182.97372642159462 15.5 8.90683950483799
      vertex 182.89971358329058 15.5 7.280509628355503
    endloop
  endfacet
  facet normal 0 1 0
    outer loop
      vertex 183.0399565398693 15.5 7.308438517153263
      vertex 182.89971358329058 15.5 7.280509628355503
      vertex 182.97372642159462 15.5 8.90683950483799
    endloop
  endfacet
  facet normal 0 1 0
    outer loop
      vertex 183.16760888695717 15.5 7.354986667633057
      vertex 183.0399565398693 15.5 7.308438517153263
      vertex 182.97372642159462 15.5 8.90683950483799
    endloop
  endfacet
  facet normal 0 1 0
    outer loop
      vertex 183.28267061710358 15.5 7.420154072344303
      vertex 183.16760888695717 15.5 7.354986667633057
      vertex 182.97372642159462 15.5 8.90683950483799
    endloop
  endfacet
  facet normal 0 1 0
    outer loop
      vertex 183.28267061710358 15.5 7.420154072344303
      vertex 182.97372642159462 15.5 8.90683950483799
      vertex 183.38514173030853 15.5 7.503940738737583
    endloop
  endfacet
  facet normal 0 1 0
    outer loop
      vertex 183.38514173030853 15.5 7.503940738737583
      vertex 182.97372642159462 15.5 8.90683950483799
      vertex 183.47502221912146 15.5 7.606346666812897
    endloop
  endfacet
  facet normal 0 1 0
    outer loop
      vertex 182.97372642159462 15.5 8.90683950483799
      vertex 183.5523120984435 15.5 7.727371849119663
      vertex 183.47502221912146 15.5 7.606346666812897
    endloop
  endfacet
  facet normal 0 1 0
    outer loop
      vertex 182.7468800023198 15.5 7.271200001239777
      vertex 182.85618568211794 15.5 8.914878025650978
      vertex 182.97372642159462 15.5 8.90683950483799
    endloop
  endfacet
  facet normal 0 1 0
    outer loop
      vertex 182.97372642159462 15.5 8.90683950483799
      vertex 183.6170113608241 15.5 7.867016293108463
      vertex 183.5523120984435 15.5 7.727371849119663
    endloop
  endfacet
  facet normal 0 1 0
    outer loop
      vertex 183.0940800011158 15.5 8.904160000383854
      vertex 183.66911999881268 15.5 8.025279998779297
      vertex 183.6170113608241 15.5 7.867016293108463
    endloop
  endfacet
  facet normal 0 1 0
    outer loop
      vertex 182.97372642159462 15.5 8.90683950483799
      vertex 183.0940800011158 15.5 8.904160000383854
      vertex 183.6170113608241 15.5 7.867016293108463
    endloop
  endfacet
  facet normal 0 1 0
    outer loop
      vertex 183.0940800011158 15.5 8.904160000383854
      vertex 183.31664592772722 15.5 8.912197530269623
      vertex 183.66911999881268 15.5 8.025279998779297
    endloop
  endfacet
  facet normal 0 1 0
    outer loop
      vertex 183.66911999881268 15.5 8.025279998779297
      vertex 183.31664592772722 15.5 8.912197530269623
      vertex 183.52862814813852 15.5 8.93631011992693
    endloop
  endfacet
  facet normal 0 1 0
    outer loop
      vertex 183.66911999881268 15.5 8.025279998779297
      vertex 183.52862814813852 15.5 8.93631011992693
      vertex 183.73002666980028 15.5 8.976497776806355
    endloop
  endfacet
  facet normal 0 1 0
    outer loop
      vertex 183.66911999881268 15.5 8.025279998779297
      vertex 183.73002666980028 15.5 8.976497776806355
      vertex 185.10672000050545 15.5 7.8245600014925
    endloop
  endfacet
  facet normal 0 1 0
    outer loop
      vertex 183.73002666980028 15.5 8.976497776806355
      vertex 183.92084147781134 15.5 9.032760493457317
      vertex 185.10672000050545 15.5 7.8245600014925
    endloop
  endfacet
  facet normal 0 1 0
    outer loop
      vertex 183.92084147781134 15.5 9.032760493457317
      vertex 184.10107259452343 15.5 9.105098269879818
      vertex 185.10672000050545 15.5 7.8245600014925
    endloop
  endfacet
  facet normal 0 1 0
    outer loop
      vertex 184.10107259452343 15.5 9.105098269879818
      vertex 184.27071999758482 15.5 9.193511113524437
      vertex 185.10672000050545 15.5 7.8245600014925
    endloop
  endfacet
  facet normal 0 1 0
    outer loop
      vertex 184.27071999758482 15.5 9.193511113524437
      vertex 184.42978370189667 15.5 9.297999009490013
      vertex 185.10672000050545 15.5 7.8245600014925
    endloop
  endfacet
  facet normal 0 1 0
    outer loop
      vertex 184.91477333009243 15.5 7.276631109416485
      vertex 184.9868622198701 15.5 7.447619751095772
      vertex 186.54472000151873 15.5 6.180799998342991
    endloop
  endfacet
  facet normal 0 1 0
    outer loop
      vertex 184.9868622198701 15.5 7.447619751095772
      vertex 185.05084444582462 15.5 7.630262717604637
      vertex 186.54472000151873 15.5 6.180799998342991
    endloop
  endfacet
  facet normal 0 1 0
    outer loop
      vertex 185.05084444582462 15.5 7.630262717604637
      vertex 185.10672000050545 15.5 7.8245600014925
      vertex 186.2789599969983 15.5 10.482799999415874
    endloop
  endfacet
  facet normal 0 1 0
    outer loop
      vertex 185.05084444582462 15.5 7.630262717604637
      vertex 186.2789599969983 15.5 10.482799999415874
      vertex 186.54472000151873 15.5 6.180799998342991
    endloop
  endfacet
  facet normal 0 1 0
    outer loop
      vertex 185.10672000050545 15.5 7.8245600014925
      vertex 184.42978370189667 15.5 9.297999009490013
      vertex 184.5782637000084 15.5 9.418561972677708
    endloop
  endfacet
  facet normal 0 1 0
    outer loop
      vertex 185.10672000050545 15.5 7.8245600014925
      vertex 184.5782637000084 15.5 9.418561972677708
      vertex 184.71615999937057 15.5 9.55520000308752
    endloop
  endfacet
  facet normal 0 1 0
    outer loop
      vertex 185.10672000050545 15.5 7.8245600014925
      vertex 184.71615999937057 15.5 9.55520000308752
      vertex 184.84139753133059 15.5 9.705617778003216
    endloop
  endfacet
  facet normal 0 1 0
    outer loop
      vertex 185.10672000050545 15.5 7.8245600014925
      vertex 184.84139753133059 15.5 9.705617778003216
      vertex 184.95190123468637 15.5 9.867555558681488
    endloop
  endfacet
  facet normal 0 1 0
    outer loop
      vertex 185.10672000050545 15.5 7.8245600014925
      vertex 184.95190123468637 15.5 9.867555558681488
      vertex 185.04767110943794 15.5 10.041013330221176
    endloop
  endfacet
  facet normal 0 1 0
    outer loop
      vertex 185.10672000050545 15.5 7.8245600014925
      vertex 185.04767110943794 15.5 10.041013330221176
      vertex 186.2789599969983 15.5 10.482799999415874
    endloop
  endfacet
  facet normal 0 1 0
    outer loop
      vertex 187.92815999686718 15.5 7.314640000462532
      vertex 187.92974419891834 15.5 9.143449880182743
      vertex 188.06295901536942 15.5 9.05303505808115
    endloop
  endfacet
  facet normal 0 1 0
    outer loop
      vertex 187.92815999686718 15.5 7.314640000462532
      vertex 187.80336000025272 15.5 9.24592000246048
      vertex 187.92974419891834 15.5 9.143449880182743
    endloop
  endfacet
  facet normal 0 1 0
    outer loop
      vertex 187.92815999686718 15.5 7.314640000462532
      vertex 188.06295901536942 15.5 9.05303505808115
      vertex 188.20300444215536 15.5 8.974675558507442
    endloop
  endfacet
  facet normal 0 1 0
    outer loop
      vertex 187.92815999686718 15.5 7.314640000462532
      vertex 188.20300444215536 15.5 8.974675558507442
      vertex 188.34988049417734 15.5 8.908371359109879
    endloop
  endfacet
  facet normal 0 1 0
    outer loop
      vertex 187.92815999686718 15.5 7.314640000462532
      vertex 188.34988049417734 15.5 8.908371359109879
      vertex 188.50358716398478 15.5 8.854122467339039
    endloop
  endfacet
  facet normal 0 1 0
    outer loop
      vertex 187.92815999686718 15.5 7.314640000462532
      vertex 188.50358716398478 15.5 8.854122467339039
      vertex 188.66412444412708 15.5 8.811928890645504
    endloop
  endfacet
  facet normal 0 1 0
    outer loop
      vertex 187.92815999686718 15.5 7.314640000462532
      vertex 188.66412444412708 15.5 8.811928890645504
      vertex 188.83149234205484 15.5 8.781790614128113
    endloop
  endfacet
  facet normal 0 1 0
    outer loop
      vertex 187.92815999686718 15.5 7.314640000462532
      vertex 188.83149234205484 15.5 8.781790614128113
      vertex 189.00569086521864 15.5 8.763707652688026
    endloop
  endfacet
  facet normal 0 0 -1
    outer loop
      vertex 190.5 0.7000000029802322 0
      vertex 190.5 9.5 0
      vertex 196.5 13.99999999254942 0
    endloop
  endfacet
  facet normal -1 0 0
    outer loop
      vertex 190.5 0.7000000029802322 0
      vertex 190.5 9.5 20
      vertex 190.5 9.5 0
    endloop
  endfacet
  facet normal -0.0490676704157047 -0.9987954563973426 0
    outer loop
      vertex 189.5 10.5 0
      vertex 189.59801714122295 10.495184727013111 0
      vertex 189.5 10.5 20
    endloop
  endfacet
  facet normal -0.9987954563973426 -0.0490676704157047 0
    outer loop
      vertex 190.5 9.5 0
      vertex 190.4951847270131 9.598017141222954 20
      vertex 190.4951847270131 9.598017141222954 0
    endloop
  endfacet
  facet normal -0.9700312581757379 -0.24298016001722234 0
    outer loop
      vertex 190.48078528046608 9.6950903236866 0
      vertex 190.45694033801556 9.790284678339958 20
      vertex 190.45694033801556 9.790284678339958 0
    endloop
  endfacet
  facet normal -0.9891765097240051 -0.14673047607854156 0
    outer loop
      vertex 190.4951847270131 9.598017141222954 0
      vertex 190.48078528046608 9.6950903236866 20
      vertex 190.48078528046608 9.6950903236866 0
    endloop
  endfacet
  facet normal -0.14673047607854156 -0.9891765097240051 0
    outer loop
      vertex 189.59801714122295 10.495184727013111 0
      vertex 189.6950903236866 10.48078528046608 0
      vertex 189.59801714122295 10.495184727013111 20
    endloop
  endfacet
  facet normal -0.24298016001722234 -0.9700312581757379 0
    outer loop
      vertex 189.6950903236866 10.48078528046608 0
      vertex 189.79028467833996 10.456940338015556 0
      vertex 189.6950903236866 10.48078528046608 20
    endloop
  endfacet
  facet normal -0.3368898600571533 -0.9415440627982695 0
    outer loop
      vertex 189.79028467833996 10.456940338015556 0
      vertex 189.88268343359232 10.423879534006119 0
      vertex 189.79028467833996 10.456940338015556 20
    endloop
  endfacet
  facet normal -0.5956992744475998 -0.8032075537634112 0
    outer loop
      vertex 190.05557022988796 10.331469610333443 0
      vertex 190.13439328223467 10.273010455071926 0
      vertex 190.05557022988796 10.331469610333443 20
    endloop
  endfacet
  facet normal -0.42755513412222684 -0.9039892738775857 0
    outer loop
      vertex 189.97139673680067 10.381921261548996 0
      vertex 189.88268343359232 10.423879534006119 20
      vertex 189.88268343359232 10.423879534006119 0
    endloop
  endfacet
  facet normal -0.5141027519268606 -0.8577286053649072 0
    outer loop
      vertex 189.97139673680067 10.381921261548996 0
      vertex 190.05557022988796 10.331469610333443 0
      vertex 189.97139673680067 10.381921261548996 20
    endloop
  endfacet
  facet normal -0.8032075537634112 -0.5956992744475998 0
    outer loop
      vertex 190.27301045507193 10.134393282234669 0
      vertex 190.33146961033344 10.055570229887962 0
      vertex 190.27301045507193 10.134393282234669 20
    endloop
  endfacet
  facet normal -0.9415440627982695 -0.3368898600571533 0
    outer loop
      vertex 190.45694033801556 9.790284678339958 0
      vertex 190.42387953400612 9.88268343359232 20
      vertex 190.42387953400612 9.88268343359232 0
    endloop
  endfacet
  facet normal -0.9039892738775857 -0.42755513412222684 0
    outer loop
      vertex 190.42387953400612 9.88268343359232 0
      vertex 190.381921261549 9.97139673680067 20
      vertex 190.381921261549 9.97139673680067 0
    endloop
  endfacet
  facet normal -0.8577286053649072 -0.5141027519268606 0
    outer loop
      vertex 190.381921261549 9.97139673680067 0
      vertex 190.33146961033344 10.055570229887962 20
      vertex 190.33146961033344 10.055570229887962 0
    endloop
  endfacet
  facet normal -0.6715589247713109 -0.7409511526139902 0
    outer loop
      vertex 190.2071067839861 10.207106783986092 0
      vertex 190.13439328223467 10.273010455071926 20
      vertex 190.13439328223467 10.273010455071926 0
    endloop
  endfacet
  facet normal -0.7409511526139902 -0.6715589247713109 0
    outer loop
      vertex 190.2071067839861 10.207106783986092 0
      vertex 190.27301045507193 10.134393282234669 0
      vertex 190.2071067839861 10.207106783986092 20
    endloop
  endfacet
  facet normal 0 0 -1
    outer loop
      vertex 190.5 9.5 0
      vertex 190.4951847270131 9.598017141222954 0
      vertex 196.5 13.99999999254942 0
    endloop
  endfacet
  facet normal 0 0 -1
    outer loop
      vertex 190.4951847270131 9.598017141222954 0
      vertex 190.48078528046608 9.6950903236866 0
      vertex 196.5 13.99999999254942 0
    endloop
  endfacet
  facet normal 0 0 -1
    outer loop
      vertex 190.48078528046608 9.6950903236866 0
      vertex 190.45694033801556 9.790284678339958 0
      vertex 196.5 13.99999999254942 0
    endloop
  endfacet
  facet normal 0 0 -1
    outer loop
      vertex 190.42387953400612 9.88268343359232 0
      vertex 190.381921261549 9.97139673680067 0
      vertex 196.5 13.99999999254942 0
    endloop
  endfacet
  facet normal 0 0 -1
    outer loop
      vertex 190.381921261549 9.97139673680067 0
      vertex 190.33146961033344 10.055570229887962 0
      vertex 196.5 13.99999999254942 0
    endloop
  endfacet
  facet normal 0 0 -1
    outer loop
      vertex 190.45694033801556 9.790284678339958 0
      vertex 190.42387953400612 9.88268343359232 0
      vertex 196.5 13.99999999254942 0
    endloop
  endfacet
  facet normal 0 0 -1
    outer loop
      vertex 190.27301045507193 10.134393282234669 0
      vertex 196.5 13.99999999254942 0
      vertex 190.33146961033344 10.055570229887962 0
    endloop
  endfacet
  facet normal 0 0 -1
    outer loop
      vertex 190.2071067839861 10.207106783986092 0
      vertex 196.5 13.99999999254942 0
      vertex 190.27301045507193 10.134393282234669 0
    endloop
  endfacet
  facet normal 0 0 -1
    outer loop
      vertex 189.59801714122295 10.495184727013111 0
      vertex 194.99999999254942 15.5 0
      vertex 189.6950903236866 10.48078528046608 0
    endloop
  endfacet
  facet normal 0 0 -1
    outer loop
      vertex 189.5 10.5 0
      vertex 194.99999999254942 15.5 0
      vertex 189.59801714122295 10.495184727013111 0
    endloop
  endfacet
  facet normal 0 0 -1
    outer loop
      vertex 189.6950903236866 10.48078528046608 0
      vertex 194.99999999254942 15.5 0
      vertex 189.79028467833996 10.456940338015556 0
    endloop
  endfacet
  facet normal 0 0 -1
    outer loop
      vertex 189.79028467833996 10.456940338015556 0
      vertex 194.99999999254942 15.5 0
      vertex 189.88268343359232 10.423879534006119 0
    endloop
  endfacet
  facet normal 0 0 -1
    outer loop
      vertex 189.97139673680067 10.381921261548996 0
      vertex 194.99999999254942 15.5 0
      vertex 190.05557022988796 10.331469610333443 0
    endloop
  endfacet
  facet normal 0 0 -1
    outer loop
      vertex 190.05557022988796 10.331469610333443 0
      vertex 194.99999999254942 15.5 0
      vertex 190.13439328223467 10.273010455071926 0
    endloop
  endfacet
  facet normal 0 0 -1
    outer loop
      vertex 190.2071067839861 10.207106783986092 0
      vertex 190.13439328223467 10.273010455071926 0
      vertex 194.99999999254942 15.5 0
    endloop
  endfacet
  facet normal 0 0 -1
    outer loop
      vertex 189.97139673680067 10.381921261548996 0
      vertex 189.88268343359232 10.423879534006119 0
      vertex 194.99999999254942 15.5 0
    endloop
  endfacet
  facet normal 0 1 0
    outer loop
      vertex 194.99999999254942 15.5 0
      vertex 184.91477333009243 15.5 7.276631109416485
      vertex 186.54472000151873 15.5 6.180799998342991
    endloop
  endfacet
  facet normal 0 1 0
    outer loop
      vertex 194.99999999254942 15.5 0
      vertex 186.54472000151873 15.5 6.180799998342991
      vertex 191.13976000249386 15.5 6.180799998342991
    endloop
  endfacet
  facet normal 0 1 0
    outer loop
      vertex 194.99999999254942 15.5 0
      vertex 191.13976000249386 15.5 6.180799998342991
      vertex 191.13976000249386 15.5 7.314640000462532
    endloop
  endfacet
  facet normal 0 0 -1
    outer loop
      vertex 190.2071067839861 10.207106783986092 0
      vertex 194.99999999254942 15.5 0
      vertex 196.5 13.99999999254942 0
    endloop
  endfacet
  facet normal 0 1 0
    outer loop
      vertex 194.99999999254942 15.5 0
      vertex 191.13976000249386 15.5 7.314640000462532
      vertex 191.1890755519271 15.5 9.76132345944643
    endloop
  endfacet
  facet normal 0 1 0
    outer loop
      vertex 194.99999999254942 15.5 0
      vertex 191.1890755519271 15.5 9.76132345944643
      vertex 191.29399999976158 15.5 9.942151114344597
    endloop
  endfacet
  facet normal 0 1 0
    outer loop
      vertex 194.99999999254942 15.5 0
      vertex 191.29399999976158 15.5 9.942151114344597
      vertex 191.38278222084045 15.5 10.135036051273346
    endloop
  endfacet
  facet normal 0 1 0
    outer loop
      vertex 187.92815999686718 15.5 7.314640000462532
      vertex 189.1867199987173 15.5 8.757679998874664
      vertex 191.13976000249386 15.5 7.314640000462532
    endloop
  endfacet
  facet normal 0 1 0
    outer loop
      vertex 187.92815999686718 15.5 7.314640000462532
      vertex 189.00569086521864 15.5 8.763707652688026
      vertex 189.1867199987173 15.5 8.757679998874664
    endloop
  endfacet
  facet normal 0 1 0
    outer loop
      vertex 191.13976000249386 15.5 7.314640000462532
      vertex 189.1867199987173 15.5 8.757679998874664
      vertex 189.4236395061016 15.5 8.766052342951298
    endloop
  endfacet
  facet normal 0 1 0
    outer loop
      vertex 191.13976000249386 15.5 7.314640000462532
      vertex 189.4236395061016 15.5 8.766052342951298
      vertex 189.64977580308914 15.5 8.791169382631779
    endloop
  endfacet
  facet normal 0 1 0
    outer loop
      vertex 191.13976000249386 15.5 7.314640000462532
      vertex 189.64977580308914 15.5 8.791169382631779
      vertex 189.8651288896799 15.5 8.833031110465527
    endloop
  endfacet
  facet normal 0 1 0
    outer loop
      vertex 191.13976000249386 15.5 7.314640000462532
      vertex 189.8651288896799 15.5 8.833031110465527
      vertex 190.0696987658739 15.5 8.891637533903122
    endloop
  endfacet
  facet normal 0 1 0
    outer loop
      vertex 191.13976000249386 15.5 7.314640000462532
      vertex 190.0696987658739 15.5 8.891637533903122
      vertex 190.26348543167114 15.5 8.966988645493984
    endloop
  endfacet
  facet normal 0 1 0
    outer loop
      vertex 191.13976000249386 15.5 7.314640000462532
      vertex 190.26348543167114 15.5 8.966988645493984
      vertex 190.4464888870716 15.5 9.059084445238113
    endloop
  endfacet
  facet normal 0 1 0
    outer loop
      vertex 191.13976000249386 15.5 7.314640000462532
      vertex 190.4464888870716 15.5 9.059084445238113
      vertex 190.6187091395259 15.5 9.16792494058609
    endloop
  endfacet
  facet normal 0 1 0
    outer loop
      vertex 191.13976000249386 15.5 7.314640000462532
      vertex 190.6187091395259 15.5 9.16792494058609
      vertex 190.78014617413282 15.5 9.293510124087334
    endloop
  endfacet
  facet normal 0 1 0
    outer loop
      vertex 191.13976000249386 15.5 7.314640000462532
      vertex 190.78014617413282 15.5 9.293510124087334
      vertex 190.930799998343 15.5 9.435840003192425
    endloop
  endfacet
  facet normal 0 1 0
    outer loop
      vertex 191.13976000249386 15.5 7.314640000462532
      vertex 190.930799998343 15.5 9.435840003192425
      vertex 191.06800889223814 15.5 9.592553086578846
    endloop
  endfacet
  facet normal 0 1 0
    outer loop
      vertex 191.13976000249386 15.5 7.314640000462532
      vertex 191.06800889223814 15.5 9.592553086578846
      vertex 191.1890755519271 15.5 9.76132345944643
    endloop
  endfacet
  facet normal 0 1 0
    outer loop
      vertex 194.99999999254942 15.5 0
      vertex 191.38278222084045 15.5 10.135036051273346
      vertex 191.4554222226143 15.5 10.339978270232677
    endloop
  endfacet
  facet normal 0 1 0
    outer loop
      vertex 194.99999999254942 15.5 0
      vertex 191.4554222226143 15.5 10.339978270232677
      vertex 191.5119199976325 15.5 10.556977778673172
    endloop
  endfacet
  facet normal 0 1 0
    outer loop
      vertex 194.99999999254942 15.5 0
      vertex 191.5119199976325 15.5 10.556977778673172
      vertex 191.55227555334568 15.5 10.786034569144249
    endloop
  endfacet
  facet normal 0 1 0
    outer loop
      vertex 194.99999999254942 15.5 0
      vertex 191.55227555334568 15.5 10.786034569144249
      vertex 191.57648888975382 15.5 11.027148641645908
    endloop
  endfacet
  facet normal 0 1 0
    outer loop
      vertex 194.99999999254942 15.5 0
      vertex 191.57648888975382 15.5 11.027148641645908
      vertex 191.58455999940634 15.5 11.28032000362873
    endloop
  endfacet
  facet normal 0.7071067811865475 0.7071067811865475 0
    outer loop
      vertex 196.5 13.99999999254942 0
      vertex 194.99999999254942 15.5 0
      vertex 196.5 13.99999999254942 20
    endloop
  endfacet
  facet normal 0 1 0
    outer loop
      vertex 194.99999999254942 15.5 0
      vertex 191.58455999940634 15.5 11.28032000362873
      vertex 191.57521679252386 15.5 11.544236049056053
    endloop
  endfacet
  facet normal 0 -1 0
    outer loop
      vertex 189.5 10.5 0
      vertex 189.5 10.5 20
      vertex 181.75 10.5 18.5
    endloop
  endfacet
  facet normal 0 -1 0
    outer loop
      vertex 189.5 10.5 20
      vertex 180.25 10.5 20
      vertex 181.75 10.5 18.5
    endloop
  endfacet
  facet normal 0 1 0
    outer loop
      vertex 181.8463200032711 15.5 10.349919997155666
      vertex 183.77932246774435 15.5 11.226229138672352
      vertex 181.91631703823805 15.5 10.282171852886677
    endloop
  endfacet
  facet normal 0 1 0
    outer loop
      vertex 181.91631703823805 15.5 10.282171852886677
      vertex 183.77932246774435 15.5 11.226229138672352
      vertex 181.9912681505084 15.5 10.222394071519375
    endloop
  endfacet
  facet normal 0 1 0
    outer loop
      vertex 181.9912681505084 15.5 10.222394071519375
      vertex 183.77932246774435 15.5 11.226229138672352
      vertex 182.0711733326316 15.5 10.170586667954922
    endloop
  endfacet
  facet normal 0 1 0
    outer loop
      vertex 182.0711733326316 15.5 10.170586667954922
      vertex 183.77932246774435 15.5 11.226229138672352
      vertex 182.15603259205818 15.5 10.126749627292156
    endloop
  endfacet
  facet normal 0 1 0
    outer loop
      vertex 181.78256790339947 15.5 10.424232095479965
      vertex 183.77932246774435 15.5 11.226229138672352
      vertex 181.8463200032711 15.5 10.349919997155666
    endloop
  endfacet
  facet normal 0 1 0
    outer loop
      vertex 181.67756444215775 15.5 10.588328890502453
      vertex 183.77932246774435 15.5 11.226229138672352
      vertex 181.72631604969501 15.5 10.503701731562614
    endloop
  endfacet
  facet normal 0 1 0
    outer loop
      vertex 181.72631604969501 15.5 10.503701731562614
      vertex 183.77932246774435 15.5 11.226229138672352
      vertex 181.78256790339947 15.5 10.424232095479965
    endloop
  endfacet
  facet normal 0 1 0
    outer loop
      vertex 181.60256197303534 15.5 10.773055799305439
      vertex 183.77932246774435 15.5 11.226229138672352
      vertex 181.63631308823824 15.5 10.678113579750061
    endloop
  endfacet
  facet normal 0 1 0
    outer loop
      vertex 181.63631308823824 15.5 10.678113579750061
      vertex 183.77932246774435 15.5 11.226229138672352
      vertex 181.67756444215775 15.5 10.588328890502453
    endloop
  endfacet
  facet normal 0 1 0
    outer loop
      vertex 181.5763111114502 15.5 10.873155556619167
      vertex 183.77932246774435 15.5 11.226229138672352
      vertex 181.60256197303534 15.5 10.773055799305439
    endloop
  endfacet
  facet normal 0 1 0
    outer loop
      vertex 181.55756049603224 15.5 10.978412836790085
      vertex 183.77932246774435 15.5 11.226229138672352
      vertex 181.5763111114502 15.5 10.873155556619167
    endloop
  endfacet
  facet normal 0 1 0
    outer loop
      vertex 181.54631012678146 15.5 11.088827654719353
      vertex 183.77932246774435 15.5 11.226229138672352
      vertex 181.55756049603224 15.5 10.978412836790085
    endloop
  endfacet
  facet normal 0 1 0
    outer loop
      vertex 181.54631012678146 15.5 11.088827654719353
      vertex 181.54256000369787 15.5 11.20440000295639
      vertex 183.77932246774435 15.5 11.226229138672352
    endloop
  endfacet
  facet normal 0 1 0
    outer loop
      vertex 181.54256000369787 15.5 11.20440000295639
      vertex 181.54647802561522 15.5 11.349821232259274
      vertex 183.7830400019884 15.5 11.367119997739792
    endloop
  endfacet
  facet normal 0 1 0
    outer loop
      vertex 181.55823209881783 15.5 11.489551603794098
      vertex 183.7830400019884 15.5 11.367119997739792
      vertex 181.54647802561522 15.5 11.349821232259274
    endloop
  endfacet
  facet normal 0 1 0
    outer loop
      vertex 181.55823209881783 15.5 11.489551603794098
      vertex 181.5778222233057 15.5 11.623591110110283
      vertex 183.77949037402868 15.5 11.507136791944504
    endloop
  endfacet
  facet normal 0 1 0
    outer loop
      vertex 181.5778222233057 15.5 11.623591110110283
      vertex 181.60524839162827 15.5 11.751939751207829
      vertex 183.76884148269892 15.5 11.640253826975822
    endloop
  endfacet
  facet normal 0 1 0
    outer loop
      vertex 181.64051061868668 15.5 11.874597534537315
      vertex 183.76884148269892 15.5 11.640253826975822
      vertex 181.60524839162827 15.5 11.751939751207829
    endloop
  endfacet
  facet normal 0 1 0
    outer loop
      vertex 181.68360888957977 15.5 11.991564445197582
      vertex 183.7510933354497 15.5 11.766471110284328
      vertex 181.64051061868668 15.5 11.874597534537315
    endloop
  endfacet
  facet normal 0 1 0
    outer loop
      vertex 181.73454321175814 15.5 12.10284049063921
      vertex 183.7510933354497 15.5 11.766471110284328
      vertex 181.68360888957977 15.5 11.991564445197582
    endloop
  endfacet
  facet normal 0 1 0
    outer loop
      vertex 181.7933135777712 15.5 12.208425678312778
      vertex 183.7510933354497 15.5 11.766471110284328
      vertex 181.73454321175814 15.5 12.10284049063921
    endloop
  endfacet
  facet normal 0 1 0
    outer loop
      vertex 181.85992000252008 15.5 12.308320000767708
      vertex 183.72624592483044 15.5 11.885788641870022
      vertex 181.7933135777712 15.5 12.208425678312778
    endloop
  endfacet
  facet normal 0 1 0
    outer loop
      vertex 181.93288888782263 15.5 12.399977281689644
      vertex 183.69429925829172 15.5 11.998206421732903
      vertex 181.85992000252008 15.5 12.308320000767708
    endloop
  endfacet
  facet normal 0 1 0
    outer loop
      vertex 181.93288888782263 15.5 12.399977281689644
      vertex 182.01074666529894 15.5 12.480851359665394
      vertex 183.69429925829172 15.5 11.998206421732903
    endloop
  endfacet
  facet normal 0 1 0
    outer loop
      vertex 182.01074666529894 15.5 12.480851359665394
      vertex 182.09349333494902 15.5 12.550942219793797
      vertex 183.69429925829172 15.5 11.998206421732903
    endloop
  endfacet
  facet normal 0 1 0
    outer loop
      vertex 182.09349333494902 15.5 12.550942219793797
      vertex 182.18112888932228 15.5 12.610249876976013
      vertex 183.69429925829172 15.5 11.998206421732903
    endloop
  endfacet
  facet normal 0 1 0
    outer loop
      vertex 183.69429925829172 15.5 11.998206421732903
      vertex 182.18112888932228 15.5 12.610249876976013
      vertex 182.2736533358693 15.5 12.658774323761463
    endloop
  endfacet
  facet normal 0 1 0
    outer loop
      vertex 182.9804444462061 15.5 10.065395556390285
      vertex 183.54511802643538 15.5 10.451935805380344
      vertex 183.0779249370098 15.5 10.095165431499481
    endloop
  endfacet
  facet normal 0 1 0
    outer loop
      vertex 182.76880197227 15.5 10.031372837722301
      vertex 183.69010172784328 15.5 10.73835950344801
      vertex 182.87740346044302 15.5 10.044131360948086
    endloop
  endfacet
  facet normal 0 1 0
    outer loop
      vertex 182.87740346044302 15.5 10.044131360948086
      vertex 183.64920888841152 15.5 10.635315552353859
      vertex 182.9804444462061 15.5 10.065395556390285
    endloop
  endfacet
  facet normal 0 1 0
    outer loop
      vertex 182.24584592878819 15.5 10.09088296443224
      vertex 183.77932246774435 15.5 11.226229138672352
      vertex 182.34061333537102 15.5 10.06298666447401
    endloop
  endfacet
  facet normal 0 1 0
    outer loop
      vertex 182.34061333537102 15.5 10.06298666447401
      vertex 183.77932246774435 15.5 11.226229138672352
      vertex 182.44033481180668 15.5 10.04306074231863
    endloop
  endfacet
  facet normal 0 1 0
    outer loop
      vertex 182.44033481180668 15.5 10.04306074231863
      vertex 183.77932246774435 15.5 11.226229138672352
      vertex 182.54501037299633 15.5 10.031105183064938
    endloop
  endfacet
  facet normal 0 1 0
    outer loop
      vertex 182.15603259205818 15.5 10.126749627292156
      vertex 183.77932246774435 15.5 11.226229138672352
      vertex 182.24584592878819 15.5 10.09088296443224
    endloop
  endfacet
  facet normal 0 1 0
    outer loop
      vertex 182.65463999658823 15.5 10.027120001614094
      vertex 183.76816987991333 15.5 11.092907652258873
      vertex 182.76880197227 15.5 10.031372837722301
    endloop
  endfacet
  facet normal 0 1 0
    outer loop
      vertex 182.54501037299633 15.5 10.031105183064938
      vertex 183.77932246774435 15.5 11.226229138672352
      vertex 182.65463999658823 15.5 10.027120001614094
    endloop
  endfacet
  facet normal 0 1 0
    outer loop
      vertex 183.0779249370098 15.5 10.095165431499481
      vertex 183.4819199964404 15.5 10.3716000020504
      vertex 183.16984494030476 15.5 10.133440986275673
    endloop
  endfacet
  facet normal 0 1 0
    outer loop
      vertex 183.16984494030476 15.5 10.133440986275673
      vertex 183.41224197298288 15.5 10.299301728606224
      vertex 183.25620444118977 15.5 10.18022222071886
    endloop
  endfacet
  facet normal 0 1 0
    outer loop
      vertex 183.25620444118977 15.5 10.18022222071886
      vertex 183.41224197298288 15.5 10.299301728606224
      vertex 183.337003454566 15.5 10.235509134829044
    endloop
  endfacet
  facet normal 0 1 0
    outer loop
      vertex 183.16984494030476 15.5 10.133440986275673
      vertex 183.4819199964404 15.5 10.3716000020504
      vertex 183.41224197298288 15.5 10.299301728606224
    endloop
  endfacet
  facet normal 0 1 0
    outer loop
      vertex 183.0779249370098 15.5 10.095165431499481
      vertex 183.54511802643538 15.5 10.451935805380344
      vertex 183.4819199964404 15.5 10.3716000020504
    endloop
  endfacet
  facet normal 0 1 0
    outer loop
      vertex 182.9804444462061 15.5 10.065395556390285
      vertex 183.60088098794222 15.5 10.53984098881483
      vertex 183.54511802643538 15.5 10.451935805380344
    endloop
  endfacet
  facet normal 0 1 0
    outer loop
      vertex 182.9804444462061 15.5 10.065395556390285
      vertex 183.64920888841152 15.5 10.635315552353859
      vertex 183.60088098794222 15.5 10.53984098881483
    endloop
  endfacet
  facet normal 0 1 0
    outer loop
      vertex 183.69010172784328 15.5 10.73835950344801
      vertex 182.76880197227 15.5 10.031372837722301
      vertex 183.7235595062375 15.5 10.848972842097282
    endloop
  endfacet
  facet normal 0 1 0
    outer loop
      vertex 182.87740346044302 15.5 10.044131360948086
      vertex 183.69010172784328 15.5 10.73835950344801
      vertex 183.64920888841152 15.5 10.635315552353859
    endloop
  endfacet
  facet normal 0 1 0
    outer loop
      vertex 183.7235595062375 15.5 10.848972842097282
      vertex 182.76880197227 15.5 10.031372837722301
      vertex 183.7495822235942 15.5 10.967155553400517
    endloop
  endfacet
  facet normal 0 1 0
    outer loop
      vertex 183.7495822235942 15.5 10.967155553400517
      vertex 182.76880197227 15.5 10.031372837722301
      vertex 183.76816987991333 15.5 11.092907652258873
    endloop
  endfacet
  facet normal 0 1 0
    outer loop
      vertex 182.65463999658823 15.5 10.027120001614094
      vertex 183.77932246774435 15.5 11.226229138672352
      vertex 183.76816987991333 15.5 11.092907652258873
    endloop
  endfacet
  facet normal 0 1 0
    outer loop
      vertex 181.54256000369787 15.5 11.20440000295639
      vertex 183.7830400019884 15.5 11.367119997739792
      vertex 183.77932246774435 15.5 11.226229138672352
    endloop
  endfacet
  facet normal 0 1 0
    outer loop
      vertex 181.55823209881783 15.5 11.489551603794098
      vertex 183.77949037402868 15.5 11.507136791944504
      vertex 183.7830400019884 15.5 11.367119997739792
    endloop
  endfacet
  facet normal 0 1 0
    outer loop
      vertex 181.5778222233057 15.5 11.623591110110283
      vertex 183.76884148269892 15.5 11.640253826975822
      vertex 183.77949037402868 15.5 11.507136791944504
    endloop
  endfacet
  facet normal 0 1 0
    outer loop
      vertex 181.64051061868668 15.5 11.874597534537315
      vertex 183.7510933354497 15.5 11.766471110284328
      vertex 183.76884148269892 15.5 11.640253826975822
    endloop
  endfacet
  facet normal 0 1 0
    outer loop
      vertex 181.7933135777712 15.5 12.208425678312778
      vertex 183.72624592483044 15.5 11.885788641870022
      vertex 183.7510933354497 15.5 11.766471110284328
    endloop
  endfacet
  facet normal 0 1 0
    outer loop
      vertex 181.85992000252008 15.5 12.308320000767708
      vertex 183.69429925829172 15.5 11.998206421732903
      vertex 183.72624592483044 15.5 11.885788641870022
    endloop
  endfacet
  facet normal 0 1 0
    outer loop
      vertex 183.69429925829172 15.5 11.998206421732903
      vertex 182.2736533358693 15.5 12.658774323761463
      vertex 182.37106666713953 15.5 12.696515552699566
    endloop
  endfacet
  facet normal 0 1 0
    outer loop
      vertex 183.69429925829172 15.5 11.998206421732903
      vertex 182.37106666713953 15.5 12.696515552699566
      vertex 182.47336889058352 15.5 12.723473578691483
    endloop
  endfacet
  facet normal 0 1 0
    outer loop
      vertex 183.69429925829172 15.5 11.998206421732903
      vertex 182.47336889058352 15.5 12.723473578691483
      vertex 183.65525333583355 15.5 12.10372444242239
    endloop
  endfacet
  facet normal 0 1 0
    outer loop
      vertex 183.65525333583355 15.5 12.10372444242239
      vertex 182.5805599987507 15.5 12.739648394286633
      vertex 183.60910815000534 15.5 12.202342718839645
    endloop
  endfacet
  facet normal 0 1 0
    outer loop
      vertex 183.60910815000534 15.5 12.202342718839645
      vertex 182.69263999909163 15.5 12.745039999485016
      vertex 183.5558637008071 15.5 12.294061236083508
    endloop
  endfacet
  facet normal 0 1 0
    outer loop
      vertex 183.5558637008071 15.5 12.294061236083508
      vertex 182.80435160547495 15.5 12.740519508719444
      vertex 183.49552000313997 15.5 12.378880001604557
    endloop
  endfacet
  facet normal 0 1 0
    outer loop
      vertex 179.22568000108004 15.5 13.82463999837637
      vertex 181.66449382901192 15.5 13.746129386126995
      vertex 181.43393382430077 15.5 13.640947163105011
    endloop
  endfacet
  facet normal 0 1 0
    outer loop
      vertex 183.65525333583355 15.5 12.10372444242239
      vertex 182.47336889058352 15.5 12.723473578691483
      vertex 182.5805599987507 15.5 12.739648394286633
    endloop
  endfacet
  facet normal 0 1 0
    outer loop
      vertex 183.60910815000534 15.5 12.202342718839645
      vertex 182.5805599987507 15.5 12.739648394286633
      vertex 182.69263999909163 15.5 12.745039999485016
    endloop
  endfacet
  facet normal 0 1 0
    outer loop
      vertex 183.5558637008071 15.5 12.294061236083508
      vertex 182.69263999909163 15.5 12.745039999485016
      vertex 182.80435160547495 15.5 12.740519508719444
    endloop
  endfacet
  facet normal 0 1 0
    outer loop
      vertex 183.49552000313997 15.5 12.378880001604557
      vertex 182.80435160547495 15.5 12.740519508719444
      vertex 182.91043753176928 15.5 12.726958021521568
    endloop
  endfacet
  facet normal 0 1 0
    outer loop
      vertex 183.42881383001804 15.5 12.455728396773338
      vertex 182.91043753176928 15.5 12.726958021521568
      vertex 183.0108977779746 15.5 12.70435555279255
    endloop
  endfacet
  facet normal 0 1 0
    outer loop
      vertex 183.10573234409094 15.5 12.672712095081806
      vertex 183.35648197680712 15.5 12.523535802960396
      vertex 183.0108977779746 15.5 12.70435555279255
    endloop
  endfacet
  facet normal 0 1 0
    outer loop
      vertex 183.2785244435072 15.5 12.58230222016573
      vertex 183.10573234409094 15.5 12.672712095081806
      vertex 183.19494123756886 15.5 12.63202765583992
    endloop
  endfacet
  facet normal 0 1 0
    outer loop
      vertex 183.42881383001804 15.5 12.455728396773338
      vertex 183.0108977779746 15.5 12.70435555279255
      vertex 183.35648197680712 15.5 12.523535802960396
    endloop
  endfacet
  facet normal 0 1 0
    outer loop
      vertex 183.49552000313997 15.5 12.378880001604557
      vertex 182.91043753176928 15.5 12.726958021521568
      vertex 183.42881383001804 15.5 12.455728396773338
    endloop
  endfacet
  facet normal 0 1 0
    outer loop
      vertex 183.10573234409094 15.5 12.672712095081806
      vertex 183.2785244435072 15.5 12.58230222016573
      vertex 183.35648197680712 15.5 12.523535802960396
    endloop
  endfacet
  facet normal 0 1 0
    outer loop
      vertex 186.2789599969983 15.5 10.482799999415874
      vertex 185.04767110943794 15.5 10.041013330221176
      vertex 185.12870716303587 15.5 10.225991107523441
    endloop
  endfacet
  facet normal 0 1 0
    outer loop
      vertex 186.2789599969983 15.5 10.482799999415874
      vertex 185.12870716303587 15.5 10.225991107523441
      vertex 185.195009380579 15.5 10.422488890588284
    endloop
  endfacet
  facet normal 0 1 0
    outer loop
      vertex 186.2789599969983 15.5 10.482799999415874
      vertex 185.195009380579 15.5 10.422488890588284
      vertex 185.24657777696848 15.5 10.630506664514542
    endloop
  endfacet
  facet normal 0 1 0
    outer loop
      vertex 186.2789599969983 15.5 10.482799999415874
      vertex 185.24657777696848 15.5 10.630506664514542
      vertex 185.28341234475374 15.5 10.850044444203377
    endloop
  endfacet
  facet normal 0 1 0
    outer loop
      vertex 186.2789599969983 15.5 10.482799999415874
      vertex 185.28341234475374 15.5 10.850044444203377
      vertex 185.30551308393478 15.5 11.081102222204208
    endloop
  endfacet
  facet normal 0 1 0
    outer loop
      vertex 186.2789599969983 15.5 10.482799999415874
      vertex 185.30551308393478 15.5 11.081102222204208
      vertex 185.31288000196218 15.5 11.323679998517036
    endloop
  endfacet
  facet normal 0 1 0
    outer loop
      vertex 186.2789599969983 15.5 10.482799999415874
      vertex 185.31288000196218 15.5 11.323679998517036
      vertex 185.3044414818287 15.5 11.588436543941498
    endloop
  endfacet
  facet normal 0 1 0
    outer loop
      vertex 186.2789599969983 15.5 10.482799999415874
      vertex 185.3044414818287 15.5 11.588436543941498
      vertex 187.76535999774933 15.5 10.482799999415874
    endloop
  endfacet
  facet normal 0 1 0
    outer loop
      vertex 185.3044414818287 15.5 11.588436543941498
      vertex 185.27912592887878 15.5 11.840199507772923
      vertex 187.76535999774933 15.5 10.482799999415874
    endloop
  endfacet
  facet normal 0 1 0
    outer loop
      vertex 185.27912592887878 15.5 11.840199507772923
      vertex 185.2369333356619 15.5 12.07896889001131
      vertex 187.76535999774933 15.5 10.482799999415874
    endloop
  endfacet
  facet normal 0 1 0
    outer loop
      vertex 185.2369333356619 15.5 12.07896889001131
      vertex 186.0564799979329 15.5 11.915040001273155
      vertex 187.76535999774933 15.5 10.482799999415874
    endloop
  endfacet
  facet normal 0 1 0
    outer loop
      vertex 185.2369333356619 15.5 12.07896889001131
      vertex 186.09918715804815 15.5 12.127518028020859
      vertex 186.0564799979329 15.5 11.915040001273155
    endloop
  endfacet
  facet normal 0 1 0
    outer loop
      vertex 185.2369333356619 15.5 12.07896889001131
      vertex 186.15495308488607 15.5 12.328543208539486
      vertex 186.09918715804815 15.5 12.127518028020859
    endloop
  endfacet
  facet normal 0 1 0
    outer loop
      vertex 185.2369333356619 15.5 12.07896889001131
      vertex 186.22377777844667 15.5 12.518115557730198
      vertex 186.15495308488607 15.5 12.328543208539486
    endloop
  endfacet
  facet normal 0 1 0
    outer loop
      vertex 185.2369333356619 15.5 12.07896889001131
      vertex 186.30566123127937 15.5 12.696235060691833
      vertex 186.22377777844667 15.5 12.518115557730198
    endloop
  endfacet
  facet normal 0 1 0
    outer loop
      vertex 187.76535999774933 15.5 10.482799999415874
      vertex 188.40429333597422 15.5 10.044044442474842
      vertex 187.85744889080524 15.5 10.37920493632555
    endloop
  endfacet
  facet normal 0 1 0
    outer loop
      vertex 187.95529777556658 15.5 10.287797532975674
      vertex 187.85744889080524 15.5 10.37920493632555
      vertex 188.40429333597422 15.5 10.044044442474842
    endloop
  endfacet
  facet normal 0 1 0
    outer loop
      vertex 188.0589066669345 15.5 10.208577774465084
      vertex 188.40429333597422 15.5 10.044044442474842
      vertex 188.1682755574584 15.5 10.141545675694942
    endloop
  endfacet
  facet normal 0 1 0
    outer loop
      vertex 188.1682755574584 15.5 10.141545675694942
      vertex 188.40429333597422 15.5 10.044044442474842
      vertex 188.2834044471383 15.5 10.086701236665249
    endloop
  endfacet
  facet normal 0 1 0
    outer loop
      vertex 188.0589066669345 15.5 10.208577774465084
      vertex 187.95529777556658 15.5 10.287797532975674
      vertex 188.40429333597422 15.5 10.044044442474842
    endloop
  endfacet
  facet normal 0 1 0
    outer loop
      vertex 187.76535999774933 15.5 10.482799999415874
      vertex 188.53094222396612 15.5 10.013575308024883
      vertex 188.40429333597422 15.5 10.044044442474842
    endloop
  endfacet
  facet normal 0 1 0
    outer loop
      vertex 187.76535999774933 15.5 10.482799999415874
      vertex 188.66335111111403 15.5 9.995293825864792
      vertex 188.53094222396612 15.5 10.013575308024883
    endloop
  endfacet
  facet normal 0 1 0
    outer loop
      vertex 188.80151999741793 15.5 9.989200003445148
      vertex 188.66335111111403 15.5 9.995293825864792
      vertex 187.76535999774933 15.5 10.482799999415874
    endloop
  endfacet
  facet normal 0 1 0
    outer loop
      vertex 188.92615900933743 15.5 9.993654318153858
      vertex 188.80151999741793 15.5 9.989200003445148
      vertex 187.76535999774933 15.5 10.482799999415874
    endloop
  endfacet
  facet normal 0 1 0
    outer loop
      vertex 188.92615900933743 15.5 9.993654318153858
      vertex 187.76535999774933 15.5 10.482799999415874
      vertex 189.0445027127862 15.5 10.00701728463173
    endloop
  endfacet
  facet normal 0 1 0
    outer loop
      vertex 187.76535999774933 15.5 10.482799999415874
      vertex 186.0564799979329 15.5 11.915040001273155
      vertex 187.5809599980712 15.5 11.790239997208118
    endloop
  endfacet
  facet normal 0 1 0
    outer loop
      vertex 187.76535999774933 15.5 10.482799999415874
      vertex 187.5809599980712 15.5 11.790239997208118
      vertex 187.60974419862032 15.5 11.895456790924072
    endloop
  endfacet
  facet normal 0 1 0
    outer loop
      vertex 187.76535999774933 15.5 10.482799999415874
      vertex 187.60974419862032 15.5 11.895456790924072
      vertex 187.6430834531784 15.5 11.994111604988575
    endloop
  endfacet
  facet normal 0 1 0
    outer loop
      vertex 187.76535999774933 15.5 10.482799999415874
      vertex 187.6430834531784 15.5 11.994111604988575
      vertex 187.6809777766466 15.5 12.086204446852207
    endloop
  endfacet
  facet normal 0 1 0
    outer loop
      vertex 187.76535999774933 15.5 10.482799999415874
      vertex 187.6809777766466 15.5 12.086204446852207
      vertex 187.72342716157436 15.5 12.171735309064388
    endloop
  endfacet
  facet normal 0 1 0
    outer loop
      vertex 187.76535999774933 15.5 10.482799999415874
      vertex 187.72342716157436 15.5 12.171735309064388
      vertex 187.77043160796165 15.5 12.250704199075699
    endloop
  endfacet
  facet normal 0 1 0
    outer loop
      vertex 187.76535999774933 15.5 10.482799999415874
      vertex 187.77043160796165 15.5 12.250704199075699
      vertex 187.8219911083579 15.5 12.323111109435558
    endloop
  endfacet
  facet normal 0 1 0
    outer loop
      vertex 187.76535999774933 15.5 10.482799999415874
      vertex 187.8219911083579 15.5 12.323111109435558
      vertex 187.87810567766428 15.5 12.388956047594547
    endloop
  endfacet
  facet normal 0 1 0
    outer loop
      vertex 187.76535999774933 15.5 10.482799999415874
      vertex 187.87810567766428 15.5 12.388956047594547
      vertex 187.9387753084302 15.5 12.448239013552666
    endloop
  endfacet
  facet normal 0 1 0
    outer loop
      vertex 187.76535999774933 15.5 10.482799999415874
      vertex 187.9387753084302 15.5 12.448239013552666
      vertex 188.00400000065565 15.5 12.500959999859333
    endloop
  endfacet
  facet normal 0 1 0
    outer loop
      vertex 187.76535999774933 15.5 10.482799999415874
      vertex 188.00400000065565 15.5 12.500959999859333
      vertex 188.07346172630787 15.5 12.547636546194553
    endloop
  endfacet
  facet normal 0 1 0
    outer loop
      vertex 187.76535999774933 15.5 10.482799999415874
      vertex 188.07346172630787 15.5 12.547636546194553
      vertex 188.14680691063404 15.5 12.588821731507778
    endloop
  endfacet
  facet normal 0 1 0
    outer loop
      vertex 187.76535999774933 15.5 10.482799999415874
      vertex 188.14680691063404 15.5 12.588821731507778
      vertex 188.22403555363417 15.5 12.624515555799007
    endloop
  endfacet
  facet normal 0 1 0
    outer loop
      vertex 187.76535999774933 15.5 10.482799999415874
      vertex 188.22403555363417 15.5 12.624515555799007
      vertex 188.30514765530825 15.5 12.654718026518822
    endloop
  endfacet
  facet normal 0 1 0
    outer loop
      vertex 187.76535999774933 15.5 10.482799999415874
      vertex 188.30514765530825 15.5 12.654718026518822
      vertex 188.3901432082057 15.5 12.67942913621664
    endloop
  endfacet
  facet normal 0 1 0
    outer loop
      vertex 187.76535999774933 15.5 10.482799999415874
      vertex 188.3901432082057 15.5 12.67942913621664
      vertex 188.4790222197771 15.5 12.698648892343044
    endloop
  endfacet
  facet normal 0 1 0
    outer loop
      vertex 187.76535999774933 15.5 10.482799999415874
      vertex 188.4790222197771 15.5 12.698648892343044
      vertex 188.57178469002247 15.5 12.712377287447453
    endloop
  endfacet
  facet normal 0 1 0
    outer loop
      vertex 187.76535999774933 15.5 10.482799999415874
      vertex 188.57178469002247 15.5 12.712377287447453
      vertex 188.66843061894178 15.5 12.720614321529865
    endloop
  endfacet
  facet normal 0 1 0
    outer loop
      vertex 187.76535999774933 15.5 10.482799999415874
      vertex 188.66843061894178 15.5 12.720614321529865
      vertex 188.76895999908447 15.5 12.723360002040863
    endloop
  endfacet
  facet normal 0 1 0
    outer loop
      vertex 187.76535999774933 15.5 10.482799999415874
      vertex 188.76895999908447 15.5 12.723360002040863
      vertex 188.892708145082 15.5 12.718873083591461
    endloop
  endfacet
  facet normal 0 1 0
    outer loop
      vertex 187.76535999774933 15.5 10.482799999415874
      vertex 188.892708145082 15.5 12.718873083591461
      vertex 189.01076148450375 15.5 12.705412343144417
    endloop
  endfacet
  facet normal 0 1 0
    outer loop
      vertex 185.2369333356619 15.5 12.07896889001131
      vertex 186.40060345828533 15.5 12.862901724874973
      vertex 186.30566123127937 15.5 12.696235060691833
    endloop
  endfacet
  facet normal 0 1 0
    outer loop
      vertex 185.2369333356619 15.5 12.07896889001131
      vertex 186.5086044445634 15.5 13.018115557730198
      vertex 186.40060345828533 15.5 12.862901724874973
    endloop
  endfacet
  facet normal 0 1 0
    outer loop
      vertex 185.2369333356619 15.5 12.07896889001131
      vertex 186.62966419756413 15.5 13.161876544356346
      vertex 186.5086044445634 15.5 13.018115557730198
    endloop
  endfacet
  facet normal 0 1 0
    outer loop
      vertex 185.2369333356619 15.5 12.07896889001131
      vertex 186.76378271728754 15.5 13.294184692203999
      vertex 186.62966419756413 15.5 13.161876544356346
    endloop
  endfacet
  facet normal 0 1 0
    outer loop
      vertex 185.2369333356619 15.5 12.07896889001131
      vertex 186.91095999628305 15.5 13.415040001273155
      vertex 186.76378271728754 15.5 13.294184692203999
    endloop
  endfacet
  facet normal 0 1 0
    outer loop
      vertex 194.99999999254942 15.5 20
      vertex 185.2369333356619 15.5 12.07896889001131
      vertex 185.177863702178 15.5 12.304744690656662
    endloop
  endfacet
  facet normal 0 1 0
    outer loop
      vertex 194.99999999254942 15.5 20
      vertex 185.177863702178 15.5 12.304744690656662
      vertex 185.1019170358777 15.5 12.517526917159557
    endloop
  endfacet
  facet normal 0 1 0
    outer loop
      vertex 170.25000000745058 15.5 20
      vertex 194.99999999254942 15.5 20
      vertex 183.4864977747202 15.5 13.855964444577694
    endloop
  endfacet
  facet normal 0 1 0
    outer loop
      vertex 194.99999999254942 15.5 20
      vertex 183.70912790298462 15.5 13.795954570174217
      vertex 183.4864977747202 15.5 13.855964444577694
    endloop
  endfacet
  facet normal 0 1 0
    outer loop
      vertex 194.99999999254942 15.5 20
      vertex 183.91889678686857 15.5 13.718799009919167
      vertex 183.70912790298462 15.5 13.795954570174217
    endloop
  endfacet
  facet normal 0 1 0
    outer loop
      vertex 194.99999999254942 15.5 20
      vertex 184.62935999780893 15.5 13.238719999790192
      vertex 184.4710360467434 15.5 13.384458273649216
    endloop
  endfacet
  facet normal 0 1 0
    outer loop
      vertex 194.99999999254942 15.5 20
      vertex 185.1019170358777 15.5 12.517526917159557
      vertex 185.009093336761 15.5 12.717315554618835
    endloop
  endfacet
  facet normal 0 1 0
    outer loop
      vertex 194.99999999254942 15.5 20
      vertex 185.009093336761 15.5 12.717315554618835
      vertex 184.89939258992672 15.5 12.904110617935658
    endloop
  endfacet
  facet normal 0 1 0
    outer loop
      vertex 194.99999999254942 15.5 20
      vertex 184.89939258992672 15.5 12.904110617935658
      vertex 184.7728148177266 15.5 13.077912099659443
    endloop
  endfacet
  facet normal 0 1 0
    outer loop
      vertex 194.99999999254942 15.5 20
      vertex 184.7728148177266 15.5 13.077912099659443
      vertex 184.62935999780893 15.5 13.238719999790192
    endloop
  endfacet
  facet normal 0 1 0
    outer loop
      vertex 194.99999999254942 15.5 20
      vertex 184.1158044412732 15.5 13.624497778713703
      vertex 183.91889678686857 15.5 13.718799009919167
    endloop
  endfacet
  facet normal 0 1 0
    outer loop
      vertex 194.99999999254942 15.5 20
      vertex 184.29985086619854 15.5 13.513050861656666
      vertex 184.1158044412732 15.5 13.624497778713703
    endloop
  endfacet
  facet normal 0 1 0
    outer loop
      vertex 194.99999999254942 15.5 20
      vertex 184.4710360467434 15.5 13.384458273649216
      vertex 184.29985086619854 15.5 13.513050861656666
    endloop
  endfacet
  facet normal 0 0 1
    outer loop
      vertex 170.25000000745058 15.5 20
      vertex 189.5 10.5 20
      vertex 194.99999999254942 15.5 20
    endloop
  endfacet
  facet normal -0.0490676704157047 -0.9987954563973426 0
    outer loop
      vertex 189.59801714122295 10.495184727013111 0
      vertex 189.59801714122295 10.495184727013111 20
      vertex 189.5 10.5 20
    endloop
  endfacet
  facet normal -0.9987954563973426 -0.0490676704157047 0
    outer loop
      vertex 190.5 9.5 0
      vertex 190.5 9.5 20
      vertex 190.4951847270131 9.598017141222954 20
    endloop
  endfacet
  facet normal -0.9891765097240051 -0.14673047607854156 0
    outer loop
      vertex 190.4951847270131 9.598017141222954 0
      vertex 190.4951847270131 9.598017141222954 20
      vertex 190.48078528046608 9.6950903236866 20
    endloop
  endfacet
  facet normal -0.9700312581757379 -0.24298016001722234 0
    outer loop
      vertex 190.48078528046608 9.6950903236866 0
      vertex 190.48078528046608 9.6950903236866 20
      vertex 190.45694033801556 9.790284678339958 20
    endloop
  endfacet
  facet normal -0.14673047607854156 -0.9891765097240051 0
    outer loop
      vertex 189.6950903236866 10.48078528046608 0
      vertex 189.6950903236866 10.48078528046608 20
      vertex 189.59801714122295 10.495184727013111 20
    endloop
  endfacet
  facet normal -0.24298016001722234 -0.9700312581757379 0
    outer loop
      vertex 189.79028467833996 10.456940338015556 0
      vertex 189.79028467833996 10.456940338015556 20
      vertex 189.6950903236866 10.48078528046608 20
    endloop
  endfacet
  facet normal -0.3368898600571533 -0.9415440627982695 0
    outer loop
      vertex 189.88268343359232 10.423879534006119 0
      vertex 189.88268343359232 10.423879534006119 20
      vertex 189.79028467833996 10.456940338015556 20
    endloop
  endfacet
  facet normal -0.42755513412222684 -0.9039892738775857 0
    outer loop
      vertex 189.97139673680067 10.381921261548996 0
      vertex 189.97139673680067 10.381921261548996 20
      vertex 189.88268343359232 10.423879534006119 20
    endloop
  endfacet
  facet normal -0.5141027519268606 -0.8577286053649072 0
    outer loop
      vertex 190.05557022988796 10.331469610333443 0
      vertex 190.05557022988796 10.331469610333443 20
      vertex 189.97139673680067 10.381921261548996 20
    endloop
  endfacet
  facet normal -0.8032075537634112 -0.5956992744475998 0
    outer loop
      vertex 190.33146961033344 10.055570229887962 0
      vertex 190.33146961033344 10.055570229887962 20
      vertex 190.27301045507193 10.134393282234669 20
    endloop
  endfacet
  facet normal -0.9415440627982695 -0.3368898600571533 0
    outer loop
      vertex 190.45694033801556 9.790284678339958 0
      vertex 190.45694033801556 9.790284678339958 20
      vertex 190.42387953400612 9.88268343359232 20
    endloop
  endfacet
  facet normal -0.9039892738775857 -0.42755513412222684 0
    outer loop
      vertex 190.42387953400612 9.88268343359232 0
      vertex 190.42387953400612 9.88268343359232 20
      vertex 190.381921261549 9.97139673680067 20
    endloop
  endfacet
  facet normal -0.8577286053649072 -0.5141027519268606 0
    outer loop
      vertex 190.381921261549 9.97139673680067 0
      vertex 190.381921261549 9.97139673680067 20
      vertex 190.33146961033344 10.055570229887962 20
    endloop
  endfacet
  facet normal -0.6715589247713109 -0.7409511526139902 0
    outer loop
      vertex 190.2071067839861 10.207106783986092 0
      vertex 190.2071067839861 10.207106783986092 20
      vertex 190.13439328223467 10.273010455071926 20
    endloop
  endfacet
  facet normal -0.5956992744475998 -0.8032075537634112 0
    outer loop
      vertex 190.13439328223467 10.273010455071926 0
      vertex 190.13439328223467 10.273010455071926 20
      vertex 190.05557022988796 10.331469610333443 20
    endloop
  endfacet
  facet normal -0.7409511526139902 -0.6715589247713109 0
    outer loop
      vertex 190.27301045507193 10.134393282234669 0
      vertex 190.27301045507193 10.134393282234669 20
      vertex 190.2071067839861 10.207106783986092 20
    endloop
  endfacet
  facet normal 1 0 0
    outer loop
      vertex 196.5 -4.799999982118607 20
      vertex 196.5 13.99999999254942 0
      vertex 196.5 13.99999999254942 20
    endloop
  endfacet
  facet normal 0 0 1
    outer loop
      vertex 190.5 0.7000000029802322 20
      vertex 196.5 13.99999999254942 20
      vertex 190.5 9.5 20
    endloop
  endfacet
  facet normal 0 1 0
    outer loop
      vertex 187.76535999774933 15.5 10.482799999415874
      vertex 189.15655110776424 15.5 10.0292888879776
      vertex 189.0445027127862 15.5 10.00701728463173
    endloop
  endfacet
  facet normal 0 1 0
    outer loop
      vertex 187.76535999774933 15.5 10.482799999415874
      vertex 189.26230419427156 15.5 10.060469135642052
      vertex 189.15655110776424 15.5 10.0292888879776
    endloop
  endfacet
  facet normal 0 1 0
    outer loop
      vertex 187.76535999774933 15.5 10.482799999415874
      vertex 189.36176197230816 15.5 10.100558027625084
      vertex 189.26230419427156 15.5 10.060469135642052
    endloop
  endfacet
  facet normal 0 1 0
    outer loop
      vertex 187.76535999774933 15.5 10.482799999415874
      vertex 189.45492444187403 15.5 10.149555556476116
      vertex 189.36176197230816 15.5 10.100558027625084
    endloop
  endfacet
  facet normal 0 1 0
    outer loop
      vertex 187.76535999774933 15.5 10.482799999415874
      vertex 189.54179160296917 15.5 10.207461729645729
      vertex 189.45492444187403 15.5 10.149555556476116
    endloop
  endfacet
  facet normal 0 1 0
    outer loop
      vertex 187.76535999774933 15.5 10.482799999415874
      vertex 189.6223634555936 15.5 10.274276539683342
      vertex 189.54179160296917 15.5 10.207461729645729
    endloop
  endfacet
  facet normal 0 1 0
    outer loop
      vertex 187.76535999774933 15.5 10.482799999415874
      vertex 189.69663999974728 15.5 10.350000001490116
      vertex 189.6223634555936 15.5 10.274276539683342
    endloop
  endfacet
  facet normal 0 1 0
    outer loop
      vertex 187.76535999774933 15.5 10.482799999415874
      vertex 189.76381728053093 15.5 10.433140739798546
      vertex 189.69663999974728 15.5 10.350000001490116
    endloop
  endfacet
  facet normal 0 1 0
    outer loop
      vertex 187.76535999774933 15.5 10.482799999415874
      vertex 189.8230913579464 15.5 10.522242963314056
      vertex 189.76381728053093 15.5 10.433140739798546
    endloop
  endfacet
  facet normal 0 1 0
    outer loop
      vertex 187.76535999774933 15.5 10.482799999415874
      vertex 189.8744622245431 15.5 10.617306664586067
      vertex 189.8230913579464 15.5 10.522242963314056
    endloop
  endfacet
  facet normal 0 1 0
    outer loop
      vertex 187.76535999774933 15.5 10.482799999415874
      vertex 189.91792987287045 15.5 10.718331851065159
      vertex 189.8744622245431 15.5 10.617306664586067
    endloop
  endfacet
  facet normal 0 1 0
    outer loop
      vertex 187.76535999774933 15.5 10.482799999415874
      vertex 189.9534943178296 15.5 10.82531851530075
      vertex 189.91792987287045 15.5 10.718331851065159
    endloop
  endfacet
  facet normal 0 1 0
    outer loop
      vertex 187.76535999774933 15.5 10.482799999415874
      vertex 189.98115555197 15.5 10.938266664743423
      vertex 189.9534943178296 15.5 10.82531851530075
    endloop
  endfacet
  facet normal 0 1 0
    outer loop
      vertex 187.76535999774933 15.5 10.482799999415874
      vertex 190.0009135827422 15.5 11.057176299393177
      vertex 189.98115555197 15.5 10.938266664743423
    endloop
  endfacet
  facet normal 0 1 0
    outer loop
      vertex 187.76535999774933 15.5 10.482799999415874
      vertex 190.01276839524508 15.5 11.18204740434885
      vertex 190.0009135827422 15.5 11.057176299393177
    endloop
  endfacet
  facet normal 0 1 0
    outer loop
      vertex 187.76535999774933 15.5 10.482799999415874
      vertex 190.01671999692917 15.5 11.312880001962185
      vertex 190.01276839524508 15.5 11.18204740434885
    endloop
  endfacet
  facet normal 0 1 0
    outer loop
      vertex 187.76535999774933 15.5 10.482799999415874
      vertex 190.01253432035446 15.5 11.460822716355324
      vertex 190.01671999692917 15.5 11.312880001962185
    endloop
  endfacet
  facet normal 0 1 0
    outer loop
      vertex 187.76535999774933 15.5 10.482799999415874
      vertex 189.99997728317976 15.5 11.600864194333553
      vertex 190.01253432035446 15.5 11.460822716355324
    endloop
  endfacet
  facet normal 0 1 0
    outer loop
      vertex 187.76535999774933 15.5 10.482799999415874
      vertex 189.74883653968573 15.5 12.275187157094479
      vertex 189.81162172555923 15.5 12.182553082704544
    endloop
  endfacet
  facet normal 0 1 0
    outer loop
      vertex 187.76535999774933 15.5 10.482799999415874
      vertex 189.6776800006628 15.5 12.359920002520084
      vertex 189.74883653968573 15.5 12.275187157094479
    endloop
  endfacet
  facet normal 0 1 0
    outer loop
      vertex 187.76535999774933 15.5 10.482799999415874
      vertex 189.42602666467428 15.5 12.56183110922575
      vertex 189.51560592651367 15.5 12.503501236438751
    endloop
  endfacet
  facet normal 0 1 0
    outer loop
      vertex 187.76535999774933 15.5 10.482799999415874
      vertex 189.51560592651367 15.5 12.503501236438751
      vertex 189.59949036687613 15.5 12.43619753420353
    endloop
  endfacet
  facet normal 0 1 0
    outer loop
      vertex 187.76535999774933 15.5 10.482799999415874
      vertex 189.59949036687613 15.5 12.43619753420353
      vertex 189.6776800006628 15.5 12.359920002520084
    endloop
  endfacet
  facet normal 0 1 0
    outer loop
      vertex 187.76535999774933 15.5 10.482799999415874
      vertex 189.94974913448095 15.5 11.857243455946445
      vertex 189.97904888540506 15.5 11.733004443347454
    endloop
  endfacet
  facet normal 0 1 0
    outer loop
      vertex 187.76535999774933 15.5 10.482799999415874
      vertex 189.97904888540506 15.5 11.733004443347454
      vertex 189.99997728317976 15.5 11.600864194333553
    endloop
  endfacet
  facet normal 0 1 0
    outer loop
      vertex 187.76535999774933 15.5 10.482799999415874
      vertex 189.91207802295685 15.5 11.973581232130527
      vertex 189.94974913448095 15.5 11.857243455946445
    endloop
  endfacet
  facet normal 0 1 0
    outer loop
      vertex 187.76535999774933 15.5 10.482799999415874
      vertex 189.86603555828333 15.5 12.08201777935028
      vertex 189.91207802295685 15.5 11.973581232130527
    endloop
  endfacet
  facet normal 0 1 0
    outer loop
      vertex 187.76535999774933 15.5 10.482799999415874
      vertex 189.81162172555923 15.5 12.182553082704544
      vertex 189.86603555828333 15.5 12.08201777935028
    endloop
  endfacet
  facet normal 0 1 0
    outer loop
      vertex 187.76535999774933 15.5 10.482799999415874
      vertex 189.12312000244856 15.5 12.68297778069973
      vertex 189.22978370636702 15.5 12.65156938135624
    endloop
  endfacet
  facet normal 0 1 0
    outer loop
      vertex 187.76535999774933 15.5 10.482799999415874
      vertex 189.01076148450375 15.5 12.705412343144417
      vertex 189.12312000244856 15.5 12.68297778069973
    endloop
  endfacet
  facet normal 0 1 0
    outer loop
      vertex 187.76535999774933 15.5 10.482799999415874
      vertex 189.22978370636702 15.5 12.65156938135624
      vertex 189.33075259625912 15.5 12.611187160015106
    endloop
  endfacet
  facet normal 0 1 0
    outer loop
      vertex 187.76535999774933 15.5 10.482799999415874
      vertex 189.33075259625912 15.5 12.611187160015106
      vertex 189.42602666467428 15.5 12.56183110922575
    endloop
  endfacet
  facet normal 0 1 0
    outer loop
      vertex 194.99999999254942 15.5 0
      vertex 191.57521679252386 15.5 11.544236049056053
      vertex 194.99999999254942 15.5 20
    endloop
  endfacet
  facet normal 0 1 0
    outer loop
      vertex 194.99999999254942 15.5 20
      vertex 191.57521679252386 15.5 11.544236049056053
      vertex 191.54718715697527 15.5 11.79589530825615
    endloop
  endfacet
  facet normal 0 1 0
    outer loop
      vertex 194.99999999254942 15.5 20
      vertex 191.54718715697527 15.5 11.79589530825615
      vertex 191.50047110766172 15.5 12.03529778122902
    endloop
  endfacet
  facet normal 0 1 0
    outer loop
      vertex 194.99999999254942 15.5 20
      vertex 191.50047110766172 15.5 12.03529778122902
      vertex 191.43506864458323 15.5 12.262443453073502
    endloop
  endfacet
  facet normal 0 1 0
    outer loop
      vertex 194.99999999254942 15.5 20
      vertex 191.43506864458323 15.5 12.262443453073502
      vertex 191.3509797528386 15.5 12.477332346141338
    endloop
  endfacet
  facet normal 0.7071067811865475 0.7071067811865475 0
    outer loop
      vertex 194.99999999254942 15.5 0
      vertex 194.99999999254942 15.5 20
      vertex 196.5 13.99999999254942 20
    endloop
  endfacet
  facet normal 0 0 1
    outer loop
      vertex 190.5 9.5 20
      vertex 196.5 13.99999999254942 20
      vertex 190.4951847270131 9.598017141222954 20
    endloop
  endfacet
  facet normal 0 0 1
    outer loop
      vertex 190.4951847270131 9.598017141222954 20
      vertex 196.5 13.99999999254942 20
      vertex 190.48078528046608 9.6950903236866 20
    endloop
  endfacet
  facet normal 0 0 1
    outer loop
      vertex 190.48078528046608 9.6950903236866 20
      vertex 196.5 13.99999999254942 20
      vertex 190.45694033801556 9.790284678339958 20
    endloop
  endfacet
  facet normal 0 0 1
    outer loop
      vertex 190.42387953400612 9.88268343359232 20
      vertex 196.5 13.99999999254942 20
      vertex 190.381921261549 9.97139673680067 20
    endloop
  endfacet
  facet normal 0 0 1
    outer loop
      vertex 190.381921261549 9.97139673680067 20
      vertex 196.5 13.99999999254942 20
      vertex 190.33146961033344 10.055570229887962 20
    endloop
  endfacet
  facet normal 0 0 1
    outer loop
      vertex 190.45694033801556 9.790284678339958 20
      vertex 196.5 13.99999999254942 20
      vertex 190.42387953400612 9.88268343359232 20
    endloop
  endfacet
  facet normal 0 0 1
    outer loop
      vertex 190.27301045507193 10.134393282234669 20
      vertex 190.33146961033344 10.055570229887962 20
      vertex 196.5 13.99999999254942 20
    endloop
  endfacet
  facet normal 0 0 1
    outer loop
      vertex 190.2071067839861 10.207106783986092 20
      vertex 190.27301045507193 10.134393282234669 20
      vertex 196.5 13.99999999254942 20
    endloop
  endfacet
  facet normal 0 0 1
    outer loop
      vertex 189.59801714122295 10.495184727013111 20
      vertex 189.6950903236866 10.48078528046608 20
      vertex 194.99999999254942 15.5 20
    endloop
  endfacet
  facet normal 0 0 1
    outer loop
      vertex 189.5 10.5 20
      vertex 189.59801714122295 10.495184727013111 20
      vertex 194.99999999254942 15.5 20
    endloop
  endfacet
  facet normal 0 0 1
    outer loop
      vertex 189.6950903236866 10.48078528046608 20
      vertex 189.79028467833996 10.456940338015556 20
      vertex 194.99999999254942 15.5 20
    endloop
  endfacet
  facet normal 0 0 1
    outer loop
      vertex 189.79028467833996 10.456940338015556 20
      vertex 189.88268343359232 10.423879534006119 20
      vertex 194.99999999254942 15.5 20
    endloop
  endfacet
  facet normal 0 0 1
    outer loop
      vertex 189.97139673680067 10.381921261548996 20
      vertex 190.05557022988796 10.331469610333443 20
      vertex 194.99999999254942 15.5 20
    endloop
  endfacet
  facet normal 0 0 1
    outer loop
      vertex 190.05557022988796 10.331469610333443 20
      vertex 190.13439328223467 10.273010455071926 20
      vertex 194.99999999254942 15.5 20
    endloop
  endfacet
  facet normal 0 0 1
    outer loop
      vertex 190.2071067839861 10.207106783986092 20
      vertex 194.99999999254942 15.5 20
      vertex 190.13439328223467 10.273010455071926 20
    endloop
  endfacet
  facet normal 0 0 1
    outer loop
      vertex 189.97139673680067 10.381921261548996 20
      vertex 194.99999999254942 15.5 20
      vertex 189.88268343359232 10.423879534006119 20
    endloop
  endfacet
  facet normal 0 1 0
    outer loop
      vertex 194.99999999254942 15.5 20
      vertex 186.91095999628305 15.5 13.415040001273155
      vertex 185.2369333356619 15.5 12.07896889001131
    endloop
  endfacet
  facet normal 0 1 0
    outer loop
      vertex 194.99999999254942 15.5 20
      vertex 187.07032592594624 15.5 13.523772843182087
      vertex 186.91095999628305 15.5 13.415040001273155
    endloop
  endfacet
  facet normal 0 1 0
    outer loop
      vertex 194.99999999254942 15.5 20
      vertex 187.24101036787033 15.5 13.619713582098484
      vertex 187.07032592594624 15.5 13.523772843182087
    endloop
  endfacet
  facet normal 0 1 0
    outer loop
      vertex 194.99999999254942 15.5 20
      vertex 187.4230133369565 15.5 13.702862225472927
      vertex 187.24101036787033 15.5 13.619713582098484
    endloop
  endfacet
  facet normal 0 1 0
    outer loop
      vertex 194.99999999254942 15.5 20
      vertex 187.61633481830359 15.5 13.773218765854836
      vertex 187.4230133369565 15.5 13.702862225472927
    endloop
  endfacet
  facet normal 0 1 0
    outer loop
      vertex 194.99999999254942 15.5 20
      vertex 187.82097481191158 15.5 13.83078321069479
      vertex 187.61633481830359 15.5 13.773218765854836
    endloop
  endfacet
  facet normal 0 1 0
    outer loop
      vertex 194.99999999254942 15.5 20
      vertex 188.03693333268166 15.5 13.87555555254221
      vertex 187.82097481191158 15.5 13.83078321069479
    endloop
  endfacet
  facet normal 0 1 0
    outer loop
      vertex 194.99999999254942 15.5 20
      vertex 188.26421037316322 15.5 13.907535798847675
      vertex 188.03693333268166 15.5 13.87555555254221
    endloop
  endfacet
  facet normal 0 1 0
    outer loop
      vertex 194.99999999254942 15.5 20
      vertex 188.5028059259057 15.5 13.926723949611187
      vertex 188.26421037316322 15.5 13.907535798847675
    endloop
  endfacet
  facet normal 0 1 0
    outer loop
      vertex 194.99999999254942 15.5 20
      vertex 188.75271999835968 15.5 13.933119997382164
      vertex 188.5028059259057 15.5 13.926723949611187
    endloop
  endfacet
  facet normal 0 1 0
    outer loop
      vertex 194.99999999254942 15.5 20
      vertex 189.03873086720705 15.5 13.924245923757553
      vertex 188.75271999835968 15.5 13.933119997382164
    endloop
  endfacet
  facet normal 0 1 0
    outer loop
      vertex 194.99999999254942 15.5 20
      vertex 189.5691644474864 15.5 13.853253334760666
      vertex 189.31087901443243 15.5 13.89762370288372
    endloop
  endfacet
  facet normal 0 1 0
    outer loop
      vertex 194.99999999254942 15.5 20
      vertex 189.81358715891838 15.5 13.791134811937809
      vertex 189.5691644474864 15.5 13.853253334760666
    endloop
  endfacet
  facet normal 0 1 0
    outer loop
      vertex 194.99999999254942 15.5 20
      vertex 189.31087901443243 15.5 13.89762370288372
      vertex 189.03873086720705 15.5 13.924245923757553
    endloop
  endfacet
  facet normal 0 1 0
    outer loop
      vertex 194.99999999254942 15.5 20
      vertex 190.6526508629322 15.5 13.365179255604744
      vertex 190.46367901563644 15.5 13.498290367424488
    endloop
  endfacet
  facet normal 0 1 0
    outer loop
      vertex 194.99999999254942 15.5 20
      vertex 191.3509797528386 15.5 12.477332346141338
      vertex 191.24820444732904 15.5 12.679964445531368
    endloop
  endfacet
  facet normal 0 1 0
    outer loop
      vertex 194.99999999254942 15.5 20
      vertex 191.12674271315336 15.5 12.870339751243591
      vertex 190.98659456521273 15.5 13.048458270728588
    endloop
  endfacet
  facet normal 0 1 0
    outer loop
      vertex 194.99999999254942 15.5 20
      vertex 191.24820444732904 15.5 12.679964445531368
      vertex 191.12674271315336 15.5 12.870339751243591
    endloop
  endfacet
  facet normal 0 1 0
    outer loop
      vertex 194.99999999254942 15.5 20
      vertex 190.98659456521273 15.5 13.048458270728588
      vertex 190.82776000350714 15.5 13.214319996535778
    endloop
  endfacet
  facet normal 0 1 0
    outer loop
      vertex 194.99999999254942 15.5 20
      vertex 190.82776000350714 15.5 13.214319996535778
      vertex 190.6526508629322 15.5 13.365179255604744
    endloop
  endfacet
  facet normal 0 1 0
    outer loop
      vertex 194.99999999254942 15.5 20
      vertex 190.2608444467187 15.5 13.61365333199501
      vertex 190.04414716362953 15.5 13.71126814931631
    endloop
  endfacet
  facet normal 0 1 0
    outer loop
      vertex 194.99999999254942 15.5 20
      vertex 190.04414716362953 15.5 13.71126814931631
      vertex 189.81358715891838 15.5 13.791134811937809
    endloop
  endfacet
  facet normal 0 1 0
    outer loop
      vertex 194.99999999254942 15.5 20
      vertex 190.46367901563644 15.5 13.498290367424488
      vertex 190.2608444467187 15.5 13.61365333199501
    endloop
  endfacet
  facet normal 0 0 1
    outer loop
      vertex 190.2071067839861 10.207106783986092 20
      vertex 196.5 13.99999999254942 20
      vertex 194.99999999254942 15.5 20
    endloop
  endfacet
  facet normal -0.5442317725090029 0 -0.8389349067667341
    outer loop
      vertex 174.11535999923944 16.1 7.423119999468327
      vertex 176.0304000005126 16.1 6.180799998342991
      vertex 174.11535999923944 15.5 7.423119999468327
    endloop
  endfacet
  facet normal 0 0 -1
    outer loop
      vertex 176.0304000005126 16.1 6.180799998342991
      vertex 177.47343999892473 16.1 6.180799998342991
      vertex 176.0304000005126 15.5 6.180799998342991
    endloop
  endfacet
  facet normal -0.5442317725090029 0 -0.8389349067667341
    outer loop
      vertex 176.0304000005126 16.1 6.180799998342991
      vertex 176.0304000005126 15.5 6.180799998342991
      vertex 174.11535999923944 15.5 7.423119999468327
    endloop
  endfacet
  facet normal 0 1 0
    outer loop
      vertex 174.11535999923944 16.1 7.423119999468327
      vertex 175.94895999878645 16.1 7.477360002696514
      vertex 176.0304000005126 16.1 6.180799998342991
    endloop
  endfacet
  facet normal 0 1 0
    outer loop
      vertex 176.0304000005126 16.1 6.180799998342991
      vertex 175.94895999878645 16.1 7.477360002696514
      vertex 177.47343999892473 16.1 6.180799998342991
    endloop
  endfacet
  facet normal -1 0 0
    outer loop
      vertex 174.11535999923944 16.1 7.423119999468327
      vertex 174.11535999923944 15.5 7.423119999468327
      vertex 174.11535999923944 15.5 8.622079998254776
    endloop
  endfacet
  facet normal 0 1 0
    outer loop
      vertex 174.11535999923944 16.1 7.423119999468327
      vertex 174.11535999923944 16.1 8.622079998254776
      vertex 175.94895999878645 16.1 7.477360002696514
    endloop
  endfacet
  facet normal -1 0 0
    outer loop
      vertex 174.11535999923944 16.1 7.423119999468327
      vertex 174.11535999923944 15.5 8.622079998254776
      vertex 174.11535999923944 16.1 8.622079998254776
    endloop
  endfacet
  facet normal 0.5295730513193802 0 0.8482643357564204
    outer loop
      vertex 174.11535999923944 16.1 8.622079998254776
      vertex 174.11535999923944 15.5 8.622079998254776
      vertex 175.94895999878645 15.5 7.477360002696514
    endloop
  endfacet
  facet normal 0.5295730513193802 -8.560233027539674e-17 0.8482643357564204
    outer loop
      vertex 174.11535999923944 16.1 8.622079998254776
      vertex 175.94895999878645 15.5 7.477360002696514
      vertex 175.94895999878645 16.1 7.477360002696514
    endloop
  endfacet
  facet normal -1 0 0
    outer loop
      vertex 175.94895999878645 16.1 7.477360002696514
      vertex 175.94895999878645 15.5 7.477360002696514
      vertex 175.94895999878645 15.5 12.690800003707409
    endloop
  endfacet
  facet normal 0 0 -1
    outer loop
      vertex 177.47343999892473 16.1 6.180799998342991
      vertex 177.47343999892473 15.5 6.180799998342991
      vertex 176.0304000005126 15.5 6.180799998342991
    endloop
  endfacet
  facet normal -0.8433838903681207 0 -0.5373114678354948
    outer loop
      vertex 180.67719999700785 16.1 7.100400000810623
      vertex 180.67719999700785 15.5 7.100400000810623
      vertex 180.52293234318495 15.5 7.342544198036194
    endloop
  endfacet
  facet normal -0.8909916034834118 0 -0.45401978208229943
    outer loop
      vertex 180.52293234318495 16.1 7.342544198036194
      vertex 180.52293234318495 15.5 7.342544198036194
      vertex 180.386813826859 15.5 7.609670124948025
    endloop
  endfacet
  facet normal -0.7850297760232343 0 -0.6194580298590944
    outer loop
      vertex 180.67719999700785 16.1 7.100400000810623
      vertex 180.84836246818304 16.1 6.883488394320011
      vertex 180.67719999700785 15.5 7.100400000810623
    endloop
  endfacet
  facet normal -0.8433838903681207 0 -0.5373114678354948
    outer loop
      vertex 180.67719999700785 16.1 7.100400000810623
      vertex 180.52293234318495 15.5 7.342544198036194
      vertex 180.52293234318495 16.1 7.342544198036194
    endloop
  endfacet
  facet normal 1 0 0
    outer loop
      vertex 177.47343999892473 16.1 6.180799998342991
      vertex 177.47343999892473 16.1 12.690800003707409
      vertex 177.47343999892473 15.5 6.180799998342991
    endloop
  endfacet
  facet normal 0 1 0
    outer loop
      vertex 175.94895999878645 16.1 7.477360002696514
      vertex 177.47343999892473 16.1 12.690800003707409
      vertex 177.47343999892473 16.1 6.180799998342991
    endloop
  endfacet
  facet normal -0.9538528588129083 0 -0.3002744140522838
    outer loop
      vertex 180.26884444803 16.1 7.901777774095535
      vertex 180.26884444803 15.5 7.901777774095535
      vertex 180.16902419924736 15.5 8.218867160379887
    endloop
  endfacet
  facet normal -0.9538528588129083 0 -0.3002744140522838
    outer loop
      vertex 180.26884444803 16.1 7.901777774095535
      vertex 180.16902419924736 15.5 8.218867160379887
      vertex 180.16902419924736 16.1 8.218867160379887
    endloop
  endfacet
  facet normal -0.9272387198910963 0 -0.37447076833141596
    outer loop
      vertex 180.386813826859 16.1 7.609670124948025
      vertex 180.386813826859 15.5 7.609670124948025
      vertex 180.26884444803 15.5 7.901777774095535
    endloop
  endfacet
  facet normal -0.8909916034834118 0 -0.45401978208229943
    outer loop
      vertex 180.52293234318495 16.1 7.342544198036194
      vertex 180.386813826859 15.5 7.609670124948025
      vertex 180.386813826859 16.1 7.609670124948025
    endloop
  endfacet
  facet normal -0.9272387198910963 0 -0.37447076833141596
    outer loop
      vertex 180.386813826859 16.1 7.609670124948025
      vertex 180.26884444803 15.5 7.901777774095535
      vertex 180.26884444803 16.1 7.901777774095535
    endloop
  endfacet
  facet normal -0.972661479405873 0 -0.2322275747622976
    outer loop
      vertex 180.16902419924736 16.1 8.218867160379887
      vertex 180.16902419924736 15.5 8.218867160379887
      vertex 180.08735308796167 15.5 8.560938268899918
    endloop
  endfacet
  facet normal -0.9853533943374758 0 -0.17052474385734978
    outer loop
      vertex 180.08735308796167 16.1 8.560938268899918
      vertex 180.08735308796167 15.5 8.560938268899918
      vertex 180.02383111417294 15.5 8.92799111455679
    endloop
  endfacet
  facet normal -0.972661479405873 0 -0.2322275747622976
    outer loop
      vertex 180.08735308796167 16.1 8.560938268899918
      vertex 180.16902419924736 16.1 8.218867160379887
      vertex 180.08735308796167 15.5 8.560938268899918
    endloop
  endfacet
  facet normal 0 1 0
    outer loop
      vertex 180.26884444803 16.1 7.901777774095535
      vertex 180.16902419924736 16.1 8.218867160379887
      vertex 181.58951999992132 16.1 8.363457776606083
    endloop
  endfacet
  facet normal 0 1 0
    outer loop
      vertex 180.08735308796167 16.1 8.560938268899918
      vertex 181.54200000315905 16.1 8.554541237652302
      vertex 180.16902419924736 16.1 8.218867160379887
    endloop
  endfacet
  facet normal -0.993369033996942 0 -0.1149693972150083
    outer loop
      vertex 180.02383111417294 16.1 8.92799111455679
      vertex 180.02383111417294 15.5 8.92799111455679
      vertex 179.97845827043056 15.5 9.32002568244934
    endloop
  endfacet
  facet normal -0.9853533943374758 0 -0.17052474385734978
    outer loop
      vertex 180.08735308796167 16.1 8.560938268899918
      vertex 180.02383111417294 15.5 8.92799111455679
      vertex 180.02383111417294 16.1 8.92799111455679
    endloop
  endfacet
  facet normal -0.993369033996942 0 -0.1149693972150083
    outer loop
      vertex 180.02383111417294 16.1 8.92799111455679
      vertex 179.97845827043056 15.5 9.32002568244934
      vertex 179.97845827043056 16.1 9.32002568244934
    endloop
  endfacet
  facet normal 0 1 0
    outer loop
      vertex 180.08735308796167 16.1 8.560938268899918
      vertex 180.02383111417294 16.1 8.92799111455679
      vertex 181.4728799983859 16.1 8.983724445104599
    endloop
  endfacet
  facet normal 0 1 0
    outer loop
      vertex 180.02383111417294 16.1 8.92799111455679
      vertex 179.97845827043056 16.1 9.32002568244934
      vertex 181.45127999782562 16.1 9.221824198961258
    endloop
  endfacet
  facet normal -0.9978759094583686 0 -0.06514345187840238
    outer loop
      vertex 179.97845827043056 16.1 9.32002568244934
      vertex 179.97845827043056 15.5 9.32002568244934
      vertex 179.95123456418514 15.5 9.737041972577572
    endloop
  endfacet
  facet normal -0.9997893102777511 0 -0.020526447679489655
    outer loop
      vertex 179.95123456418514 16.1 9.737041972577572
      vertex 179.95123456418514 15.5 9.737041972577572
      vertex 179.94216000288725 15.5 10.179039999842644
    endloop
  endfacet
  facet normal -0.9978759094583686 0 -0.06514345187840238
    outer loop
      vertex 179.97845827043056 16.1 9.32002568244934
      vertex 179.95123456418514 15.5 9.737041972577572
      vertex 179.95123456418514 16.1 9.737041972577572
    endloop
  endfacet
  facet normal 0 1 0
    outer loop
      vertex 179.97845827043056 16.1 9.32002568244934
      vertex 179.95123456418514 16.1 9.737041972577572
      vertex 181.43832000344992 16.1 9.47559604793787
    endloop
  endfacet
  facet normal 0 1 0
    outer loop
      vertex 179.95123456418514 16.1 9.737041972577572
      vertex 179.94216000288725 16.1 10.179039999842644
      vertex 181.43400000035763 16.1 9.745039999485016
    endloop
  endfacet
  facet normal -1 0 0
    outer loop
      vertex 175.94895999878645 16.1 7.477360002696514
      vertex 175.94895999878645 15.5 12.690800003707409
      vertex 175.94895999878645 16.1 12.690800003707409
    endloop
  endfacet
  facet normal 0 1 0
    outer loop
      vertex 175.94895999878645 16.1 7.477360002696514
      vertex 175.94895999878645 16.1 12.690800003707409
      vertex 177.47343999892473 16.1 12.690800003707409
    endloop
  endfacet
  facet normal -1 0 0
    outer loop
      vertex 174.0556799992919 16.1 12.690800003707409
      vertex 174.0556799992919 15.5 12.690800003707409
      vertex 174.0556799992919 15.5 13.82463999837637
    endloop
  endfacet
  facet normal 0 0 -1
    outer loop
      vertex 174.0556799992919 16.1 12.690800003707409
      vertex 175.94895999878645 16.1 12.690800003707409
      vertex 174.0556799992919 15.5 12.690800003707409
    endloop
  endfacet
  facet normal 0 1 0
    outer loop
      vertex 174.0556799992919 16.1 12.690800003707409
      vertex 174.0556799992919 16.1 13.82463999837637
      vertex 175.94895999878645 16.1 12.690800003707409
    endloop
  endfacet
  facet normal -1 0 0
    outer loop
      vertex 174.0556799992919 16.1 12.690800003707409
      vertex 174.0556799992919 15.5 13.82463999837637
      vertex 174.0556799992919 16.1 13.82463999837637
    endloop
  endfacet
  facet normal 0 0 -1
    outer loop
      vertex 175.94895999878645 16.1 12.690800003707409
      vertex 175.94895999878645 15.5 12.690800003707409
      vertex 174.0556799992919 15.5 12.690800003707409
    endloop
  endfacet
  facet normal 0 1 0
    outer loop
      vertex 174.0556799992919 16.1 13.82463999837637
      vertex 179.22568000108004 16.1 13.82463999837637
      vertex 175.94895999878645 16.1 12.690800003707409
    endloop
  endfacet
  facet normal 0 0 1
    outer loop
      vertex 174.0556799992919 16.1 13.82463999837637
      vertex 174.0556799992919 15.5 13.82463999837637
      vertex 179.22568000108004 15.5 13.82463999837637
    endloop
  endfacet
  facet normal 1 0 0
    outer loop
      vertex 177.47343999892473 16.1 12.690800003707409
      vertex 177.47343999892473 15.5 12.690800003707409
      vertex 177.47343999892473 15.5 6.180799998342991
    endloop
  endfacet
  facet normal -0.999753017945985 0 0.022223930973053873
    outer loop
      vertex 179.94216000288725 16.1 10.179039999842644
      vertex 179.94216000288725 15.5 10.179039999842644
      vertex 179.95110123604536 15.5 10.581265188753605
    endloop
  endfacet
  facet normal -0.9997893102777511 0 -0.020526447679489655
    outer loop
      vertex 179.95123456418514 16.1 9.737041972577572
      vertex 179.94216000288725 15.5 10.179039999842644
      vertex 179.94216000288725 16.1 10.179039999842644
    endloop
  endfacet
  facet normal -0.999753017945985 0 0.022223930973053873
    outer loop
      vertex 179.94216000288725 16.1 10.179039999842644
      vertex 179.95110123604536 15.5 10.581265188753605
      vertex 179.95110123604536 16.1 10.581265188753605
    endloop
  endfacet
  facet normal 0 1 0
    outer loop
      vertex 179.94216000288725 16.1 10.179039999842644
      vertex 179.95110123604536 16.1 10.581265188753605
      vertex 181.60256197303534 16.1 10.773055799305439
    endloop
  endfacet
  facet normal -0.9975133727611684 0 0.0704774514482352
    outer loop
      vertex 179.95110123604536 16.1 10.581265188753605
      vertex 179.95110123604536 15.5 10.581265188753605
      vertex 179.9779249355197 15.5 10.960918515920639
    endloop
  endfacet
  facet normal -0.9922535797315922 0 0.12422895600398819
    outer loop
      vertex 179.9779249355197 16.1 10.960918515920639
      vertex 179.9779249355197 15.5 10.960918515920639
      vertex 180.02263110876083 15.5 11.318000003695488
    endloop
  endfacet
  facet normal -0.9975133727611684 0 0.0704774514482352
    outer loop
      vertex 179.95110123604536 16.1 10.581265188753605
      vertex 179.9779249355197 15.5 10.960918515920639
      vertex 179.9779249355197 16.1 10.960918515920639
    endloop
  endfacet
  facet normal -0.9922535797315922 0 0.12422895600398819
    outer loop
      vertex 179.9779249355197 16.1 10.960918515920639
      vertex 180.02263110876083 15.5 11.318000003695488
      vertex 180.02263110876083 16.1 11.318000003695488
    endloop
  endfacet
  facet normal 0 1 0
    outer loop
      vertex 179.95110123604536 16.1 10.581265188753605
      vertex 179.9779249355197 16.1 10.960918515920639
      vertex 181.55756049603224 16.1 10.978412836790085
    endloop
  endfacet
  facet normal 0 1 0
    outer loop
      vertex 179.9779249355197 16.1 10.960918515920639
      vertex 180.02263110876083 16.1 11.318000003695488
      vertex 181.54256000369787 16.1 11.20440000295639
    endloop
  endfacet
  facet normal -0.9829423234306417 0 0.18391407996336706
    outer loop
      vertex 180.02263110876083 16.1 11.318000003695488
      vertex 180.02263110876083 15.5 11.318000003695488
      vertex 180.08521975576878 15.5 11.65250962972641
    endloop
  endfacet
  facet normal -0.9682990751106874 0 0.24979371717436666
    outer loop
      vertex 180.08521975576878 16.1 11.65250962972641
      vertex 180.08521975576878 15.5 11.65250962972641
      vertex 180.16569086164236 15.5 11.964447408914566
    endloop
  endfacet
  facet normal -0.9829423234306417 0 0.18391407996336706
    outer loop
      vertex 180.02263110876083 16.1 11.318000003695488
      vertex 180.08521975576878 15.5 11.65250962972641
      vertex 180.08521975576878 16.1 11.65250962972641
    endloop
  endfacet
  facet normal -0.9682990751106874 0 0.24979371717436666
    outer loop
      vertex 180.08521975576878 16.1 11.65250962972641
      vertex 180.16569086164236 15.5 11.964447408914566
      vertex 180.16569086164236 16.1 11.964447408914566
    endloop
  endfacet
  facet normal 0 1 0
    outer loop
      vertex 180.02263110876083 16.1 11.318000003695488
      vertex 180.08521975576878 16.1 11.65250962972641
      vertex 181.54647802561522 16.1 11.349821232259274
    endloop
  endfacet
  facet normal 0 1 0
    outer loop
      vertex 180.08521975576878 16.1 11.65250962972641
      vertex 180.16569086164236 16.1 11.964447408914566
      vertex 181.5778222233057 16.1 11.623591110110283
    endloop
  endfacet
  facet normal -0.9468034890294328 0 0.32181229492002394
    outer loop
      vertex 180.16569086164236 16.1 11.964447408914566
      vertex 180.16569086164236 15.5 11.964447408914566
      vertex 180.26404444128275 15.5 12.253813333809376
    endloop
  endfacet
  facet normal -0.9468034890294328 0 0.32181229492002394
    outer loop
      vertex 180.16569086164236 16.1 11.964447408914566
      vertex 180.26404444128275 15.5 12.253813333809376
      vertex 180.26404444128275 16.1 12.253813333809376
    endloop
  endfacet
  facet normal -0.9167699573529873 0 0.3994156297580277
    outer loop
      vertex 180.26404444128275 16.1 12.253813333809376
      vertex 180.26404444128275 15.5 12.253813333809376
      vertex 180.38028049468994 15.5 12.520607404410839
    endloop
  endfacet
  facet normal 0 1 0
    outer loop
      vertex 180.16569086164236 16.1 11.964447408914566
      vertex 180.26404444128275 16.1 12.253813333809376
      vertex 181.60524839162827 16.1 11.751939751207829
    endloop
  endfacet
  facet normal -0.9167699573529873 0 0.3994156297580277
    outer loop
      vertex 180.26404444128275 16.1 12.253813333809376
      vertex 180.38028049468994 15.5 12.520607404410839
      vertex 180.38028049468994 16.1 12.520607404410839
    endloop
  endfacet
  facet normal 0 1 0
    outer loop
      vertex 175.94895999878645 16.1 12.690800003707409
      vertex 179.22568000108004 16.1 13.82463999837637
      vertex 177.47343999892473 16.1 12.690800003707409
    endloop
  endfacet
  facet normal 0 0 -1
    outer loop
      vertex 177.47343999892473 16.1 12.690800003707409
      vertex 179.22568000108004 16.1 12.690800003707409
      vertex 177.47343999892473 15.5 12.690800003707409
    endloop
  endfacet
  facet normal 0 0 -1
    outer loop
      vertex 179.22568000108004 16.1 12.690800003707409
      vertex 179.22568000108004 15.5 12.690800003707409
      vertex 177.47343999892473 15.5 12.690800003707409
    endloop
  endfacet
  facet normal 0 1 0
    outer loop
      vertex 177.47343999892473 16.1 12.690800003707409
      vertex 179.22568000108004 16.1 13.82463999837637
      vertex 179.22568000108004 16.1 12.690800003707409
    endloop
  endfacet
  facet normal 0 0 1
    outer loop
      vertex 174.0556799992919 16.1 13.82463999837637
      vertex 179.22568000108004 15.5 13.82463999837637
      vertex 179.22568000108004 16.1 13.82463999837637
    endloop
  endfacet
  facet normal 1 0 0
    outer loop
      vertex 179.22568000108004 16.1 12.690800003707409
      vertex 179.22568000108004 16.1 13.82463999837637
      vertex 179.22568000108004 15.5 12.690800003707409
    endloop
  endfacet
  facet normal 1 0 0
    outer loop
      vertex 179.22568000108004 16.1 13.82463999837637
      vertex 179.22568000108004 15.5 13.82463999837637
      vertex 179.22568000108004 15.5 12.690800003707409
    endloop
  endfacet
  facet normal -0.8765244469011159 0 0.4813573454147063
    outer loop
      vertex 180.38028049468994 16.1 12.520607404410839
      vertex 180.38028049468994 15.5 12.520607404410839
      vertex 180.51439901441336 15.5 12.764829628169537
    endloop
  endfacet
  facet normal -0.8247077467320868 0 0.5655591326113338
    outer loop
      vertex 180.51439901441336 16.1 12.764829628169537
      vertex 180.51439901441336 15.5 12.764829628169537
      vertex 180.666400000453 15.5 12.986479997634888
    endloop
  endfacet
  facet normal -0.7623147884306625 0 0.6472064302368404
    outer loop
      vertex 180.666400000453 16.1 12.986479997634888
      vertex 180.666400000453 15.5 12.986479997634888
      vertex 180.83507753163576 15.5 13.185157530009747
    endloop
  endfacet
  facet normal -0.8765244469011159 0 0.4813573454147063
    outer loop
      vertex 180.38028049468994 16.1 12.520607404410839
      vertex 180.51439901441336 15.5 12.764829628169537
      vertex 180.51439901441336 16.1 12.764829628169537
    endloop
  endfacet
  facet normal -0.8247077467320868 0 0.5655591326113338
    outer loop
      vertex 180.51439901441336 16.1 12.764829628169537
      vertex 180.666400000453 15.5 12.986479997634888
      vertex 180.666400000453 16.1 12.986479997634888
    endloop
  endfacet
  facet normal -0.33741209412298007 0 -0.9413570410527268
    outer loop
      vertex 181.93824888765812 16.1 6.181715555489063
      vertex 181.93824888765812 15.5 6.181715555489063
      vertex 181.68906173110008 15.5 6.271032102406025
    endloop
  endfacet
  facet normal -0.23423182002241358 0 -0.9721807725361512
    outer loop
      vertex 182.2030409872532 16.1 6.117918021976948
      vertex 182.2030409872532 15.5 6.117918021976948
      vertex 181.93824888765812 15.5 6.181715555489063
    endloop
  endfacet
  facet normal -0.33741209412298007 0 -0.9413570410527268
    outer loop
      vertex 181.93824888765812 16.1 6.181715555489063
      vertex 181.68906173110008 15.5 6.271032102406025
      vertex 181.68906173110008 16.1 6.271032102406025
    endloop
  endfacet
  facet normal -0.23423182002241358 0 -0.9721807725361512
    outer loop
      vertex 181.93824888765812 16.1 6.181715555489063
      vertex 182.2030409872532 16.1 6.117918021976948
      vertex 181.93824888765812 15.5 6.181715555489063
    endloop
  endfacet
  facet normal -0.1352608244583075 0 -0.9908100268804605
    outer loop
      vertex 182.4834380224347 16.1 6.079639509320259
      vertex 182.4834380224347 15.5 6.079639509320259
      vertex 182.2030409872532 15.5 6.117918021976948
    endloop
  endfacet
  facet normal -0.04306616055808982 0 -0.999072222521868
    outer loop
      vertex 182.77944000065327 16.1 6.066880002617836
      vertex 182.77944000065327 15.5 6.066880002617836
      vertex 182.4834380224347 15.5 6.079639509320259
    endloop
  endfacet
  facet normal -0.1352608244583075 0 -0.9908100268804605
    outer loop
      vertex 182.2030409872532 16.1 6.117918021976948
      vertex 182.4834380224347 16.1 6.079639509320259
      vertex 182.2030409872532 15.5 6.117918021976948
    endloop
  endfacet
  facet normal -0.04306616055808982 0 -0.999072222521868
    outer loop
      vertex 182.4834380224347 16.1 6.079639509320259
      vertex 182.77944000065327 16.1 6.066880002617836
      vertex 182.4834380224347 15.5 6.079639509320259
    endloop
  endfacet
  facet normal -0.7157017090039745 0 -0.6984060879809039
    outer loop
      vertex 181.0351298749447 16.1 6.692095801234245
      vertex 181.0351298749447 15.5 6.692095801234245
      vertex 180.84836246818304 15.5 6.883488394320011
    endloop
  endfacet
  facet normal -0.6339156211853193 0 -0.7734022143860403
    outer loop
      vertex 181.23750222474337 16.1 6.526222221553326
      vertex 181.23750222474337 15.5 6.526222221553326
      vertex 181.0351298749447 15.5 6.692095801234245
    endloop
  endfacet
  facet normal -0.7157017090039745 0 -0.6984060879809039
    outer loop
      vertex 180.84836246818304 16.1 6.883488394320011
      vertex 181.0351298749447 16.1 6.692095801234245
      vertex 180.84836246818304 15.5 6.883488394320011
    endloop
  endfacet
  facet normal -0.6339156211853193 0 -0.7734022143860403
    outer loop
      vertex 181.23750222474337 16.1 6.526222221553326
      vertex 181.0351298749447 15.5 6.692095801234245
      vertex 181.0351298749447 16.1 6.692095801234245
    endloop
  endfacet
  facet normal -0.541375125679782 0 -0.8407811684946329
    outer loop
      vertex 181.45547950267792 16.1 6.385867655277252
      vertex 181.45547950267792 15.5 6.385867655277252
      vertex 181.23750222474337 15.5 6.526222221553326
    endloop
  endfacet
  facet normal -0.44119295572086364 0 -0.8974122663649567
    outer loop
      vertex 181.68906173110008 16.1 6.271032102406025
      vertex 181.68906173110008 15.5 6.271032102406025
      vertex 181.45547950267792 15.5 6.385867655277252
    endloop
  endfacet
  facet normal -0.541375125679782 0 -0.8407811684946329
    outer loop
      vertex 181.23750222474337 16.1 6.526222221553326
      vertex 181.45547950267792 16.1 6.385867655277252
      vertex 181.23750222474337 15.5 6.526222221553326
    endloop
  endfacet
  facet normal -0.44119295572086364 0 -0.8974122663649567
    outer loop
      vertex 181.45547950267792 16.1 6.385867655277252
      vertex 181.68906173110008 16.1 6.271032102406025
      vertex 181.45547950267792 15.5 6.385867655277252
    endloop
  endfacet
  facet normal 0 1 0
    outer loop
      vertex 181.23750222474337 16.1 6.526222221553326
      vertex 182.14693432301283 16.1 7.460409879684448
      vertex 181.45547950267792 16.1 6.385867655277252
    endloop
  endfacet
  facet normal -0.7850297760232343 0 -0.6194580298590944
    outer loop
      vertex 180.84836246818304 16.1 6.883488394320011
      vertex 180.84836246818304 15.5 6.883488394320011
      vertex 180.67719999700785 15.5 7.100400000810623
    endloop
  endfacet
  facet normal 0 1 0
    outer loop
      vertex 180.67719999700785 16.1 7.100400000810623
      vertex 180.52293234318495 16.1 7.342544198036194
      vertex 181.7839199975133 16.1 7.884240001440048
    endloop
  endfacet
  facet normal 0 1 0
    outer loop
      vertex 180.67719999700785 16.1 7.100400000810623
      vertex 181.86492839455605 16.1 7.755577281117439
      vertex 180.84836246818304 16.1 6.883488394320011
    endloop
  endfacet
  facet normal 0 1 0
    outer loop
      vertex 181.23750222474337 16.1 6.526222221553326
      vertex 181.0351298749447 16.1 6.692095801234245
      vertex 182.0464355573058 16.1 7.543662220239639
    endloop
  endfacet
  facet normal 0 1 0
    outer loop
      vertex 180.84836246818304 16.1 6.883488394320011
      vertex 181.95243357867002 16.1 7.642051361501217
      vertex 181.0351298749447 16.1 6.692095801234245
    endloop
  endfacet
  facet normal 0 1 0
    outer loop
      vertex 181.0351298749447 16.1 6.692095801234245
      vertex 181.95243357867002 16.1 7.642051361501217
      vertex 182.0464355573058 16.1 7.543662220239639
    endloop
  endfacet
  facet normal 0 1 0
    outer loop
      vertex 180.84836246818304 16.1 6.883488394320011
      vertex 181.86492839455605 16.1 7.755577281117439
      vertex 181.95243357867002 16.1 7.642051361501217
    endloop
  endfacet
  facet normal 0 1 0
    outer loop
      vertex 181.93824888765812 16.1 6.181715555489063
      vertex 182.4874113574624 16.1 7.301473580300808
      vertex 182.2030409872532 16.1 6.117918021976948
    endloop
  endfacet
  facet normal 0 1 0
    outer loop
      vertex 181.45547950267792 16.1 6.385867655277252
      vertex 182.25392987579107 16.1 7.392294317483902
      vertex 181.68906173110008 16.1 6.271032102406025
    endloop
  endfacet
  facet normal 0 1 0
    outer loop
      vertex 181.93824888765812 16.1 6.181715555489063
      vertex 181.68906173110008 16.1 6.271032102406025
      vertex 182.36742222309113 16.1 7.339315555989742
    endloop
  endfacet
  facet normal 0 1 0
    outer loop
      vertex 182.2030409872532 16.1 6.117918021976948
      vertex 182.6138972863555 16.1 7.27876839786768
      vertex 182.4834380224347 16.1 6.079639509320259
    endloop
  endfacet
  facet normal 0 1 0
    outer loop
      vertex 182.4834380224347 16.1 6.079639509320259
      vertex 182.7468800023198 16.1 7.271200001239777
      vertex 182.77944000065327 16.1 6.066880002617836
    endloop
  endfacet
  facet normal 0.5370297083290868 0 0.8435633303860331
    outer loop
      vertex 182.14693432301283 16.1 7.460409879684448
      vertex 182.14693432301283 15.5 7.460409879684448
      vertex 182.25392987579107 15.5 7.392294317483902
    endloop
  endfacet
  facet normal 0 1 0
    outer loop
      vertex 181.23750222474337 16.1 6.526222221553326
      vertex 182.0464355573058 16.1 7.543662220239639
      vertex 182.14693432301283 16.1 7.460409879684448
    endloop
  endfacet
  facet normal 0 1 0
    outer loop
      vertex 181.45547950267792 16.1 6.385867655277252
      vertex 182.14693432301283 16.1 7.460409879684448
      vertex 182.25392987579107 16.1 7.392294317483902
    endloop
  endfacet
  facet normal 0 1 0
    outer loop
      vertex 181.68906173110008 16.1 6.271032102406025
      vertex 182.25392987579107 16.1 7.392294317483902
      vertex 182.36742222309113 16.1 7.339315555989742
    endloop
  endfacet
  facet normal 0.5370297083290868 0 0.8435633303860331
    outer loop
      vertex 182.14693432301283 16.1 7.460409879684448
      vertex 182.25392987579107 15.5 7.392294317483902
      vertex 182.25392987579107 16.1 7.392294317483902
    endloop
  endfacet
  facet normal 0.6379357821642311 0 0.7700895648134122
    outer loop
      vertex 182.14693432301283 16.1 7.460409879684448
      vertex 182.0464355573058 16.1 7.543662220239639
      vertex 182.14693432301283 15.5 7.460409879684448
    endloop
  endfacet
  facet normal 0.3007748180890401 0 0.9536951865263369
    outer loop
      vertex 182.36742222309113 16.1 7.339315555989742
      vertex 182.36742222309113 15.5 7.339315555989742
      vertex 182.4874113574624 15.5 7.301473580300808
    endloop
  endfacet
  facet normal 0.42298817408033224 0 0.9061352021570437
    outer loop
      vertex 182.25392987579107 16.1 7.392294317483902
      vertex 182.25392987579107 15.5 7.392294317483902
      vertex 182.36742222309113 15.5 7.339315555989742
    endloop
  endfacet
  facet normal 0.1766835113674678 0 0.9842677160259102
    outer loop
      vertex 182.4874113574624 16.1 7.301473580300808
      vertex 182.4874113574624 15.5 7.301473580300808
      vertex 182.6138972863555 15.5 7.27876839786768
    endloop
  endfacet
  facet normal 0.05682068582836076 0 0.9983843997489117
    outer loop
      vertex 182.6138972863555 16.1 7.27876839786768
      vertex 182.6138972863555 15.5 7.27876839786768
      vertex 182.7468800023198 15.5 7.271200001239777
    endloop
  endfacet
  facet normal 0 1 0
    outer loop
      vertex 181.93824888765812 16.1 6.181715555489063
      vertex 182.36742222309113 16.1 7.339315555989742
      vertex 182.4874113574624 16.1 7.301473580300808
    endloop
  endfacet
  facet normal 0 1 0
    outer loop
      vertex 182.2030409872532 16.1 6.117918021976948
      vertex 182.4874113574624 16.1 7.301473580300808
      vertex 182.6138972863555 16.1 7.27876839786768
    endloop
  endfacet
  facet normal 0 1 0
    outer loop
      vertex 182.4834380224347 16.1 6.079639509320259
      vertex 182.6138972863555 16.1 7.27876839786768
      vertex 182.7468800023198 16.1 7.271200001239777
    endloop
  endfacet
  facet normal 0.3007748180890401 0 0.9536951865263369
    outer loop
      vertex 182.36742222309113 16.1 7.339315555989742
      vertex 182.4874113574624 15.5 7.301473580300808
      vertex 182.4874113574624 16.1 7.301473580300808
    endloop
  endfacet
  facet normal 0.42298817408033224 0 0.9061352021570437
    outer loop
      vertex 182.25392987579107 16.1 7.392294317483902
      vertex 182.36742222309113 15.5 7.339315555989742
      vertex 182.36742222309113 16.1 7.339315555989742
    endloop
  endfacet
  facet normal 0.1766835113674678 0 0.9842677160259102
    outer loop
      vertex 182.4874113574624 16.1 7.301473580300808
      vertex 182.6138972863555 15.5 7.27876839786768
      vertex 182.6138972863555 16.1 7.27876839786768
    endloop
  endfacet
  facet normal 0.05682068582836076 0 0.9983843997489117
    outer loop
      vertex 182.6138972863555 16.1 7.27876839786768
      vertex 182.7468800023198 15.5 7.271200001239777
      vertex 182.7468800023198 16.1 7.271200001239777
    endloop
  endfacet
  facet normal 0.02509927351935968 0 -0.9996849636104368
    outer loop
      vertex 182.990170866251 16.1 6.072170861065388
      vertex 182.990170866251 15.5 6.072170861065388
      vertex 182.77944000065327 15.5 6.066880002617836
    endloop
  endfacet
  facet normal 0.07887154670515771 0 -0.9968847872850383
    outer loop
      vertex 183.19079012423754 16.1 6.088043458759785
      vertex 183.19079012423754 15.5 6.088043458759785
      vertex 182.990170866251 15.5 6.072170861065388
    endloop
  endfacet
  facet normal 0.02509927351935968 0 -0.9996849636104368
    outer loop
      vertex 182.77944000065327 16.1 6.066880002617836
      vertex 182.990170866251 16.1 6.072170861065388
      vertex 182.77944000065327 15.5 6.066880002617836
    endloop
  endfacet
  facet normal 0.07887154670515771 0 -0.9968847872850383
    outer loop
      vertex 182.990170866251 16.1 6.072170861065388
      vertex 183.19079012423754 16.1 6.088043458759785
      vertex 182.990170866251 15.5 6.072170861065388
    endloop
  endfacet
  facet normal 0.13754249031071786 0 -0.9904958674114325
    outer loop
      vertex 183.3812977746129 16.1 6.114497780799866
      vertex 183.3812977746129 15.5 6.114497780799866
      vertex 183.19079012423754 15.5 6.088043458759785
    endloop
  endfacet
  facet normal 0.20110947248318584 0 -0.9795687725104015
    outer loop
      vertex 183.56169382482767 16.1 6.151533827185631
      vertex 183.56169382482767 15.5 6.151533827185631
      vertex 183.3812977746129 15.5 6.114497780799866
    endloop
  endfacet
  facet normal 0.26930545030603076 0 -0.9630548138270563
    outer loop
      vertex 183.73197827488184 16.1 6.1991516053676605
      vertex 183.73197827488184 15.5 6.1991516053676605
      vertex 183.56169382482767 15.5 6.151533827185631
    endloop
  endfacet
  facet normal 0.13754249031071786 0 -0.9904958674114325
    outer loop
      vertex 183.19079012423754 16.1 6.088043458759785
      vertex 183.3812977746129 16.1 6.114497780799866
      vertex 183.19079012423754 15.5 6.088043458759785
    endloop
  endfacet
  facet normal 0.20110947248318584 0 -0.9795687725104015
    outer loop
      vertex 183.3812977746129 16.1 6.114497780799866
      vertex 183.56169382482767 16.1 6.151533827185631
      vertex 183.3812977746129 15.5 6.114497780799866
    endloop
  endfacet
  facet normal 0.26930545030603076 0 -0.9630548138270563
    outer loop
      vertex 183.56169382482767 16.1 6.151533827185631
      vertex 183.73197827488184 16.1 6.1991516053676605
      vertex 183.56169382482767 15.5 6.151533827185631
    endloop
  endfacet
  facet normal 0.3415089817097494 0 -0.9398785109851008
    outer loop
      vertex 183.89215110987425 16.1 6.257351107895374
      vertex 183.89215110987425 15.5 6.257351107895374
      vertex 183.73197827488184 15.5 6.1991516053676605
    endloop
  endfacet
  facet normal 0.3415089817097494 0 -0.9398785109851008
    outer loop
      vertex 183.73197827488184 16.1 6.1991516053676605
      vertex 183.89215110987425 16.1 6.257351107895374
      vertex 183.73197827488184 15.5 6.1991516053676605
    endloop
  endfacet
  facet normal 0 1 0
    outer loop
      vertex 182.77944000065327 16.1 6.066880002617836
      vertex 182.7468800023198 16.1 7.271200001239777
      vertex 182.990170866251 16.1 6.072170861065388
    endloop
  endfacet
  facet normal 0 1 0
    outer loop
      vertex 182.990170866251 16.1 6.072170861065388
      vertex 182.89971358329058 16.1 7.280509628355503
      vertex 183.19079012423754 16.1 6.088043458759785
    endloop
  endfacet
  facet normal 0 1 0
    outer loop
      vertex 183.19079012423754 16.1 6.088043458759785
      vertex 183.0399565398693 16.1 7.308438517153263
      vertex 183.3812977746129 16.1 6.114497780799866
    endloop
  endfacet
  facet normal 0 1 0
    outer loop
      vertex 182.990170866251 16.1 6.072170861065388
      vertex 182.7468800023198 16.1 7.271200001239777
      vertex 182.89971358329058 16.1 7.280509628355503
    endloop
  endfacet
  facet normal 0 1 0
    outer loop
      vertex 183.16760888695717 16.1 7.354986667633057
      vertex 183.56169382482767 16.1 6.151533827185631
      vertex 183.3812977746129 16.1 6.114497780799866
    endloop
  endfacet
  facet normal 0 1 0
    outer loop
      vertex 183.16760888695717 16.1 7.354986667633057
      vertex 183.73197827488184 16.1 6.1991516053676605
      vertex 183.56169382482767 16.1 6.151533827185631
    endloop
  endfacet
  facet normal 0 1 0
    outer loop
      vertex 183.28267061710358 16.1 7.420154072344303
      vertex 183.89215110987425 16.1 6.257351107895374
      vertex 183.73197827488184 16.1 6.1991516053676605
    endloop
  endfacet
  facet normal -0.06080079720045235 0 0.998149920132136
    outer loop
      vertex 182.7468800023198 16.1 7.271200001239777
      vertex 182.7468800023198 15.5 7.271200001239777
      vertex 182.89971358329058 15.5 7.280509628355503
    endloop
  endfacet
  facet normal -0.1953111664065837 0 0.9807413258739023
    outer loop
      vertex 182.89971358329058 16.1 7.280509628355503
      vertex 182.89971358329058 15.5 7.280509628355503
      vertex 183.0399565398693 15.5 7.308438517153263
    endloop
  endfacet
  facet normal -0.3425822021450926 0 0.9394878577040893
    outer loop
      vertex 183.0399565398693 16.1 7.308438517153263
      vertex 183.0399565398693 15.5 7.308438517153263
      vertex 183.16760888695717 15.5 7.354986667633057
    endloop
  endfacet
  facet normal -0.49281654896287846 0 0.8701332363887262
    outer loop
      vertex 183.16760888695717 16.1 7.354986667633057
      vertex 183.16760888695717 15.5 7.354986667633057
      vertex 183.28267061710358 15.5 7.420154072344303
    endloop
  endfacet
  facet normal 0 1 0
    outer loop
      vertex 183.19079012423754 16.1 6.088043458759785
      vertex 182.89971358329058 16.1 7.280509628355503
      vertex 183.0399565398693 16.1 7.308438517153263
    endloop
  endfacet
  facet normal 0 1 0
    outer loop
      vertex 183.0399565398693 16.1 7.308438517153263
      vertex 183.16760888695717 16.1 7.354986667633057
      vertex 183.3812977746129 16.1 6.114497780799866
    endloop
  endfacet
  facet normal -0.06080079720045235 0 0.998149920132136
    outer loop
      vertex 182.7468800023198 16.1 7.271200001239777
      vertex 182.89971358329058 15.5 7.280509628355503
      vertex 182.89971358329058 16.1 7.280509628355503
    endloop
  endfacet
  facet normal -0.1953111664065837 0 0.9807413258739023
    outer loop
      vertex 182.89971358329058 16.1 7.280509628355503
      vertex 183.0399565398693 15.5 7.308438517153263
      vertex 183.0399565398693 16.1 7.308438517153263
    endloop
  endfacet
  facet normal -0.3425822021450926 0 0.9394878577040893
    outer loop
      vertex 183.0399565398693 16.1 7.308438517153263
      vertex 183.16760888695717 15.5 7.354986667633057
      vertex 183.16760888695717 16.1 7.354986667633057
    endloop
  endfacet
  facet normal -0.6329963939443295 0 0.7741547424471902
    outer loop
      vertex 183.28267061710358 16.1 7.420154072344303
      vertex 183.28267061710358 15.5 7.420154072344303
      vertex 183.38514173030853 15.5 7.503940738737583
    endloop
  endfacet
  facet normal 0 1 0
    outer loop
      vertex 183.16760888695717 16.1 7.354986667633057
      vertex 183.28267061710358 16.1 7.420154072344303
      vertex 183.73197827488184 16.1 6.1991516053676605
    endloop
  endfacet
  facet normal 0 1 0
    outer loop
      vertex 183.28267061710358 16.1 7.420154072344303
      vertex 183.38514173030853 16.1 7.503940738737583
      vertex 184.04221234470606 16.1 6.326132342219353
    endloop
  endfacet
  facet normal -0.49281654896287846 0 0.8701332363887262
    outer loop
      vertex 183.16760888695717 16.1 7.354986667633057
      vertex 183.28267061710358 15.5 7.420154072344303
      vertex 183.28267061710358 16.1 7.420154072344303
    endloop
  endfacet
  facet normal -0.6329963939443295 0 0.7741547424471902
    outer loop
      vertex 183.28267061710358 16.1 7.420154072344303
      vertex 183.38514173030853 15.5 7.503940738737583
      vertex 183.38514173030853 16.1 7.503940738737583
    endloop
  endfacet
  facet normal 0.41667057203032704 0 -0.9090575528556595
    outer loop
      vertex 184.04221234470606 16.1 6.326132342219353
      vertex 184.04221234470606 15.5 6.326132342219353
      vertex 183.89215110987425 15.5 6.257351107895374
    endloop
  endfacet
  facet normal 0.49328626082375254 0 -0.8698670386228694
    outer loop
      vertex 184.1821619719267 16.1 6.405495308339596
      vertex 184.1821619719267 15.5 6.405495308339596
      vertex 184.04221234470606 15.5 6.326132342219353
    endloop
  endfacet
  facet normal 0.41667057203032704 0 -0.9090575528556595
    outer loop
      vertex 183.89215110987425 16.1 6.257351107895374
      vertex 184.04221234470606 16.1 6.326132342219353
      vertex 183.89215110987425 15.5 6.257351107895374
    endloop
  endfacet
  facet normal 0.49328626082375254 0 -0.8698670386228694
    outer loop
      vertex 184.04221234470606 16.1 6.326132342219353
      vertex 184.1821619719267 16.1 6.405495308339596
      vertex 184.04221234470606 15.5 6.326132342219353
    endloop
  endfacet
  facet normal 0 1 0
    outer loop
      vertex 183.28267061710358 16.1 7.420154072344303
      vertex 184.04221234470606 16.1 6.326132342219353
      vertex 183.89215110987425 16.1 6.257351107895374
    endloop
  endfacet
  facet normal 0 1 0
    outer loop
      vertex 184.04221234470606 16.1 6.326132342219353
      vertex 183.38514173030853 16.1 7.503940738737583
      vertex 184.1821619719267 16.1 6.405495308339596
    endloop
  endfacet
  facet normal 0 1 0
    outer loop
      vertex 184.1821619719267 16.1 6.405495308339596
      vertex 183.38514173030853 16.1 7.503940738737583
      vertex 184.31199999898672 16.1 6.495439998805523
    endloop
  endfacet
  facet normal 0 1 0
    outer loop
      vertex 184.31199999898672 16.1 6.495439998805523
      vertex 183.38514173030853 16.1 7.503940738737583
      vertex 184.4327288866043 16.1 6.596502713859081
    endloop
  endfacet
  facet normal 0.5694531592276202 0 -0.8220237827737604
    outer loop
      vertex 184.31199999898672 16.1 6.495439998805523
      vertex 184.31199999898672 15.5 6.495439998805523
      vertex 184.1821619719267 15.5 6.405495308339596
    endloop
  endfacet
  facet normal 0.6418894834490649 0 -0.7667971642080406
    outer loop
      vertex 184.4327288866043 16.1 6.596502713859081
      vertex 184.4327288866043 15.5 6.596502713859081
      vertex 184.31199999898672 15.5 6.495439998805523
    endloop
  endfacet
  facet normal 0.7074042481567747 0 -0.706809189024696
    outer loop
      vertex 184.54535111039877 16.1 6.709219753742218
      vertex 184.54535111039877 15.5 6.709219753742218
      vertex 184.4327288866043 15.5 6.596502713859081
    endloop
  endfacet
  facet normal 0.7655726117579774 0 -0.6433494976496594
    outer loop
      vertex 184.6498666703701 16.1 6.833591111004353
      vertex 184.6498666703701 15.5 6.833591111004353
      vertex 184.54535111039877 15.5 6.709219753742218
    endloop
  endfacet
  facet normal 0.5694531592276202 0 -0.8220237827737604
    outer loop
      vertex 184.1821619719267 16.1 6.405495308339596
      vertex 184.31199999898672 16.1 6.495439998805523
      vertex 184.1821619719267 15.5 6.405495308339596
    endloop
  endfacet
  facet normal 0.6418894834490649 0 -0.7667971642080406
    outer loop
      vertex 184.31199999898672 16.1 6.495439998805523
      vertex 184.4327288866043 16.1 6.596502713859081
      vertex 184.31199999898672 15.5 6.495439998805523
    endloop
  endfacet
  facet normal 0.7074042481567747 0 -0.706809189024696
    outer loop
      vertex 184.4327288866043 16.1 6.596502713859081
      vertex 184.54535111039877 16.1 6.709219753742218
      vertex 184.4327288866043 15.5 6.596502713859081
    endloop
  endfacet
  facet normal 0.7655726117579774 0 -0.6433494976496594
    outer loop
      vertex 184.54535111039877 16.1 6.709219753742218
      vertex 184.6498666703701 16.1 6.833591111004353
      vertex 184.54535111039877 15.5 6.709219753742218
    endloop
  endfacet
  facet normal 0 1 0
    outer loop
      vertex 184.4327288866043 16.1 6.596502713859081
      vertex 183.47502221912146 16.1 7.606346666812897
      vertex 184.54535111039877 16.1 6.709219753742218
    endloop
  endfacet
  facet normal 0 1 0
    outer loop
      vertex 184.4327288866043 16.1 6.596502713859081
      vertex 183.38514173030853 16.1 7.503940738737583
      vertex 183.47502221912146 16.1 7.606346666812897
    endloop
  endfacet
  facet normal 0 1 0
    outer loop
      vertex 183.47502221912146 16.1 7.606346666812897
      vertex 183.5523120984435 16.1 7.727371849119663
      vertex 184.6498666703701 16.1 6.833591111004353
    endloop
  endfacet
  facet normal 0 1 0
    outer loop
      vertex 183.47502221912146 16.1 7.606346666812897
      vertex 184.6498666703701 16.1 6.833591111004353
      vertex 184.54535111039877 16.1 6.709219753742218
    endloop
  endfacet
  facet normal 0 1 0
    outer loop
      vertex 183.5523120984435 16.1 7.727371849119663
      vertex 184.74627555906773 16.1 6.9696167930960655
      vertex 184.6498666703701 16.1 6.833591111004353
    endloop
  endfacet
  facet normal 0.8158621639037003 0 -0.5782464262841335
    outer loop
      vertex 184.6498666703701 16.1 6.833591111004353
      vertex 184.74627555906773 16.1 6.9696167930960655
      vertex 184.6498666703701 15.5 6.833591111004353
    endloop
  endfacet
  facet normal 0 1 0
    outer loop
      vertex 183.5523120984435 16.1 7.727371849119663
      vertex 184.83457777649164 16.1 7.117296792566776
      vertex 184.74627555906773 16.1 6.9696167930960655
    endloop
  endfacet
  facet normal 0 1 0
    outer loop
      vertex 183.6170113608241 16.1 7.867016293108463
      vertex 184.91477333009243 16.1 7.276631109416485
      vertex 184.83457777649164 16.1 7.117296792566776
    endloop
  endfacet
  facet normal 0 1 0
    outer loop
      vertex 180.52293234318495 16.1 7.342544198036194
      vertex 180.386813826859 16.1 7.609670124948025
      vertex 181.71047999709845 16.1 8.028307162225246
    endloop
  endfacet
  facet normal 0 1 0
    outer loop
      vertex 180.386813826859 16.1 7.609670124948025
      vertex 180.26884444803 16.1 7.901777774095535
      vertex 181.64568000286818 16.1 8.188046418130398
    endloop
  endfacet
  facet normal 0 1 0
    outer loop
      vertex 180.67719999700785 16.1 7.100400000810623
      vertex 181.7839199975133 16.1 7.884240001440048
      vertex 181.86492839455605 16.1 7.755577281117439
    endloop
  endfacet
  facet normal 0 1 0
    outer loop
      vertex 180.52293234318495 16.1 7.342544198036194
      vertex 181.71047999709845 16.1 8.028307162225246
      vertex 181.7839199975133 16.1 7.884240001440048
    endloop
  endfacet
  facet normal 0 1 0
    outer loop
      vertex 180.386813826859 16.1 7.609670124948025
      vertex 181.64568000286818 16.1 8.188046418130398
      vertex 181.71047999709845 16.1 8.028307162225246
    endloop
  endfacet
  facet normal 0.9266567637944658 0 0.37590855552111013
    outer loop
      vertex 181.71047999709845 16.1 8.028307162225246
      vertex 181.64568000286818 16.1 8.188046418130398
      vertex 181.71047999709845 15.5 8.028307162225246
    endloop
  endfacet
  facet normal 0 1 0
    outer loop
      vertex 180.26884444803 16.1 7.901777774095535
      vertex 181.58951999992132 16.1 8.363457776606083
      vertex 181.64568000286818 16.1 8.188046418130398
    endloop
  endfacet
  facet normal 0 1 0
    outer loop
      vertex 180.16902419924736 16.1 8.218867160379887
      vertex 181.54200000315905 16.1 8.554541237652302
      vertex 181.58951999992132 16.1 8.363457776606083
    endloop
  endfacet
  facet normal 0 1 0
    outer loop
      vertex 180.08735308796167 16.1 8.560938268899918
      vertex 181.5031199976802 16.1 8.761296793818474
      vertex 181.54200000315905 16.1 8.554541237652302
    endloop
  endfacet
  facet normal 0.9266567637944658 0 0.37590855552111013
    outer loop
      vertex 181.64568000286818 16.1 8.188046418130398
      vertex 181.64568000286818 15.5 8.188046418130398
      vertex 181.71047999709845 15.5 8.028307162225246
    endloop
  endfacet
  facet normal 0.9523794279081168 0 0.3049154395851544
    outer loop
      vertex 181.58951999992132 16.1 8.363457776606083
      vertex 181.58951999992132 15.5 8.363457776606083
      vertex 181.64568000286818 15.5 8.188046418130398
    endloop
  endfacet
  facet normal 0.970441539641307 0 0.2413363174878775
    outer loop
      vertex 181.54200000315905 16.1 8.554541237652302
      vertex 181.54200000315905 15.5 8.554541237652302
      vertex 181.58951999992132 15.5 8.363457776606083
    endloop
  endfacet
  facet normal 0.9827744670246467 0 0.1848089471979697
    outer loop
      vertex 181.5031199976802 16.1 8.761296793818474
      vertex 181.5031199976802 15.5 8.761296793818474
      vertex 181.54200000315905 15.5 8.554541237652302
    endloop
  endfacet
  facet normal 0.9523794279081168 0 0.3049154395851544
    outer loop
      vertex 181.64568000286818 16.1 8.188046418130398
      vertex 181.58951999992132 16.1 8.363457776606083
      vertex 181.64568000286818 15.5 8.188046418130398
    endloop
  endfacet
  facet normal 0.970441539641307 0 0.2413363174878775
    outer loop
      vertex 181.54200000315905 16.1 8.554541237652302
      vertex 181.58951999992132 15.5 8.363457776606083
      vertex 181.58951999992132 16.1 8.363457776606083
    endloop
  endfacet
  facet normal 0.9827744670246467 0 0.1848089471979697
    outer loop
      vertex 181.54200000315905 16.1 8.554541237652302
      vertex 181.5031199976802 16.1 8.761296793818474
      vertex 181.54200000315905 15.5 8.554541237652302
    endloop
  endfacet
  facet normal 0.7920249687589463 0 0.6104886967523561
    outer loop
      vertex 181.86492839455605 16.1 7.755577281117439
      vertex 181.86492839455605 15.5 7.755577281117439
      vertex 181.95243357867002 15.5 7.642051361501217
    endloop
  endfacet
  facet normal 0.6379357821642311 0 0.7700895648134122
    outer loop
      vertex 182.0464355573058 16.1 7.543662220239639
      vertex 182.0464355573058 15.5 7.543662220239639
      vertex 182.14693432301283 15.5 7.460409879684448
    endloop
  endfacet
  facet normal 0.7230432225014145 0 0.6908027926946807
    outer loop
      vertex 181.95243357867002 16.1 7.642051361501217
      vertex 181.95243357867002 15.5 7.642051361501217
      vertex 182.0464355573058 15.5 7.543662220239639
    endloop
  endfacet
  facet normal 0.8462371813239167 0 0.5328063747225185
    outer loop
      vertex 181.7839199975133 16.1 7.884240001440048
      vertex 181.7839199975133 15.5 7.884240001440048
      vertex 181.86492839455605 15.5 7.755577281117439
    endloop
  endfacet
  facet normal 0.8909211680973873 0 0.4541579815834868
    outer loop
      vertex 181.71047999709845 16.1 8.028307162225246
      vertex 181.71047999709845 15.5 8.028307162225246
      vertex 181.7839199975133 15.5 7.884240001440048
    endloop
  endfacet
  facet normal 0.8462371813239167 0 0.5328063747225185
    outer loop
      vertex 181.86492839455605 16.1 7.755577281117439
      vertex 181.7839199975133 16.1 7.884240001440048
      vertex 181.86492839455605 15.5 7.755577281117439
    endloop
  endfacet
  facet normal 0.7920249687589463 0 0.6104886967523561
    outer loop
      vertex 181.86492839455605 16.1 7.755577281117439
      vertex 181.95243357867002 15.5 7.642051361501217
      vertex 181.95243357867002 16.1 7.642051361501217
    endloop
  endfacet
  facet normal 0.7230432225014145 0 0.6908027926946807
    outer loop
      vertex 181.95243357867002 16.1 7.642051361501217
      vertex 182.0464355573058 15.5 7.543662220239639
      vertex 182.0464355573058 16.1 7.543662220239639
    endloop
  endfacet
  facet normal 0.8909211680973873 0 0.4541579815834868
    outer loop
      vertex 181.71047999709845 16.1 8.028307162225246
      vertex 181.7839199975133 15.5 7.884240001440048
      vertex 181.7839199975133 16.1 7.884240001440048
    endloop
  endfacet
  facet normal 0 1 0
    outer loop
      vertex 180.02383111417294 16.1 8.92799111455679
      vertex 181.45127999782562 16.1 9.221824198961258
      vertex 181.4728799983859 16.1 8.983724445104599
    endloop
  endfacet
  facet normal 0 1 0
    outer loop
      vertex 180.08735308796167 16.1 8.560938268899918
      vertex 181.4728799983859 16.1 8.983724445104599
      vertex 181.5031199976802 16.1 8.761296793818474
    endloop
  endfacet
  facet normal 0 1 0
    outer loop
      vertex 179.97845827043056 16.1 9.32002568244934
      vertex 181.43832000344992 16.1 9.47559604793787
      vertex 181.45127999782562 16.1 9.221824198961258
    endloop
  endfacet
  facet normal 0.9908843859129695 0 0.13471500938602687
    outer loop
      vertex 181.4728799983859 16.1 8.983724445104599
      vertex 181.4728799983859 15.5 8.983724445104599
      vertex 181.5031199976802 15.5 8.761296793818474
    endloop
  endfacet
  facet normal 0.9959103223770358 0 0.09034727324534207
    outer loop
      vertex 181.45127999782562 16.1 9.221824198961258
      vertex 181.45127999782562 15.5 9.221824198961258
      vertex 181.4728799983859 15.5 8.983724445104599
    endloop
  endfacet
  facet normal 0.9908843859129695 0 0.13471500938602687
    outer loop
      vertex 181.5031199976802 16.1 8.761296793818474
      vertex 181.4728799983859 16.1 8.983724445104599
      vertex 181.5031199976802 15.5 8.761296793818474
    endloop
  endfacet
  facet normal 0.9959103223770358 0 0.09034727324534207
    outer loop
      vertex 181.4728799983859 16.1 8.983724445104599
      vertex 181.45127999782562 16.1 9.221824198961258
      vertex 181.4728799983859 15.5 8.983724445104599
    endloop
  endfacet
  facet normal 0.998698499777428 0 0.05100300522826729
    outer loop
      vertex 181.45127999782562 16.1 9.221824198961258
      vertex 181.43832000344992 16.1 9.47559604793787
      vertex 181.45127999782562 15.5 9.221824198961258
    endloop
  endfacet
  facet normal 0 1 0
    outer loop
      vertex 179.95123456418514 16.1 9.737041972577572
      vertex 181.43400000035763 16.1 9.745039999485016
      vertex 181.43832000344992 16.1 9.47559604793787
    endloop
  endfacet
  facet normal 0.998698499777428 0 0.05100300522826729
    outer loop
      vertex 181.43832000344992 16.1 9.47559604793787
      vertex 181.43832000344992 15.5 9.47559604793787
      vertex 181.45127999782562 15.5 9.221824198961258
    endloop
  endfacet
  facet normal 0.9998714957408087 0 0.01603097018392747
    outer loop
      vertex 181.43400000035763 16.1 9.745039999485016
      vertex 181.43400000035763 15.5 9.745039999485016
      vertex 181.43832000344992 15.5 9.47559604793787
    endloop
  endfacet
  facet normal -0.84125202737203 0 -0.5406431599885911
    outer loop
      vertex 181.49060148000717 16.1 9.656966917216778
      vertex 181.49060148000717 15.5 9.656966917216778
      vertex 181.43400000035763 15.5 9.745039999485016
    endloop
  endfacet
  facet normal -0.7663132963296403 0 -0.642467066757823
    outer loop
      vertex 181.6178666651249 16.1 9.494888886809349
      vertex 181.6178666651249 15.5 9.494888886809349
      vertex 181.55189037322998 15.5 9.573583208024502
    endloop
  endfacet
  facet normal -0.7232450599014268 0 -0.6905914735414719
    outer loop
      vertex 181.68853037059307 16.1 9.42088395357132
      vertex 181.68853037059307 15.5 9.42088395357132
      vertex 181.6178666651249 15.5 9.494888886809349
    endloop
  endfacet
  facet normal -0.8057554942732624 0 -0.5922483292069726
    outer loop
      vertex 181.55189037322998 16.1 9.573583208024502
      vertex 181.55189037322998 15.5 9.573583208024502
      vertex 181.49060148000717 15.5 9.656966917216778
    endloop
  endfacet
  facet normal 0.9998714957408087 0 0.01603097018392747
    outer loop
      vertex 181.43832000344992 16.1 9.47559604793787
      vertex 181.43400000035763 16.1 9.745039999485016
      vertex 181.43832000344992 15.5 9.47559604793787
    endloop
  endfacet
  facet normal -0.6770170543583381 0 -0.73596732815252
    outer loop
      vertex 181.76388148218393 16.1 9.351568393409252
      vertex 181.68853037059307 15.5 9.42088395357132
      vertex 181.68853037059307 16.1 9.42088395357132
    endloop
  endfacet
  facet normal -0.7232450599014268 0 -0.6905914735414719
    outer loop
      vertex 181.6178666651249 16.1 9.494888886809349
      vertex 181.68853037059307 16.1 9.42088395357132
      vertex 181.6178666651249 15.5 9.494888886809349
    endloop
  endfacet
  facet normal -0.7663132963296403 0 -0.642467066757823
    outer loop
      vertex 181.55189037322998 16.1 9.573583208024502
      vertex 181.6178666651249 16.1 9.494888886809349
      vertex 181.55189037322998 15.5 9.573583208024502
    endloop
  endfacet
  facet normal -0.8057554942732624 0 -0.5922483292069726
    outer loop
      vertex 181.49060148000717 16.1 9.656966917216778
      vertex 181.55189037322998 16.1 9.573583208024502
      vertex 181.49060148000717 15.5 9.656966917216778
    endloop
  endfacet
  facet normal -0.84125202737203 0 -0.5406431599885911
    outer loop
      vertex 181.49060148000717 16.1 9.656966917216778
      vertex 181.43400000035763 15.5 9.745039999485016
      vertex 181.43400000035763 16.1 9.745039999485016
    endloop
  endfacet
  facet normal 0 1 0
    outer loop
      vertex 181.49060148000717 16.1 9.656966917216778
      vertex 182.0711733326316 16.1 10.170586667954922
      vertex 181.55189037322998 16.1 9.573583208024502
    endloop
  endfacet
  facet normal 0 1 0
    outer loop
      vertex 181.49060148000717 16.1 9.656966917216778
      vertex 181.43400000035763 16.1 9.745039999485016
      vertex 181.9912681505084 16.1 10.222394071519375
    endloop
  endfacet
  facet normal -0.6770170543583381 0 -0.73596732815252
    outer loop
      vertex 181.76388148218393 16.1 9.351568393409252
      vertex 181.76388148218393 15.5 9.351568393409252
      vertex 181.68853037059307 15.5 9.42088395357132
    endloop
  endfacet
  facet normal -0.6282175411158449 0 -0.7780377375387145
    outer loop
      vertex 181.84391999989748 16.1 9.286942221224308
      vertex 181.84391999989748 15.5 9.286942221224308
      vertex 181.76388148218393 15.5 9.351568393409252
    endloop
  endfacet
  facet normal -0.5775205888500793 0 -0.8163761200906465
    outer loop
      vertex 181.9286459237337 16.1 9.227005429565907
      vertex 181.9286459237337 15.5 9.227005429565907
      vertex 181.84391999989748 15.5 9.286942221224308
    endloop
  endfacet
  facet normal -0.4732896937215856 0 -0.880906842870986
    outer loop
      vertex 182.1121599972248 16.1 9.121200002729893
      vertex 182.1121599972248 15.5 9.121200002729893
      vertex 182.0180592611432 15.5 9.171758025884628
    endloop
  endfacet
  facet normal -0.5256410728858805 0 -0.8507064490735806
    outer loop
      vertex 182.0180592611432 16.1 9.171758025884628
      vertex 182.0180592611432 15.5 9.171758025884628
      vertex 181.9286459237337 15.5 9.227005429565907
    endloop
  endfacet
  facet normal -0.42203216939534605 0 -0.9065808557406548
    outer loop
      vertex 182.21001086384058 16.1 9.07564839720726
      vertex 182.21001086384058 15.5 9.07564839720726
      vertex 182.1121599972248 15.5 9.121200002729893
    endloop
  endfacet
  facet normal -0.5256410728858805 0 -0.8507064490735806
    outer loop
      vertex 182.0180592611432 16.1 9.171758025884628
      vertex 181.9286459237337 15.5 9.227005429565907
      vertex 181.9286459237337 16.1 9.227005429565907
    endloop
  endfacet
  facet normal -0.6282175411158449 0 -0.7780377375387145
    outer loop
      vertex 181.76388148218393 16.1 9.351568393409252
      vertex 181.84391999989748 16.1 9.286942221224308
      vertex 181.76388148218393 15.5 9.351568393409252
    endloop
  endfacet
  facet normal -0.5775205888500793 0 -0.8163761200906465
    outer loop
      vertex 181.84391999989748 16.1 9.286942221224308
      vertex 181.9286459237337 16.1 9.227005429565907
      vertex 181.84391999989748 15.5 9.286942221224308
    endloop
  endfacet
  facet normal -0.4732896937215856 0 -0.880906842870986
    outer loop
      vertex 182.0180592611432 16.1 9.171758025884628
      vertex 182.1121599972248 16.1 9.121200002729893
      vertex 182.0180592611432 15.5 9.171758025884628
    endloop
  endfacet
  facet normal -0.42203216939534605 0 -0.9065808557406548
    outer loop
      vertex 182.1121599972248 16.1 9.121200002729893
      vertex 182.21001086384058 16.1 9.07564839720726
      vertex 182.1121599972248 15.5 9.121200002729893
    endloop
  endfacet
  facet normal -0.3708109178891465 0 -0.9287083843565797
    outer loop
      vertex 182.31067457050085 16.1 9.0354558005929
      vertex 182.31067457050085 15.5 9.0354558005929
      vertex 182.21001086384058 15.5 9.07564839720726
    endloop
  endfacet
  facet normal -0.31904057148246273 0 -0.9477410583846959
    outer loop
      vertex 182.41415110975504 16.1 9.000622220337391
      vertex 182.41415110975504 15.5 9.000622220337391
      vertex 182.31067457050085 15.5 9.0354558005929
    endloop
  endfacet
  facet normal -0.2672207656599414 0 -0.9636353368365622
    outer loop
      vertex 182.5204404965043 16.1 8.971147656440735
      vertex 182.5204404965043 15.5 8.971147656440735
      vertex 182.41415110975504 15.5 9.000622220337391
    endloop
  endfacet
  facet normal -0.2158268750346678 0 -0.9764316463597287
    outer loop
      vertex 182.6295427158475 16.1 8.94703210145235
      vertex 182.6295427158475 15.5 8.94703210145235
      vertex 182.5204404965043 15.5 8.971147656440735
    endloop
  endfacet
  facet normal -0.1652909540666107 0 -0.9862448481506756
    outer loop
      vertex 182.74145777523518 16.1 8.928275555372238
      vertex 182.74145777523518 15.5 8.928275555372238
      vertex 182.6295427158475 15.5 8.94703210145235
    endloop
  endfacet
  facet normal -0.3708109178891465 0 -0.9287083843565797
    outer loop
      vertex 182.31067457050085 16.1 9.0354558005929
      vertex 182.21001086384058 15.5 9.07564839720726
      vertex 182.21001086384058 16.1 9.07564839720726
    endloop
  endfacet
  facet normal -0.31904057148246273 0 -0.9477410583846959
    outer loop
      vertex 182.31067457050085 16.1 9.0354558005929
      vertex 182.41415110975504 16.1 9.000622220337391
      vertex 182.31067457050085 15.5 9.0354558005929
    endloop
  endfacet
  facet normal -0.2672207656599414 0 -0.9636353368365622
    outer loop
      vertex 182.41415110975504 16.1 9.000622220337391
      vertex 182.5204404965043 16.1 8.971147656440735
      vertex 182.41415110975504 15.5 9.000622220337391
    endloop
  endfacet
  facet normal -0.2158268750346678 0 -0.9764316463597287
    outer loop
      vertex 182.5204404965043 16.1 8.971147656440735
      vertex 182.6295427158475 16.1 8.94703210145235
      vertex 182.5204404965043 15.5 8.971147656440735
    endloop
  endfacet
  facet normal -0.1652909540666107 0 -0.9862448481506756
    outer loop
      vertex 182.6295427158475 16.1 8.94703210145235
      vertex 182.74145777523518 16.1 8.928275555372238
      vertex 182.6295427158475 15.5 8.94703210145235
    endloop
  endfacet
  facet normal 0 1 0
    outer loop
      vertex 182.31067457050085 16.1 9.0354558005929
      vertex 182.54501037299633 16.1 10.031105183064938
      vertex 182.41415110975504 16.1 9.000622220337391
    endloop
  endfacet
  facet normal 0 1 0
    outer loop
      vertex 182.41415110975504 16.1 9.000622220337391
      vertex 182.65463999658823 16.1 10.027120001614094
      vertex 182.5204404965043 16.1 8.971147656440735
    endloop
  endfacet
  facet normal 0 1 0
    outer loop
      vertex 182.5204404965043 16.1 8.971147656440735
      vertex 182.65463999658823 16.1 10.027120001614094
      vertex 182.6295427158475 16.1 8.94703210145235
    endloop
  endfacet
  facet normal 0 1 0
    outer loop
      vertex 182.6295427158475 16.1 8.94703210145235
      vertex 182.76880197227 16.1 10.031372837722301
      vertex 182.74145777523518 16.1 8.928275555372238
    endloop
  endfacet
  facet normal 0 1 0
    outer loop
      vertex 181.6178666651249 16.1 9.494888886809349
      vertex 182.15603259205818 16.1 10.126749627292156
      vertex 181.68853037059307 16.1 9.42088395357132
    endloop
  endfacet
  facet normal 0 1 0
    outer loop
      vertex 181.76388148218393 16.1 9.351568393409252
      vertex 182.24584592878819 16.1 10.09088296443224
      vertex 181.84391999989748 16.1 9.286942221224308
    endloop
  endfacet
  facet normal 0 1 0
    outer loop
      vertex 181.76388148218393 16.1 9.351568393409252
      vertex 181.68853037059307 16.1 9.42088395357132
      vertex 182.15603259205818 16.1 10.126749627292156
    endloop
  endfacet
  facet normal 0 1 0
    outer loop
      vertex 182.0180592611432 16.1 9.171758025884628
      vertex 181.9286459237337 16.1 9.227005429565907
      vertex 182.34061333537102 16.1 10.06298666447401
    endloop
  endfacet
  facet normal 0 1 0
    outer loop
      vertex 182.0180592611432 16.1 9.171758025884628
      vertex 182.44033481180668 16.1 10.04306074231863
      vertex 182.1121599972248 16.1 9.121200002729893
    endloop
  endfacet
  facet normal 0 1 0
    outer loop
      vertex 181.84391999989748 16.1 9.286942221224308
      vertex 182.24584592878819 16.1 10.09088296443224
      vertex 181.9286459237337 16.1 9.227005429565907
    endloop
  endfacet
  facet normal 0 1 0
    outer loop
      vertex 181.55189037322998 16.1 9.573583208024502
      vertex 182.0711733326316 16.1 10.170586667954922
      vertex 181.6178666651249 16.1 9.494888886809349
    endloop
  endfacet
  facet normal 0 1 0
    outer loop
      vertex 181.6178666651249 16.1 9.494888886809349
      vertex 182.0711733326316 16.1 10.170586667954922
      vertex 182.15603259205818 16.1 10.126749627292156
    endloop
  endfacet
  facet normal 0 1 0
    outer loop
      vertex 181.9286459237337 16.1 9.227005429565907
      vertex 182.24584592878819 16.1 10.09088296443224
      vertex 182.34061333537102 16.1 10.06298666447401
    endloop
  endfacet
  facet normal 0 1 0
    outer loop
      vertex 181.76388148218393 16.1 9.351568393409252
      vertex 182.15603259205818 16.1 10.126749627292156
      vertex 182.24584592878819 16.1 10.09088296443224
    endloop
  endfacet
  facet normal 0 1 0
    outer loop
      vertex 182.1121599972248 16.1 9.121200002729893
      vertex 182.44033481180668 16.1 10.04306074231863
      vertex 182.21001086384058 16.1 9.07564839720726
    endloop
  endfacet
  facet normal 0 1 0
    outer loop
      vertex 182.31067457050085 16.1 9.0354558005929
      vertex 182.21001086384058 16.1 9.07564839720726
      vertex 182.54501037299633 16.1 10.031105183064938
    endloop
  endfacet
  facet normal 0 1 0
    outer loop
      vertex 182.41415110975504 16.1 9.000622220337391
      vertex 182.54501037299633 16.1 10.031105183064938
      vertex 182.65463999658823 16.1 10.027120001614094
    endloop
  endfacet
  facet normal 0 1 0
    outer loop
      vertex 182.6295427158475 16.1 8.94703210145235
      vertex 182.65463999658823 16.1 10.027120001614094
      vertex 182.76880197227 16.1 10.031372837722301
    endloop
  endfacet
  facet normal 0 1 0
    outer loop
      vertex 182.0180592611432 16.1 9.171758025884628
      vertex 182.34061333537102 16.1 10.06298666447401
      vertex 182.44033481180668 16.1 10.04306074231863
    endloop
  endfacet
  facet normal 0 1 0
    outer loop
      vertex 182.21001086384058 16.1 9.07564839720726
      vertex 182.44033481180668 16.1 10.04306074231863
      vertex 182.54501037299633 16.1 10.031105183064938
    endloop
  endfacet
  facet normal -0.7515745217114325 0 0.6596481928378426
    outer loop
      vertex 183.38514173030853 16.1 7.503940738737583
      vertex 183.38514173030853 15.5 7.503940738737583
      vertex 183.47502221912146 15.5 7.606346666812897
    endloop
  endfacet
  facet normal -0.8427966055739209 0 0.5382321819002248
    outer loop
      vertex 183.47502221912146 16.1 7.606346666812897
      vertex 183.47502221912146 15.5 7.606346666812897
      vertex 183.5523120984435 15.5 7.727371849119663
    endloop
  endfacet
  facet normal -0.9073453467731668 0 0.42038603888459675
    outer loop
      vertex 183.5523120984435 16.1 7.727371849119663
      vertex 183.5523120984435 15.5 7.727371849119663
      vertex 183.6170113608241 15.5 7.867016293108463
    endloop
  endfacet
  facet normal -0.949839872813566 0 0.31273665601190564
    outer loop
      vertex 183.6170113608241 16.1 7.867016293108463
      vertex 183.6170113608241 15.5 7.867016293108463
      vertex 183.66911999881268 15.5 8.025279998779297
    endloop
  endfacet
  facet normal -0.7515745217114325 0 0.6596481928378426
    outer loop
      vertex 183.38514173030853 16.1 7.503940738737583
      vertex 183.47502221912146 15.5 7.606346666812897
      vertex 183.47502221912146 16.1 7.606346666812897
    endloop
  endfacet
  facet normal -0.8427966055739209 0 0.5382321819002248
    outer loop
      vertex 183.47502221912146 16.1 7.606346666812897
      vertex 183.5523120984435 15.5 7.727371849119663
      vertex 183.5523120984435 16.1 7.727371849119663
    endloop
  endfacet
  facet normal -0.9073453467731668 0 0.42038603888459675
    outer loop
      vertex 183.5523120984435 16.1 7.727371849119663
      vertex 183.6170113608241 15.5 7.867016293108463
      vertex 183.6170113608241 16.1 7.867016293108463
    endloop
  endfacet
  facet normal -0.949839872813566 0 0.31273665601190564
    outer loop
      vertex 183.6170113608241 16.1 7.867016293108463
      vertex 183.66911999881268 15.5 8.025279998779297
      vertex 183.66911999881268 16.1 8.025279998779297
    endloop
  endfacet
  facet normal 0.1382802641991366 0 0.9903931383713322
    outer loop
      vertex 183.66911999881268 16.1 8.025279998779297
      vertex 183.66911999881268 15.5 8.025279998779297
      vertex 185.10672000050545 15.5 7.8245600014925
    endloop
  endfacet
  facet normal 0 1 0
    outer loop
      vertex 183.5523120984435 16.1 7.727371849119663
      vertex 183.6170113608241 16.1 7.867016293108463
      vertex 184.83457777649164 16.1 7.117296792566776
    endloop
  endfacet
  facet normal 0 1 0
    outer loop
      vertex 183.6170113608241 16.1 7.867016293108463
      vertex 183.66911999881268 16.1 8.025279998779297
      vertex 184.9868622198701 16.1 7.447619751095772
    endloop
  endfacet
  facet normal 0 1 0
    outer loop
      vertex 183.6170113608241 16.1 7.867016293108463
      vertex 184.9868622198701 16.1 7.447619751095772
      vertex 184.91477333009243 16.1 7.276631109416485
    endloop
  endfacet
  facet normal 0 1 0
    outer loop
      vertex 183.66911999881268 16.1 8.025279998779297
      vertex 185.05084444582462 16.1 7.630262717604637
      vertex 184.9868622198701 16.1 7.447619751095772
    endloop
  endfacet
  facet normal 0.1382802641991366 0 0.9903931383713322
    outer loop
      vertex 183.66911999881268 16.1 8.025279998779297
      vertex 185.10672000050545 15.5 7.8245600014925
      vertex 185.10672000050545 16.1 7.8245600014925
    endloop
  endfacet
  facet normal 0 1 0
    outer loop
      vertex 183.66911999881268 16.1 8.025279998779297
      vertex 185.10672000050545 16.1 7.8245600014925
      vertex 185.05084444582462 16.1 7.630262717604637
    endloop
  endfacet
  facet normal -0.11598837981235655 0 -0.9932505704747944
    outer loop
      vertex 182.85618568211794 16.1 8.914878025650978
      vertex 182.85618568211794 15.5 8.914878025650978
      vertex 182.74145777523518 15.5 8.928275555372238
    endloop
  endfacet
  facet normal -0.06822985888767048 0 -0.9976696278609309
    outer loop
      vertex 182.97372642159462 16.1 8.90683950483799
      vertex 182.97372642159462 15.5 8.90683950483799
      vertex 182.85618568211794 15.5 8.914878025650978
    endloop
  endfacet
  facet normal -0.022258088535131847 0 -0.9997522580593466
    outer loop
      vertex 183.0940800011158 16.1 8.904160000383854
      vertex 183.0940800011158 15.5 8.904160000383854
      vertex 182.97372642159462 15.5 8.90683950483799
    endloop
  endfacet
  facet normal -0.11598837981235655 0 -0.9932505704747944
    outer loop
      vertex 182.74145777523518 16.1 8.928275555372238
      vertex 182.85618568211794 16.1 8.914878025650978
      vertex 182.74145777523518 15.5 8.928275555372238
    endloop
  endfacet
  facet normal -0.06822985888767048 0 -0.9976696278609309
    outer loop
      vertex 182.85618568211794 16.1 8.914878025650978
      vertex 182.97372642159462 16.1 8.90683950483799
      vertex 182.85618568211794 15.5 8.914878025650978
    endloop
  endfacet
  facet normal -0.022258088535131847 0 -0.9997522580593466
    outer loop
      vertex 182.97372642159462 16.1 8.90683950483799
      vertex 183.0940800011158 16.1 8.904160000383854
      vertex 182.97372642159462 15.5 8.90683950483799
    endloop
  endfacet
  facet normal 0.0360895041434666 0 -0.9993485616593837
    outer loop
      vertex 183.0940800011158 16.1 8.904160000383854
      vertex 183.31664592772722 16.1 8.912197530269623
      vertex 183.0940800011158 15.5 8.904160000383854
    endloop
  endfacet
  facet normal 0 1 0
    outer loop
      vertex 182.74145777523518 16.1 8.928275555372238
      vertex 182.76880197227 16.1 10.031372837722301
      vertex 182.85618568211794 16.1 8.914878025650978
    endloop
  endfacet
  facet normal 0 1 0
    outer loop
      vertex 182.85618568211794 16.1 8.914878025650978
      vertex 182.87740346044302 16.1 10.044131360948086
      vertex 182.97372642159462 16.1 8.90683950483799
    endloop
  endfacet
  facet normal 0 1 0
    outer loop
      vertex 182.97372642159462 16.1 8.90683950483799
      vertex 182.9804444462061 16.1 10.065395556390285
      vertex 183.0940800011158 16.1 8.904160000383854
    endloop
  endfacet
  facet normal 0 1 0
    outer loop
      vertex 183.0940800011158 16.1 8.904160000383854
      vertex 182.9804444462061 16.1 10.065395556390285
      vertex 183.31664592772722 16.1 8.912197530269623
    endloop
  endfacet
  facet normal 0.0360895041434666 0 -0.9993485616593837
    outer loop
      vertex 183.31664592772722 16.1 8.912197530269623
      vertex 183.31664592772722 15.5 8.912197530269623
      vertex 183.0940800011158 15.5 8.904160000383854
    endloop
  endfacet
  facet normal 0.11301936117119335 0 -0.9935927858033469
    outer loop
      vertex 183.52862814813852 16.1 8.93631011992693
      vertex 183.52862814813852 15.5 8.93631011992693
      vertex 183.31664592772722 15.5 8.912197530269623
    endloop
  endfacet
  facet normal 0.1956851495915338 0 -0.9806667743068178
    outer loop
      vertex 183.73002666980028 16.1 8.976497776806355
      vertex 183.73002666980028 15.5 8.976497776806355
      vertex 183.52862814813852 15.5 8.93631011992693
    endloop
  endfacet
  facet normal 0.11301936117119335 0 -0.9935927858033469
    outer loop
      vertex 183.31664592772722 16.1 8.912197530269623
      vertex 183.52862814813852 16.1 8.93631011992693
      vertex 183.31664592772722 15.5 8.912197530269623
    endloop
  endfacet
  facet normal 0.1956851495915338 0 -0.9806667743068178
    outer loop
      vertex 183.52862814813852 16.1 8.93631011992693
      vertex 183.73002666980028 16.1 8.976497776806355
      vertex 183.52862814813852 15.5 8.93631011992693
    endloop
  endfacet
  facet normal 0 1 0
    outer loop
      vertex 183.31664592772722 16.1 8.912197530269623
      vertex 183.0779249370098 16.1 10.095165431499481
      vertex 183.52862814813852 16.1 8.93631011992693
    endloop
  endfacet
  facet normal 0 1 0
    outer loop
      vertex 183.52862814813852 16.1 8.93631011992693
      vertex 183.16984494030476 16.1 10.133440986275673
      vertex 183.73002666980028 16.1 8.976497776806355
    endloop
  endfacet
  facet normal 0 1 0
    outer loop
      vertex 182.85618568211794 16.1 8.914878025650978
      vertex 182.76880197227 16.1 10.031372837722301
      vertex 182.87740346044302 16.1 10.044131360948086
    endloop
  endfacet
  facet normal 0 1 0
    outer loop
      vertex 182.97372642159462 16.1 8.90683950483799
      vertex 182.87740346044302 16.1 10.044131360948086
      vertex 182.9804444462061 16.1 10.065395556390285
    endloop
  endfacet
  facet normal 0 1 0
    outer loop
      vertex 183.31664592772722 16.1 8.912197530269623
      vertex 182.9804444462061 16.1 10.065395556390285
      vertex 183.0779249370098 16.1 10.095165431499481
    endloop
  endfacet
  facet normal 0 1 0
    outer loop
      vertex 183.73002666980028 16.1 8.976497776806355
      vertex 183.25620444118977 16.1 10.18022222071886
      vertex 183.92084147781134 16.1 9.032760493457317
    endloop
  endfacet
  facet normal 0 1 0
    outer loop
      vertex 183.52862814813852 16.1 8.93631011992693
      vertex 183.0779249370098 16.1 10.095165431499481
      vertex 183.16984494030476 16.1 10.133440986275673
    endloop
  endfacet
  facet normal 0 1 0
    outer loop
      vertex 183.73002666980028 16.1 8.976497776806355
      vertex 183.16984494030476 16.1 10.133440986275673
      vertex 183.25620444118977 16.1 10.18022222071886
    endloop
  endfacet
  facet normal 0 1 0
    outer loop
      vertex 183.92084147781134 16.1 9.032760493457317
      vertex 183.25620444118977 16.1 10.18022222071886
      vertex 183.337003454566 16.1 10.235509134829044
    endloop
  endfacet
  facet normal 0 1 0
    outer loop
      vertex 184.10107259452343 16.1 9.105098269879818
      vertex 183.337003454566 16.1 10.235509134829044
      vertex 183.41224197298288 16.1 10.299301728606224
    endloop
  endfacet
  facet normal 0.2828172750038359 0 -0.9591738053968137
    outer loop
      vertex 183.92084147781134 16.1 9.032760493457317
      vertex 183.92084147781134 15.5 9.032760493457317
      vertex 183.73002666980028 15.5 8.976497776806355
    endloop
  endfacet
  facet normal 0.3724794245535891 0 -0.9280404507801516
    outer loop
      vertex 184.10107259452343 16.1 9.105098269879818
      vertex 184.10107259452343 15.5 9.105098269879818
      vertex 183.92084147781134 15.5 9.032760493457317
    endloop
  endfacet
  facet normal 0.2828172750038359 0 -0.9591738053968137
    outer loop
      vertex 183.73002666980028 16.1 8.976497776806355
      vertex 183.92084147781134 16.1 9.032760493457317
      vertex 183.73002666980028 15.5 8.976497776806355
    endloop
  endfacet
  facet normal 0.3724794245535891 0 -0.9280404507801516
    outer loop
      vertex 183.92084147781134 16.1 9.032760493457317
      vertex 184.10107259452343 16.1 9.105098269879818
      vertex 183.92084147781134 15.5 9.032760493457317
    endloop
  endfacet
  facet normal 0.46215982192222077 0 -0.8867966503098788
    outer loop
      vertex 184.10107259452343 16.1 9.105098269879818
      vertex 184.27071999758482 16.1 9.193511113524437
      vertex 184.10107259452343 15.5 9.105098269879818
    endloop
  endfacet
  facet normal 0.46215982192222077 0 -0.8867966503098788
    outer loop
      vertex 184.27071999758482 16.1 9.193511113524437
      vertex 184.27071999758482 15.5 9.193511113524437
      vertex 184.10107259452343 15.5 9.105098269879818
    endloop
  endfacet
  facet normal 0.5490322577735816 0 -0.8358011605184833
    outer loop
      vertex 184.42978370189667 16.1 9.297999009490013
      vertex 184.42978370189667 15.5 9.297999009490013
      vertex 184.27071999758482 15.5 9.193511113524437
    endloop
  endfacet
  facet normal 0.5490322577735816 0 -0.8358011605184833
    outer loop
      vertex 184.27071999758482 16.1 9.193511113524437
      vertex 184.42978370189667 16.1 9.297999009490013
      vertex 184.27071999758482 15.5 9.193511113524437
    endloop
  endfacet
  facet normal 0.6303499843827254 0 -0.7763110827424131
    outer loop
      vertex 184.42978370189667 16.1 9.297999009490013
      vertex 184.5782637000084 16.1 9.418561972677708
      vertex 184.42978370189667 15.5 9.297999009490013
    endloop
  endfacet
  facet normal 0 1 0
    outer loop
      vertex 183.92084147781134 16.1 9.032760493457317
      vertex 183.337003454566 16.1 10.235509134829044
      vertex 184.10107259452343 16.1 9.105098269879818
    endloop
  endfacet
  facet normal 0 1 0
    outer loop
      vertex 184.10107259452343 16.1 9.105098269879818
      vertex 183.41224197298288 16.1 10.299301728606224
      vertex 184.27071999758482 16.1 9.193511113524437
    endloop
  endfacet
  facet normal 0 1 0
    outer loop
      vertex 184.27071999758482 16.1 9.193511113524437
      vertex 183.4819199964404 16.1 10.3716000020504
      vertex 184.42978370189667 16.1 9.297999009490013
    endloop
  endfacet
  facet normal 0 1 0
    outer loop
      vertex 184.27071999758482 16.1 9.193511113524437
      vertex 183.41224197298288 16.1 10.299301728606224
      vertex 183.4819199964404 16.1 10.3716000020504
    endloop
  endfacet
  facet normal 0 1 0
    outer loop
      vertex 184.42978370189667 16.1 9.297999009490013
      vertex 183.4819199964404 16.1 10.3716000020504
      vertex 184.5782637000084 16.1 9.418561972677708
    endloop
  endfacet
  facet normal 0.6303499843827254 0 -0.7763110827424131
    outer loop
      vertex 184.5782637000084 16.1 9.418561972677708
      vertex 184.5782637000084 15.5 9.418561972677708
      vertex 184.42978370189667 15.5 9.297999009490013
    endloop
  endfacet
  facet normal 0.7038585168382266 0 -0.7103401919322122
    outer loop
      vertex 184.71615999937057 16.1 9.55520000308752
      vertex 184.71615999937057 15.5 9.55520000308752
      vertex 184.5782637000084 15.5 9.418561972677708
    endloop
  endfacet
  facet normal 0.7038585168382266 0 -0.7103401919322122
    outer loop
      vertex 184.5782637000084 16.1 9.418561972677708
      vertex 184.71615999937057 16.1 9.55520000308752
      vertex 184.5782637000084 15.5 9.418561972677708
    endloop
  endfacet
  facet normal 0 1 0
    outer loop
      vertex 184.5782637000084 16.1 9.418561972677708
      vertex 183.54511802643538 16.1 10.451935805380344
      vertex 184.71615999937057 16.1 9.55520000308752
    endloop
  endfacet
  facet normal 0 1 0
    outer loop
      vertex 184.71615999937057 16.1 9.55520000308752
      vertex 183.54511802643538 16.1 10.451935805380344
      vertex 184.84139753133059 16.1 9.705617778003216
    endloop
  endfacet
  facet normal 0.8158621639037003 0 -0.5782464262841335
    outer loop
      vertex 184.74627555906773 16.1 6.9696167930960655
      vertex 184.74627555906773 15.5 6.9696167930960655
      vertex 184.6498666703701 15.5 6.833591111004353
    endloop
  endfacet
  facet normal 0.8582759550460656 0 -0.513188449782109
    outer loop
      vertex 184.83457777649164 16.1 7.117296792566776
      vertex 184.83457777649164 15.5 7.117296792566776
      vertex 184.74627555906773 15.5 6.9696167930960655
    endloop
  endfacet
  facet normal 0.8932391637336617 0 -0.44958180164725164
    outer loop
      vertex 184.91477333009243 16.1 7.276631109416485
      vertex 184.91477333009243 15.5 7.276631109416485
      vertex 184.83457777649164 15.5 7.117296792566776
    endloop
  endfacet
  facet normal 0.9214547358871128 0 -0.3884857393923374
    outer loop
      vertex 184.9868622198701 16.1 7.447619751095772
      vertex 184.9868622198701 15.5 7.447619751095772
      vertex 184.91477333009243 15.5 7.276631109416485
    endloop
  endfacet
  facet normal 0.8582759550460656 0 -0.513188449782109
    outer loop
      vertex 184.74627555906773 16.1 6.9696167930960655
      vertex 184.83457777649164 16.1 7.117296792566776
      vertex 184.74627555906773 15.5 6.9696167930960655
    endloop
  endfacet
  facet normal 0.8932391637336617 0 -0.44958180164725164
    outer loop
      vertex 184.83457777649164 16.1 7.117296792566776
      vertex 184.91477333009243 16.1 7.276631109416485
      vertex 184.83457777649164 15.5 7.117296792566776
    endloop
  endfacet
  facet normal 0.9214547358871128 0 -0.3884857393923374
    outer loop
      vertex 184.91477333009243 16.1 7.276631109416485
      vertex 184.9868622198701 16.1 7.447619751095772
      vertex 184.91477333009243 15.5 7.276631109416485
    endloop
  endfacet
  facet normal 0 0 -1
    outer loop
      vertex 186.54472000151873 16.1 6.180799998342991
      vertex 191.13976000249386 16.1 6.180799998342991
      vertex 186.54472000151873 15.5 6.180799998342991
    endloop
  endfacet
  facet normal 0 1 0
    outer loop
      vertex 186.54472000151873 16.1 6.180799998342991
      vertex 187.92815999686718 16.1 7.314640000462532
      vertex 191.13976000249386 16.1 6.180799998342991
    endloop
  endfacet
  facet normal 0.9437661802056166 0 -0.33061366744298315
    outer loop
      vertex 185.05084444582462 16.1 7.630262717604637
      vertex 185.05084444582462 15.5 7.630262717604637
      vertex 184.9868622198701 15.5 7.447619751095772
    endloop
  endfacet
  facet normal 0.9610494867446557 0 -0.27637634491365864
    outer loop
      vertex 185.10672000050545 16.1 7.8245600014925
      vertex 185.10672000050545 15.5 7.8245600014925
      vertex 185.05084444582462 15.5 7.630262717604637
    endloop
  endfacet
  facet normal 0.9437661802056166 0 -0.33061366744298315
    outer loop
      vertex 184.9868622198701 16.1 7.447619751095772
      vertex 185.05084444582462 16.1 7.630262717604637
      vertex 184.9868622198701 15.5 7.447619751095772
    endloop
  endfacet
  facet normal 0.9610494867446557 0 -0.27637634491365864
    outer loop
      vertex 185.05084444582462 16.1 7.630262717604637
      vertex 185.10672000050545 16.1 7.8245600014925
      vertex 185.05084444582462 15.5 7.630262717604637
    endloop
  endfacet
  facet normal -0.9980973120440274 0 -0.06165837891550065
    outer loop
      vertex 186.54472000151873 16.1 6.180799998342991
      vertex 186.54472000151873 15.5 6.180799998342991
      vertex 186.2789599969983 15.5 10.482799999415874
    endloop
  endfacet
  facet normal 0.7684991433057721 0 -0.6398508160018976
    outer loop
      vertex 184.84139753133059 16.1 9.705617778003216
      vertex 184.84139753133059 15.5 9.705617778003216
      vertex 184.71615999937057 15.5 9.55520000308752
    endloop
  endfacet
  facet normal 0.8260098579213558 0 -0.5636556702604363
    outer loop
      vertex 184.95190123468637 16.1 9.867555558681488
      vertex 184.95190123468637 15.5 9.867555558681488
      vertex 184.84139753133059 15.5 9.705617778003216
    endloop
  endfacet
  facet normal 0.8754302728879053 0 -0.48334442927524024
    outer loop
      vertex 185.04767110943794 16.1 10.041013330221176
      vertex 185.04767110943794 15.5 10.041013330221176
      vertex 184.95190123468637 15.5 9.867555558681488
    endloop
  endfacet
  facet normal 0.7684991433057721 0 -0.6398508160018976
    outer loop
      vertex 184.71615999937057 16.1 9.55520000308752
      vertex 184.84139753133059 16.1 9.705617778003216
      vertex 184.71615999937057 15.5 9.55520000308752
    endloop
  endfacet
  facet normal 0.8260098579213558 0 -0.5636556702604363
    outer loop
      vertex 184.84139753133059 16.1 9.705617778003216
      vertex 184.95190123468637 16.1 9.867555558681488
      vertex 184.84139753133059 15.5 9.705617778003216
    endloop
  endfacet
  facet normal 0.8754302728879053 0 -0.48334442927524024
    outer loop
      vertex 184.95190123468637 16.1 9.867555558681488
      vertex 185.04767110943794 16.1 10.041013330221176
      vertex 184.95190123468637 15.5 9.867555558681488
    endloop
  endfacet
  facet normal -0.9980973120440274 0 -0.06165837891550065
    outer loop
      vertex 186.54472000151873 16.1 6.180799998342991
      vertex 186.2789599969983 15.5 10.482799999415874
      vertex 186.2789599969983 16.1 10.482799999415874
    endloop
  endfacet
  facet normal 0 1 0
    outer loop
      vertex 186.54472000151873 16.1 6.180799998342991
      vertex 187.80336000025272 16.1 9.24592000246048
      vertex 187.92815999686718 16.1 7.314640000462532
    endloop
  endfacet
  facet normal 0 1 0
    outer loop
      vertex 186.54472000151873 16.1 6.180799998342991
      vertex 186.2789599969983 16.1 10.482799999415874
      vertex 187.80336000025272 16.1 9.24592000246048
    endloop
  endfacet
  facet normal 0.9979186212378178 0 0.06448585416052725
    outer loop
      vertex 187.92815999686718 16.1 7.314640000462532
      vertex 187.80336000025272 16.1 9.24592000246048
      vertex 187.92815999686718 15.5 7.314640000462532
    endloop
  endfacet
  facet normal 0.9979186212378178 0 0.06448585416052725
    outer loop
      vertex 187.80336000025272 16.1 9.24592000246048
      vertex 187.80336000025272 15.5 9.24592000246048
      vertex 187.92815999686718 15.5 7.314640000462532
    endloop
  endfacet
  facet normal -0.6297887855271442 0 -0.776766429259301
    outer loop
      vertex 187.92974419891834 16.1 9.143449880182743
      vertex 187.92974419891834 15.5 9.143449880182743
      vertex 187.80336000025272 15.5 9.24592000246048
    endloop
  endfacet
  facet normal -0.5615824494010628 0 -0.8274207832322696
    outer loop
      vertex 188.06295901536942 16.1 9.05303505808115
      vertex 188.06295901536942 15.5 9.05303505808115
      vertex 187.92974419891834 15.5 9.143449880182743
    endloop
  endfacet
  facet normal -0.4882905361389587 0 -0.8726811286587606
    outer loop
      vertex 188.06295901536942 16.1 9.05303505808115
      vertex 188.20300444215536 16.1 8.974675558507442
      vertex 188.06295901536942 15.5 9.05303505808115
    endloop
  endfacet
  facet normal -0.6297887855271442 0 -0.776766429259301
    outer loop
      vertex 187.80336000025272 16.1 9.24592000246048
      vertex 187.92974419891834 16.1 9.143449880182743
      vertex 187.80336000025272 15.5 9.24592000246048
    endloop
  endfacet
  facet normal -0.5615824494010628 0 -0.8274207832322696
    outer loop
      vertex 187.92974419891834 16.1 9.143449880182743
      vertex 188.06295901536942 16.1 9.05303505808115
      vertex 187.92974419891834 15.5 9.143449880182743
    endloop
  endfacet
  facet normal -0.4882905361389587 0 -0.8726811286587606
    outer loop
      vertex 188.20300444215536 16.1 8.974675558507442
      vertex 188.20300444215536 15.5 8.974675558507442
      vertex 188.06295901536942 15.5 9.05303505808115
    endloop
  endfacet
  facet normal -0.41144796126191024 0 -0.9114332532738849
    outer loop
      vertex 188.34988049417734 16.1 8.908371359109879
      vertex 188.34988049417734 15.5 8.908371359109879
      vertex 188.20300444215536 15.5 8.974675558507442
    endloop
  endfacet
  facet normal -0.33281727489294255 0 -0.9429913369341393
    outer loop
      vertex 188.50358716398478 16.1 8.854122467339039
      vertex 188.50358716398478 15.5 8.854122467339039
      vertex 188.34988049417734 15.5 8.908371359109879
    endloop
  endfacet
  facet normal -0.25419424162792476 0 -0.9671531872062482
    outer loop
      vertex 188.66412444412708 16.1 8.811928890645504
      vertex 188.66412444412708 15.5 8.811928890645504
      vertex 188.50358716398478 15.5 8.854122467339039
    endloop
  endfacet
  facet normal -0.41144796126191024 0 -0.9114332532738849
    outer loop
      vertex 188.20300444215536 16.1 8.974675558507442
      vertex 188.34988049417734 16.1 8.908371359109879
      vertex 188.20300444215536 15.5 8.974675558507442
    endloop
  endfacet
  facet normal -0.33281727489294255 0 -0.9429913369341393
    outer loop
      vertex 188.34988049417734 16.1 8.908371359109879
      vertex 188.50358716398478 16.1 8.854122467339039
      vertex 188.34988049417734 15.5 8.908371359109879
    endloop
  endfacet
  facet normal -0.25419424162792476 0 -0.9671531872062482
    outer loop
      vertex 188.50358716398478 16.1 8.854122467339039
      vertex 188.66412444412708 16.1 8.811928890645504
      vertex 188.50358716398478 15.5 8.854122467339039
    endloop
  endfacet
  facet normal 0 1 0
    outer loop
      vertex 188.06295901536942 16.1 9.05303505808115
      vertex 188.53094222396612 16.1 10.013575308024883
      vertex 188.20300444215536 16.1 8.974675558507442
    endloop
  endfacet
  facet normal 0 1 0
    outer loop
      vertex 188.20300444215536 16.1 8.974675558507442
      vertex 188.53094222396612 16.1 10.013575308024883
      vertex 188.34988049417734 16.1 8.908371359109879
    endloop
  endfacet
  facet normal 0 1 0
    outer loop
      vertex 188.34988049417734 16.1 8.908371359109879
      vertex 188.66335111111403 16.1 9.995293825864792
      vertex 188.50358716398478 16.1 8.854122467339039
    endloop
  endfacet
  facet normal 0 1 0
    outer loop
      vertex 187.92974419891834 16.1 9.143449880182743
      vertex 188.40429333597422 16.1 10.044044442474842
      vertex 188.06295901536942 16.1 9.05303505808115
    endloop
  endfacet
  facet normal 0 1 0
    outer loop
      vertex 187.80336000025272 16.1 9.24592000246048
      vertex 188.40429333597422 16.1 10.044044442474842
      vertex 187.92974419891834 16.1 9.143449880182743
    endloop
  endfacet
  facet normal 0 1 0
    outer loop
      vertex 187.80336000025272 16.1 9.24592000246048
      vertex 187.85744889080524 16.1 10.37920493632555
      vertex 187.95529777556658 16.1 10.287797532975674
    endloop
  endfacet
  facet normal 0 1 0
    outer loop
      vertex 187.80336000025272 16.1 9.24592000246048
      vertex 188.1682755574584 16.1 10.141545675694942
      vertex 188.2834044471383 16.1 10.086701236665249
    endloop
  endfacet
  facet normal 0 1 0
    outer loop
      vertex 187.80336000025272 16.1 9.24592000246048
      vertex 187.95529777556658 16.1 10.287797532975674
      vertex 188.0589066669345 16.1 10.208577774465084
    endloop
  endfacet
  facet normal 0 1 0
    outer loop
      vertex 187.80336000025272 16.1 9.24592000246048
      vertex 188.0589066669345 16.1 10.208577774465084
      vertex 188.1682755574584 16.1 10.141545675694942
    endloop
  endfacet
  facet normal 0 1 0
    outer loop
      vertex 188.34988049417734 16.1 8.908371359109879
      vertex 188.53094222396612 16.1 10.013575308024883
      vertex 188.66335111111403 16.1 9.995293825864792
    endloop
  endfacet
  facet normal 0 1 0
    outer loop
      vertex 187.80336000025272 16.1 9.24592000246048
      vertex 188.2834044471383 16.1 10.086701236665249
      vertex 188.40429333597422 16.1 10.044044442474842
    endloop
  endfacet
  facet normal 0 1 0
    outer loop
      vertex 188.06295901536942 16.1 9.05303505808115
      vertex 188.40429333597422 16.1 10.044044442474842
      vertex 188.53094222396612 16.1 10.013575308024883
    endloop
  endfacet
  facet normal 0 0 -1
    outer loop
      vertex 191.13976000249386 16.1 6.180799998342991
      vertex 191.13976000249386 15.5 6.180799998342991
      vertex 186.54472000151873 15.5 6.180799998342991
    endloop
  endfacet
  facet normal 0 0 1
    outer loop
      vertex 187.92815999686718 16.1 7.314640000462532
      vertex 187.92815999686718 15.5 7.314640000462532
      vertex 191.13976000249386 15.5 7.314640000462532
    endloop
  endfacet
  facet normal 0 1 0
    outer loop
      vertex 187.92815999686718 16.1 7.314640000462532
      vertex 191.13976000249386 16.1 7.314640000462532
      vertex 191.13976000249386 16.1 6.180799998342991
    endloop
  endfacet
  facet normal 0 0 1
    outer loop
      vertex 187.92815999686718 16.1 7.314640000462532
      vertex 191.13976000249386 15.5 7.314640000462532
      vertex 191.13976000249386 16.1 7.314640000462532
    endloop
  endfacet
  facet normal 1 0 0
    outer loop
      vertex 191.13976000249386 16.1 6.180799998342991
      vertex 191.13976000249386 16.1 7.314640000462532
      vertex 191.13976000249386 15.5 6.180799998342991
    endloop
  endfacet
  facet normal 1 0 0
    outer loop
      vertex 191.13976000249386 16.1 7.314640000462532
      vertex 191.13976000249386 15.5 7.314640000462532
      vertex 191.13976000249386 15.5 6.180799998342991
    endloop
  endfacet
  facet normal -0.17722165944246623 0 -0.9841709624981111
    outer loop
      vertex 188.83149234205484 16.1 8.781790614128113
      vertex 188.83149234205484 15.5 8.781790614128113
      vertex 188.66412444412708 15.5 8.811928890645504
    endloop
  endfacet
  facet normal -0.10325180825141675 0 -0.9946552488640538
    outer loop
      vertex 189.00569086521864 16.1 8.763707652688026
      vertex 189.00569086521864 15.5 8.763707652688026
      vertex 188.83149234205484 15.5 8.781790614128113
    endloop
  endfacet
  facet normal -0.17722165944246623 0 -0.9841709624981111
    outer loop
      vertex 188.66412444412708 16.1 8.811928890645504
      vertex 188.83149234205484 16.1 8.781790614128113
      vertex 188.66412444412708 15.5 8.811928890645504
    endloop
  endfacet
  facet normal -0.10325180825141675 0 -0.9946552488640538
    outer loop
      vertex 188.83149234205484 16.1 8.781790614128113
      vertex 189.00569086521864 16.1 8.763707652688026
      vertex 188.83149234205484 15.5 8.781790614128113
    endloop
  endfacet
  facet normal -0.033278153375029255 0 -0.9994461288673582
    outer loop
      vertex 189.00569086521864 16.1 8.763707652688026
      vertex 189.1867199987173 16.1 8.757679998874664
      vertex 189.00569086521864 15.5 8.763707652688026
    endloop
  endfacet
  facet normal 0 1 0
    outer loop
      vertex 188.50358716398478 16.1 8.854122467339039
      vertex 188.80151999741793 16.1 9.989200003445148
      vertex 188.66412444412708 16.1 8.811928890645504
    endloop
  endfacet
  facet normal 0 1 0
    outer loop
      vertex 188.66412444412708 16.1 8.811928890645504
      vertex 188.80151999741793 16.1 9.989200003445148
      vertex 188.83149234205484 16.1 8.781790614128113
    endloop
  endfacet
  facet normal 0 1 0
    outer loop
      vertex 188.83149234205484 16.1 8.781790614128113
      vertex 188.92615900933743 16.1 9.993654318153858
      vertex 189.00569086521864 16.1 8.763707652688026
    endloop
  endfacet
  facet normal 0 1 0
    outer loop
      vertex 189.00569086521864 16.1 8.763707652688026
      vertex 189.0445027127862 16.1 10.00701728463173
      vertex 189.1867199987173 16.1 8.757679998874664
    endloop
  endfacet
  facet normal -0.033278153375029255 0 -0.9994461288673582
    outer loop
      vertex 189.1867199987173 16.1 8.757679998874664
      vertex 189.1867199987173 15.5 8.757679998874664
      vertex 189.00569086521864 15.5 8.763707652688026
    endloop
  endfacet
  facet normal 0.035316303723948034 0 -0.9993761847729201
    outer loop
      vertex 189.4236395061016 16.1 8.766052342951298
      vertex 189.4236395061016 15.5 8.766052342951298
      vertex 189.1867199987173 15.5 8.757679998874664
    endloop
  endfacet
  facet normal 0.11039151684494052 0 -0.9938881793283757
    outer loop
      vertex 189.64977580308914 16.1 8.791169382631779
      vertex 189.64977580308914 15.5 8.791169382631779
      vertex 189.4236395061016 15.5 8.766052342951298
    endloop
  endfacet
  facet normal 0.035316303723948034 0 -0.9993761847729201
    outer loop
      vertex 189.1867199987173 16.1 8.757679998874664
      vertex 189.4236395061016 16.1 8.766052342951298
      vertex 189.1867199987173 15.5 8.757679998874664
    endloop
  endfacet
  facet normal 0.11039151684494052 0 -0.9938881793283757
    outer loop
      vertex 189.4236395061016 16.1 8.766052342951298
      vertex 189.64977580308914 16.1 8.791169382631779
      vertex 189.4236395061016 15.5 8.766052342951298
    endloop
  endfacet
  facet normal 0 1 0
    outer loop
      vertex 189.1867199987173 16.1 8.757679998874664
      vertex 189.15655110776424 16.1 10.0292888879776
      vertex 189.4236395061016 16.1 8.766052342951298
    endloop
  endfacet
  facet normal 0 1 0
    outer loop
      vertex 189.4236395061016 16.1 8.766052342951298
      vertex 189.26230419427156 16.1 10.060469135642052
      vertex 189.64977580308914 16.1 8.791169382631779
    endloop
  endfacet
  facet normal 0.04406132548417418 0 0.9990288282109668
    outer loop
      vertex 188.66335111111403 16.1 9.995293825864792
      vertex 188.66335111111403 15.5 9.995293825864792
      vertex 188.80151999741793 15.5 9.989200003445148
    endloop
  endfacet
  facet normal -0.0357149248060922 0 0.9993620185628906
    outer loop
      vertex 188.80151999741793 16.1 9.989200003445148
      vertex 188.80151999741793 15.5 9.989200003445148
      vertex 188.92615900933743 15.5 9.993654318153858
    endloop
  endfacet
  facet normal -0.1122035412626855 0 0.9936852445961512
    outer loop
      vertex 188.92615900933743 16.1 9.993654318153858
      vertex 188.92615900933743 15.5 9.993654318153858
      vertex 189.0445027127862 15.5 10.00701728463173
    endloop
  endfacet
  facet normal 0 1 0
    outer loop
      vertex 188.50358716398478 16.1 8.854122467339039
      vertex 188.66335111111403 16.1 9.995293825864792
      vertex 188.80151999741793 16.1 9.989200003445148
    endloop
  endfacet
  facet normal 0 1 0
    outer loop
      vertex 188.83149234205484 16.1 8.781790614128113
      vertex 188.80151999741793 16.1 9.989200003445148
      vertex 188.92615900933743 16.1 9.993654318153858
    endloop
  endfacet
  facet normal 0 1 0
    outer loop
      vertex 189.00569086521864 16.1 8.763707652688026
      vertex 188.92615900933743 16.1 9.993654318153858
      vertex 189.0445027127862 16.1 10.00701728463173
    endloop
  endfacet
  facet normal 0.04406132548417418 0 0.9990288282109668
    outer loop
      vertex 188.66335111111403 16.1 9.995293825864792
      vertex 188.80151999741793 15.5 9.989200003445148
      vertex 188.80151999741793 16.1 9.989200003445148
    endloop
  endfacet
  facet normal -0.0357149248060922 0 0.9993620185628906
    outer loop
      vertex 188.80151999741793 16.1 9.989200003445148
      vertex 188.92615900933743 15.5 9.993654318153858
      vertex 188.92615900933743 16.1 9.993654318153858
    endloop
  endfacet
  facet normal 0 1 0
    outer loop
      vertex 189.1867199987173 16.1 8.757679998874664
      vertex 189.0445027127862 16.1 10.00701728463173
      vertex 189.15655110776424 16.1 10.0292888879776
    endloop
  endfacet
  facet normal 0 1 0
    outer loop
      vertex 189.4236395061016 16.1 8.766052342951298
      vertex 189.15655110776424 16.1 10.0292888879776
      vertex 189.26230419427156 16.1 10.060469135642052
    endloop
  endfacet
  facet normal 0 1 0
    outer loop
      vertex 189.64977580308914 16.1 8.791169382631779
      vertex 189.26230419427156 16.1 10.060469135642052
      vertex 189.36176197230816 16.1 10.100558027625084
    endloop
  endfacet
  facet normal 0 1 0
    outer loop
      vertex 189.8651288896799 16.1 8.833031110465527
      vertex 189.36176197230816 16.1 10.100558027625084
      vertex 189.45492444187403 16.1 10.149555556476116
    endloop
  endfacet
  facet normal 0.19081482956266582 0 -0.9816260493787696
    outer loop
      vertex 189.8651288896799 16.1 8.833031110465527
      vertex 189.8651288896799 15.5 8.833031110465527
      vertex 189.64977580308914 15.5 8.791169382631779
    endloop
  endfacet
  facet normal 0.27540701581383076 0 -0.9613277150069691
    outer loop
      vertex 190.0696987658739 16.1 8.891637533903122
      vertex 190.0696987658739 15.5 8.891637533903122
      vertex 189.8651288896799 15.5 8.833031110465527
    endloop
  endfacet
  facet normal 0.19081482956266582 0 -0.9816260493787696
    outer loop
      vertex 189.64977580308914 16.1 8.791169382631779
      vertex 189.8651288896799 16.1 8.833031110465527
      vertex 189.64977580308914 15.5 8.791169382631779
    endloop
  endfacet
  facet normal 0.27540701581383076 0 -0.9613277150069691
    outer loop
      vertex 189.8651288896799 16.1 8.833031110465527
      vertex 190.0696987658739 16.1 8.891637533903122
      vertex 189.8651288896799 15.5 8.833031110465527
    endloop
  endfacet
  facet normal 0 1 0
    outer loop
      vertex 189.64977580308914 16.1 8.791169382631779
      vertex 189.36176197230816 16.1 10.100558027625084
      vertex 189.8651288896799 16.1 8.833031110465527
    endloop
  endfacet
  facet normal 0 1 0
    outer loop
      vertex 189.8651288896799 16.1 8.833031110465527
      vertex 189.45492444187403 16.1 10.149555556476116
      vertex 190.0696987658739 16.1 8.891637533903122
    endloop
  endfacet
  facet normal 0 1 0
    outer loop
      vertex 190.0696987658739 16.1 8.891637533903122
      vertex 189.54179160296917 16.1 10.207461729645729
      vertex 190.26348543167114 16.1 8.966988645493984
    endloop
  endfacet
  facet normal 0.3624029397864723 0 -0.9320215175810709
    outer loop
      vertex 190.26348543167114 16.1 8.966988645493984
      vertex 190.26348543167114 15.5 8.966988645493984
      vertex 190.0696987658739 15.5 8.891637533903122
    endloop
  endfacet
  facet normal 0.4495318872681031 0 -0.8932642847047997
    outer loop
      vertex 190.4464888870716 16.1 9.059084445238113
      vertex 190.4464888870716 15.5 9.059084445238113
      vertex 190.26348543167114 15.5 8.966988645493984
    endloop
  endfacet
  facet normal 0.534237917652819 0 -0.8453341631224778
    outer loop
      vertex 190.6187091395259 16.1 9.16792494058609
      vertex 190.6187091395259 15.5 9.16792494058609
      vertex 190.4464888870716 15.5 9.059084445238113
    endloop
  endfacet
  facet normal 0.3624029397864723 0 -0.9320215175810709
    outer loop
      vertex 190.0696987658739 16.1 8.891637533903122
      vertex 190.26348543167114 16.1 8.966988645493984
      vertex 190.0696987658739 15.5 8.891637533903122
    endloop
  endfacet
  facet normal 0.4495318872681031 0 -0.8932642847047997
    outer loop
      vertex 190.26348543167114 16.1 8.966988645493984
      vertex 190.4464888870716 16.1 9.059084445238113
      vertex 190.26348543167114 15.5 8.966988645493984
    endloop
  endfacet
  facet normal 0.534237917652819 0 -0.8453341631224778
    outer loop
      vertex 190.4464888870716 16.1 9.059084445238113
      vertex 190.6187091395259 16.1 9.16792494058609
      vertex 190.4464888870716 15.5 9.059084445238113
    endloop
  endfacet
  facet normal 0 1 0
    outer loop
      vertex 190.26348543167114 16.1 8.966988645493984
      vertex 189.54179160296917 16.1 10.207461729645729
      vertex 190.4464888870716 16.1 9.059084445238113
    endloop
  endfacet
  facet normal 0 1 0
    outer loop
      vertex 190.0696987658739 16.1 8.891637533903122
      vertex 189.45492444187403 16.1 10.149555556476116
      vertex 189.54179160296917 16.1 10.207461729645729
    endloop
  endfacet
  facet normal 0 1 0
    outer loop
      vertex 190.4464888870716 16.1 9.059084445238113
      vertex 189.54179160296917 16.1 10.207461729645729
      vertex 189.6223634555936 16.1 10.274276539683342
    endloop
  endfacet
  facet normal 0 1 0
    outer loop
      vertex 190.6187091395259 16.1 9.16792494058609
      vertex 189.6223634555936 16.1 10.274276539683342
      vertex 189.69663999974728 16.1 10.350000001490116
    endloop
  endfacet
  facet normal 0 1 0
    outer loop
      vertex 190.4464888870716 16.1 9.059084445238113
      vertex 189.6223634555936 16.1 10.274276539683342
      vertex 190.6187091395259 16.1 9.16792494058609
    endloop
  endfacet
  facet normal 0 1 0
    outer loop
      vertex 190.6187091395259 16.1 9.16792494058609
      vertex 189.69663999974728 16.1 10.350000001490116
      vertex 190.78014617413282 16.1 9.293510124087334
    endloop
  endfacet
  facet normal 0 1 0
    outer loop
      vertex 190.78014617413282 16.1 9.293510124087334
      vertex 189.69663999974728 16.1 10.350000001490116
      vertex 190.930799998343 16.1 9.435840003192425
    endloop
  endfacet
  facet normal 0 1 0
    outer loop
      vertex 190.930799998343 16.1 9.435840003192425
      vertex 189.76381728053093 16.1 10.433140739798546
      vertex 191.06800889223814 16.1 9.592553086578846
    endloop
  endfacet
  facet normal 0.614010815581988 0 -0.7892976107580347
    outer loop
      vertex 190.78014617413282 16.1 9.293510124087334
      vertex 190.78014617413282 15.5 9.293510124087334
      vertex 190.6187091395259 15.5 9.16792494058609
    endloop
  endfacet
  facet normal 0.614010815581988 0 -0.7892976107580347
    outer loop
      vertex 190.6187091395259 16.1 9.16792494058609
      vertex 190.78014617413282 16.1 9.293510124087334
      vertex 190.6187091395259 15.5 9.16792494058609
    endloop
  endfacet
  facet normal 0.6867401001346928 0 -0.7269030436495587
    outer loop
      vertex 190.78014617413282 16.1 9.293510124087334
      vertex 190.930799998343 16.1 9.435840003192425
      vertex 190.78014617413282 15.5 9.293510124087334
    endloop
  endfacet
  facet normal 0.6867401001346928 0 -0.7269030436495587
    outer loop
      vertex 190.930799998343 16.1 9.435840003192425
      vertex 190.930799998343 15.5 9.435840003192425
      vertex 190.78014617413282 15.5 9.293510124087334
    endloop
  endfacet
  facet normal 0.75237455242109 0 -0.6587355560990803
    outer loop
      vertex 191.06800889223814 16.1 9.592553086578846
      vertex 191.06800889223814 15.5 9.592553086578846
      vertex 190.930799998343 15.5 9.435840003192425
    endloop
  endfacet
  facet normal 0.75237455242109 0 -0.6587355560990803
    outer loop
      vertex 190.930799998343 16.1 9.435840003192425
      vertex 191.06800889223814 16.1 9.592553086578846
      vertex 190.930799998343 15.5 9.435840003192425
    endloop
  endfacet
  facet normal 0 1 0
    outer loop
      vertex 191.06800889223814 16.1 9.592553086578846
      vertex 189.8230913579464 16.1 10.522242963314056
      vertex 191.1890755519271 16.1 9.76132345944643
    endloop
  endfacet
  facet normal 0.8125558961180296 0 -0.5828832779243422
    outer loop
      vertex 191.1890755519271 16.1 9.76132345944643
      vertex 191.1890755519271 15.5 9.76132345944643
      vertex 191.06800889223814 15.5 9.592553086578846
    endloop
  endfacet
  facet normal 0.8649389868910679 0 -0.5018770257302612
    outer loop
      vertex 191.29399999976158 16.1 9.942151114344597
      vertex 191.29399999976158 15.5 9.942151114344597
      vertex 191.1890755519271 15.5 9.76132345944643
    endloop
  endfacet
  facet normal 0.8125558961180296 0 -0.5828832779243422
    outer loop
      vertex 191.06800889223814 16.1 9.592553086578846
      vertex 191.1890755519271 16.1 9.76132345944643
      vertex 191.06800889223814 15.5 9.592553086578846
    endloop
  endfacet
  facet normal 0.8649389868910679 0 -0.5018770257302612
    outer loop
      vertex 191.1890755519271 16.1 9.76132345944643
      vertex 191.29399999976158 16.1 9.942151114344597
      vertex 191.1890755519271 15.5 9.76132345944643
    endloop
  endfacet
  facet normal 0 1 0
    outer loop
      vertex 181.43400000035763 16.1 9.745039999485016
      vertex 179.94216000288725 16.1 10.179039999842644
      vertex 181.78256790339947 16.1 10.424232095479965
    endloop
  endfacet
  facet normal 0 1 0
    outer loop
      vertex 179.94216000288725 16.1 10.179039999842644
      vertex 181.67756444215775 16.1 10.588328890502453
      vertex 181.72631604969501 16.1 10.503701731562614
    endloop
  endfacet
  facet normal 0 1 0
    outer loop
      vertex 179.94216000288725 16.1 10.179039999842644
      vertex 181.72631604969501 16.1 10.503701731562614
      vertex 181.78256790339947 16.1 10.424232095479965
    endloop
  endfacet
  facet normal 0 1 0
    outer loop
      vertex 179.94216000288725 16.1 10.179039999842644
      vertex 181.63631308823824 16.1 10.678113579750061
      vertex 181.67756444215775 16.1 10.588328890502453
    endloop
  endfacet
  facet normal 0 1 0
    outer loop
      vertex 179.94216000288725 16.1 10.179039999842644
      vertex 181.60256197303534 16.1 10.773055799305439
      vertex 181.63631308823824 16.1 10.678113579750061
    endloop
  endfacet
  facet normal 0.8665034221081507 0 0.49917113245345435
    outer loop
      vertex 181.67756444215775 16.1 10.588328890502453
      vertex 181.67756444215775 15.5 10.588328890502453
      vertex 181.72631604969501 15.5 10.503701731562614
    endloop
  endfacet
  facet normal 0 1 0
    outer loop
      vertex 181.43400000035763 16.1 9.745039999485016
      vertex 181.8463200032711 16.1 10.349919997155666
      vertex 181.91631703823805 16.1 10.282171852886677
    endloop
  endfacet
  facet normal 0 1 0
    outer loop
      vertex 181.43400000035763 16.1 9.745039999485016
      vertex 181.78256790339947 16.1 10.424232095479965
      vertex 181.8463200032711 16.1 10.349919997155666
    endloop
  endfacet
  facet normal 0.8665034221081507 0 0.49917113245345435
    outer loop
      vertex 181.67756444215775 16.1 10.588328890502453
      vertex 181.72631604969501 15.5 10.503701731562614
      vertex 181.72631604969501 16.1 10.503701731562614
    endloop
  endfacet
  facet normal 0.9086809555299465 0 0.4174912227307101
    outer loop
      vertex 181.67756444215775 16.1 10.588328890502453
      vertex 181.63631308823824 16.1 10.678113579750061
      vertex 181.67756444215775 15.5 10.588328890502453
    endloop
  endfacet
  facet normal 0 1 0
    outer loop
      vertex 179.95110123604536 16.1 10.581265188753605
      vertex 181.5763111114502 16.1 10.873155556619167
      vertex 181.60256197303534 16.1 10.773055799305439
    endloop
  endfacet
  facet normal 0 1 0
    outer loop
      vertex 179.95110123604536 16.1 10.581265188753605
      vertex 181.55756049603224 16.1 10.978412836790085
      vertex 181.5763111114502 16.1 10.873155556619167
    endloop
  endfacet
  facet normal 0 1 0
    outer loop
      vertex 179.9779249355197 16.1 10.960918515920639
      vertex 181.54631012678146 16.1 11.088827654719353
      vertex 181.55756049603224 16.1 10.978412836790085
    endloop
  endfacet
  facet normal 0 1 0
    outer loop
      vertex 179.9779249355197 16.1 10.960918515920639
      vertex 181.54256000369787 16.1 11.20440000295639
      vertex 181.54631012678146 16.1 11.088827654719353
    endloop
  endfacet
  facet normal 0.9086809555299465 0 0.4174912227307101
    outer loop
      vertex 181.63631308823824 16.1 10.678113579750061
      vertex 181.63631308823824 15.5 10.678113579750061
      vertex 181.67756444215775 15.5 10.588328890502453
    endloop
  endfacet
  facet normal 0.9422338553597788 0 0.3349557609802336
    outer loop
      vertex 181.60256197303534 16.1 10.773055799305439
      vertex 181.60256197303534 15.5 10.773055799305439
      vertex 181.63631308823824 15.5 10.678113579750061
    endloop
  endfacet
  facet normal 0.9672910360467728 0 0.2536691774409354
    outer loop
      vertex 181.5763111114502 16.1 10.873155556619167
      vertex 181.5763111114502 15.5 10.873155556619167
      vertex 181.60256197303534 15.5 10.773055799305439
    endloop
  endfacet
  facet normal 0.9845008574775975 0 0.17537976401476607
    outer loop
      vertex 181.55756049603224 16.1 10.978412836790085
      vertex 181.55756049603224 15.5 10.978412836790085
      vertex 181.5763111114502 15.5 10.873155556619167
    endloop
  endfacet
  facet normal 0.994849098972333 0 0.10136700781781696
    outer loop
      vertex 181.54631012678146 16.1 11.088827654719353
      vertex 181.54631012678146 15.5 11.088827654719353
      vertex 181.55756049603224 15.5 10.978412836790085
    endloop
  endfacet
  facet normal 0.9994739701485988 0 0.03243120403866543
    outer loop
      vertex 181.54256000369787 16.1 11.20440000295639
      vertex 181.54256000369787 15.5 11.20440000295639
      vertex 181.54631012678146 15.5 11.088827654719353
    endloop
  endfacet
  facet normal 0.9422338553597788 0 0.3349557609802336
    outer loop
      vertex 181.63631308823824 16.1 10.678113579750061
      vertex 181.60256197303534 16.1 10.773055799305439
      vertex 181.63631308823824 15.5 10.678113579750061
    endloop
  endfacet
  facet normal 0.9672910360467728 0 0.2536691774409354
    outer loop
      vertex 181.5763111114502 16.1 10.873155556619167
      vertex 181.60256197303534 15.5 10.773055799305439
      vertex 181.60256197303534 16.1 10.773055799305439
    endloop
  endfacet
  facet normal 0.9845008574775975 0 0.17537976401476607
    outer loop
      vertex 181.5763111114502 16.1 10.873155556619167
      vertex 181.55756049603224 16.1 10.978412836790085
      vertex 181.5763111114502 15.5 10.873155556619167
    endloop
  endfacet
  facet normal 0.994849098972333 0 0.10136700781781696
    outer loop
      vertex 181.55756049603224 16.1 10.978412836790085
      vertex 181.54631012678146 16.1 11.088827654719353
      vertex 181.55756049603224 15.5 10.978412836790085
    endloop
  endfacet
  facet normal 0.9994739701485988 0 0.03243120403866543
    outer loop
      vertex 181.54631012678146 16.1 11.088827654719353
      vertex 181.54256000369787 16.1 11.20440000295639
      vertex 181.54631012678146 15.5 11.088827654719353
    endloop
  endfacet
  facet normal 0.6235297390208079 0 0.7817996319752544
    outer loop
      vertex 181.91631703823805 16.1 10.282171852886677
      vertex 181.91631703823805 15.5 10.282171852886677
      vertex 181.9912681505084 15.5 10.222394071519375
    endloop
  endfacet
  facet normal 0.45896294785928976 0 0.8884554082745575
    outer loop
      vertex 182.0711733326316 16.1 10.170586667954922
      vertex 182.0711733326316 15.5 10.170586667954922
      vertex 182.15603259205818 15.5 10.126749627292156
    endloop
  endfacet
  facet normal 0.3708676199416286 0 0.9286857425840194
    outer loop
      vertex 182.15603259205818 16.1 10.126749627292156
      vertex 182.15603259205818 15.5 10.126749627292156
      vertex 182.24584592878819 15.5 10.09088296443224
    endloop
  endfacet
  facet normal 0.5440212111741989 0 0.8390714640556892
    outer loop
      vertex 181.9912681505084 16.1 10.222394071519375
      vertex 181.9912681505084 15.5 10.222394071519375
      vertex 182.0711733326316 15.5 10.170586667954922
    endloop
  endfacet
  facet normal 0.7589738432448062 0 0.6511211141333142
    outer loop
      vertex 181.78256790339947 16.1 10.424232095479965
      vertex 181.78256790339947 15.5 10.424232095479965
      vertex 181.8463200032711 15.5 10.349919997155666
    endloop
  endfacet
  facet normal 0.6954695493379627 0 0.7185555691410728
    outer loop
      vertex 181.8463200032711 16.1 10.349919997155666
      vertex 181.8463200032711 15.5 10.349919997155666
      vertex 181.91631703823805 15.5 10.282171852886677
    endloop
  endfacet
  facet normal 0.8162140428603285 0 0.5777496311012217
    outer loop
      vertex 181.72631604969501 16.1 10.503701731562614
      vertex 181.72631604969501 15.5 10.503701731562614
      vertex 181.78256790339947 15.5 10.424232095479965
    endloop
  endfacet
  facet normal 0.6954695493379627 0 0.7185555691410728
    outer loop
      vertex 181.8463200032711 16.1 10.349919997155666
      vertex 181.91631703823805 15.5 10.282171852886677
      vertex 181.91631703823805 16.1 10.282171852886677
    endloop
  endfacet
  facet normal 0.6235297390208079 0 0.7817996319752544
    outer loop
      vertex 181.91631703823805 16.1 10.282171852886677
      vertex 181.9912681505084 15.5 10.222394071519375
      vertex 181.9912681505084 16.1 10.222394071519375
    endloop
  endfacet
  facet normal 0 1 0
    outer loop
      vertex 181.49060148000717 16.1 9.656966917216778
      vertex 181.9912681505084 16.1 10.222394071519375
      vertex 182.0711733326316 16.1 10.170586667954922
    endloop
  endfacet
  facet normal 0 1 0
    outer loop
      vertex 181.43400000035763 16.1 9.745039999485016
      vertex 181.91631703823805 16.1 10.282171852886677
      vertex 181.9912681505084 16.1 10.222394071519375
    endloop
  endfacet
  facet normal 0.45896294785928976 0 0.8884554082745575
    outer loop
      vertex 182.15603259205818 16.1 10.126749627292156
      vertex 182.0711733326316 16.1 10.170586667954922
      vertex 182.15603259205818 15.5 10.126749627292156
    endloop
  endfacet
  facet normal 0.3708676199416286 0 0.9286857425840194
    outer loop
      vertex 182.15603259205818 16.1 10.126749627292156
      vertex 182.24584592878819 15.5 10.09088296443224
      vertex 182.24584592878819 16.1 10.09088296443224
    endloop
  endfacet
  facet normal 0.5440212111741989 0 0.8390714640556892
    outer loop
      vertex 181.9912681505084 16.1 10.222394071519375
      vertex 182.0711733326316 15.5 10.170586667954922
      vertex 182.0711733326316 16.1 10.170586667954922
    endloop
  endfacet
  facet normal 0.7589738432448062 0 0.6511211141333142
    outer loop
      vertex 181.78256790339947 16.1 10.424232095479965
      vertex 181.8463200032711 15.5 10.349919997155666
      vertex 181.8463200032711 16.1 10.349919997155666
    endloop
  endfacet
  facet normal 0.8162140428603285 0 0.5777496311012217
    outer loop
      vertex 181.78256790339947 16.1 10.424232095479965
      vertex 181.72631604969501 16.1 10.503701731562614
      vertex 181.78256790339947 15.5 10.424232095479965
    endloop
  endfacet
  facet normal 0.2823855704696132 0 0.9593009900915098
    outer loop
      vertex 182.24584592878819 16.1 10.09088296443224
      vertex 182.24584592878819 15.5 10.09088296443224
      vertex 182.34061333537102 15.5 10.06298666447401
    endloop
  endfacet
  facet normal 0.19594240804389665 0 0.980615405105365
    outer loop
      vertex 182.34061333537102 16.1 10.06298666447401
      vertex 182.34061333537102 15.5 10.06298666447401
      vertex 182.44033481180668 15.5 10.04306074231863
    endloop
  endfacet
  facet normal 0.11347761426808847 0 0.9935405533042037
    outer loop
      vertex 182.44033481180668 16.1 10.04306074231863
      vertex 182.44033481180668 15.5 10.04306074231863
      vertex 182.54501037299633 15.5 10.031105183064938
    endloop
  endfacet
  facet normal 0.036327325415610665 0 0.999339944877692
    outer loop
      vertex 182.54501037299633 16.1 10.031105183064938
      vertex 182.54501037299633 15.5 10.031105183064938
      vertex 182.65463999658823 15.5 10.027120001614094
    endloop
  endfacet
  facet normal -0.0372268278727831 0 0.9993068414088488
    outer loop
      vertex 182.65463999658823 16.1 10.027120001614094
      vertex 182.65463999658823 15.5 10.027120001614094
      vertex 182.76880197227 15.5 10.031372837722301
    endloop
  endfacet
  facet normal 0.2823855704696132 0 0.9593009900915098
    outer loop
      vertex 182.24584592878819 16.1 10.09088296443224
      vertex 182.34061333537102 15.5 10.06298666447401
      vertex 182.34061333537102 16.1 10.06298666447401
    endloop
  endfacet
  facet normal 0.19594240804389665 0 0.980615405105365
    outer loop
      vertex 182.34061333537102 16.1 10.06298666447401
      vertex 182.44033481180668 15.5 10.04306074231863
      vertex 182.44033481180668 16.1 10.04306074231863
    endloop
  endfacet
  facet normal 0.11347761426808847 0 0.9935405533042037
    outer loop
      vertex 182.44033481180668 16.1 10.04306074231863
      vertex 182.54501037299633 15.5 10.031105183064938
      vertex 182.54501037299633 16.1 10.031105183064938
    endloop
  endfacet
  facet normal 0.036327325415610665 0 0.999339944877692
    outer loop
      vertex 182.54501037299633 16.1 10.031105183064938
      vertex 182.65463999658823 15.5 10.027120001614094
      vertex 182.65463999658823 16.1 10.027120001614094
    endloop
  endfacet
  facet normal 0 1 0
    outer loop
      vertex 180.02263110876083 16.1 11.318000003695488
      vertex 181.54647802561522 16.1 11.349821232259274
      vertex 181.54256000369787 16.1 11.20440000295639
    endloop
  endfacet
  facet normal 0 1 0
    outer loop
      vertex 180.08521975576878 16.1 11.65250962972641
      vertex 181.55823209881783 16.1 11.489551603794098
      vertex 181.54647802561522 16.1 11.349821232259274
    endloop
  endfacet
  facet normal 0 1 0
    outer loop
      vertex 180.08521975576878 16.1 11.65250962972641
      vertex 181.5778222233057 16.1 11.623591110110283
      vertex 181.55823209881783 16.1 11.489551603794098
    endloop
  endfacet
  facet normal 0 1 0
    outer loop
      vertex 180.16569086164236 16.1 11.964447408914566
      vertex 181.60524839162827 16.1 11.751939751207829
      vertex 181.5778222233057 16.1 11.623591110110283
    endloop
  endfacet
  facet normal 0.9996372463921452 0 -0.026932798323410393
    outer loop
      vertex 181.54647802561522 16.1 11.349821232259274
      vertex 181.54647802561522 15.5 11.349821232259274
      vertex 181.54256000369787 15.5 11.20440000295639
    endloop
  endfacet
  facet normal 0.9964806070412041 0 -0.08382362310705281
    outer loop
      vertex 181.55823209881783 16.1 11.489551603794098
      vertex 181.55823209881783 15.5 11.489551603794098
      vertex 181.54647802561522 15.5 11.349821232259274
    endloop
  endfacet
  facet normal 0.9894879252021866 0 -0.1446155105065562
    outer loop
      vertex 181.5778222233057 16.1 11.623591110110283
      vertex 181.5778222233057 15.5 11.623591110110283
      vertex 181.55823209881783 15.5 11.489551603794098
    endloop
  endfacet
  facet normal 0.9779226260067384 0 -0.20896731214255673
    outer loop
      vertex 181.60524839162827 16.1 11.751939751207829
      vertex 181.60524839162827 15.5 11.751939751207829
      vertex 181.5778222233057 15.5 11.623591110110283
    endloop
  endfacet
  facet normal 0.9610732272949152 0 -0.27629377802791066
    outer loop
      vertex 181.64051061868668 16.1 11.874597534537315
      vertex 181.64051061868668 15.5 11.874597534537315
      vertex 181.60524839162827 15.5 11.751939751207829
    endloop
  endfacet
  facet normal 0.9996372463921452 0 -0.026932798323410393
    outer loop
      vertex 181.54256000369787 16.1 11.20440000295639
      vertex 181.54647802561522 16.1 11.349821232259274
      vertex 181.54256000369787 15.5 11.20440000295639
    endloop
  endfacet
  facet normal 0.9964806070412041 0 -0.08382362310705281
    outer loop
      vertex 181.54647802561522 16.1 11.349821232259274
      vertex 181.55823209881783 16.1 11.489551603794098
      vertex 181.54647802561522 15.5 11.349821232259274
    endloop
  endfacet
  facet normal 0.9894879252021866 0 -0.1446155105065562
    outer loop
      vertex 181.55823209881783 16.1 11.489551603794098
      vertex 181.5778222233057 16.1 11.623591110110283
      vertex 181.55823209881783 15.5 11.489551603794098
    endloop
  endfacet
  facet normal 0.9779226260067384 0 -0.20896731214255673
    outer loop
      vertex 181.5778222233057 16.1 11.623591110110283
      vertex 181.60524839162827 16.1 11.751939751207829
      vertex 181.5778222233057 15.5 11.623591110110283
    endloop
  endfacet
  facet normal 0.9610732272949152 0 -0.27629377802791066
    outer loop
      vertex 181.60524839162827 16.1 11.751939751207829
      vertex 181.64051061868668 16.1 11.874597534537315
      vertex 181.60524839162827 15.5 11.751939751207829
    endloop
  endfacet
  facet normal 0 1 0
    outer loop
      vertex 180.26404444128275 16.1 12.253813333809376
      vertex 181.64051061868668 16.1 11.874597534537315
      vertex 181.60524839162827 16.1 11.751939751207829
    endloop
  endfacet
  facet normal 0 1 0
    outer loop
      vertex 180.26404444128275 16.1 12.253813333809376
      vertex 181.68360888957977 16.1 11.991564445197582
      vertex 181.64051061868668 16.1 11.874597534537315
    endloop
  endfacet
  facet normal 0 1 0
    outer loop
      vertex 180.26404444128275 16.1 12.253813333809376
      vertex 180.38028049468994 16.1 12.520607404410839
      vertex 181.68360888957977 16.1 11.991564445197582
    endloop
  endfacet
  facet normal 0 1 0
    outer loop
      vertex 181.73454321175814 16.1 12.10284049063921
      vertex 180.38028049468994 16.1 12.520607404410839
      vertex 180.51439901441336 16.1 12.764829628169537
    endloop
  endfacet
  facet normal 0.938329587838439 0 -0.3457420781260869
    outer loop
      vertex 181.68360888957977 16.1 11.991564445197582
      vertex 181.68360888957977 15.5 11.991564445197582
      vertex 181.64051061868668 15.5 11.874597534537315
    endloop
  endfacet
  facet normal 0.9092726908747268 0 -0.41620088134149064
    outer loop
      vertex 181.73454321175814 16.1 12.10284049063921
      vertex 181.73454321175814 15.5 12.10284049063921
      vertex 181.68360888957977 15.5 11.991564445197582
    endloop
  endfacet
  facet normal 0.938329587838439 0 -0.3457420781260869
    outer loop
      vertex 181.64051061868668 16.1 11.874597534537315
      vertex 181.68360888957977 16.1 11.991564445197582
      vertex 181.64051061868668 15.5 11.874597534537315
    endloop
  endfacet
  facet normal 0.9092726908747268 0 -0.41620088134149064
    outer loop
      vertex 181.68360888957977 16.1 11.991564445197582
      vertex 181.73454321175814 16.1 12.10284049063921
      vertex 181.68360888957977 15.5 11.991564445197582
    endloop
  endfacet
  facet normal 0 1 0
    outer loop
      vertex 181.68360888957977 16.1 11.991564445197582
      vertex 180.38028049468994 16.1 12.520607404410839
      vertex 181.73454321175814 16.1 12.10284049063921
    endloop
  endfacet
  facet normal 0 1 0
    outer loop
      vertex 181.73454321175814 16.1 12.10284049063921
      vertex 180.51439901441336 16.1 12.764829628169537
      vertex 181.7933135777712 16.1 12.208425678312778
    endloop
  endfacet
  facet normal 0.8737637673567215 0 -0.48635057196901604
    outer loop
      vertex 181.7933135777712 16.1 12.208425678312778
      vertex 181.7933135777712 15.5 12.208425678312778
      vertex 181.73454321175814 15.5 12.10284049063921
    endloop
  endfacet
  facet normal 0.8320110447076962 0 -0.5547590661579206
    outer loop
      vertex 181.85992000252008 16.1 12.308320000767708
      vertex 181.85992000252008 15.5 12.308320000767708
      vertex 181.7933135777712 15.5 12.208425678312778
    endloop
  endfacet
  facet normal 0.7823527964446814 0 -0.6228355335842576
    outer loop
      vertex 181.93288888782263 16.1 12.399977281689644
      vertex 181.93288888782263 15.5 12.399977281689644
      vertex 181.85992000252008 15.5 12.308320000767708
    endloop
  endfacet
  facet normal 0.7204135137558283 0 -0.6935447852864163
    outer loop
      vertex 182.01074666529894 16.1 12.480851359665394
      vertex 182.01074666529894 15.5 12.480851359665394
      vertex 181.93288888782263 15.5 12.399977281689644
    endloop
  endfacet
  facet normal 0.8737637673567215 0 -0.48635057196901604
    outer loop
      vertex 181.73454321175814 16.1 12.10284049063921
      vertex 181.7933135777712 16.1 12.208425678312778
      vertex 181.73454321175814 15.5 12.10284049063921
    endloop
  endfacet
  facet normal 0.8320110447076962 0 -0.5547590661579206
    outer loop
      vertex 181.7933135777712 16.1 12.208425678312778
      vertex 181.85992000252008 16.1 12.308320000767708
      vertex 181.7933135777712 15.5 12.208425678312778
    endloop
  endfacet
  facet normal 0.7823527964446814 0 -0.6228355335842576
    outer loop
      vertex 181.85992000252008 16.1 12.308320000767708
      vertex 181.93288888782263 16.1 12.399977281689644
      vertex 181.85992000252008 15.5 12.308320000767708
    endloop
  endfacet
  facet normal 0.7204135137558283 0 -0.6935447852864163
    outer loop
      vertex 181.93288888782263 16.1 12.399977281689644
      vertex 182.01074666529894 16.1 12.480851359665394
      vertex 181.93288888782263 15.5 12.399977281689644
    endloop
  endfacet
  facet normal -0.11667777726145648 0 0.9931698224842145
    outer loop
      vertex 182.76880197227 16.1 10.031372837722301
      vertex 182.76880197227 15.5 10.031372837722301
      vertex 182.87740346044302 15.5 10.044131360948086
    endloop
  endfacet
  facet normal -0.20210766302267982 0 0.9793633097821823
    outer loop
      vertex 182.87740346044302 16.1 10.044131360948086
      vertex 182.87740346044302 15.5 10.044131360948086
      vertex 182.9804444462061 15.5 10.065395556390285
    endloop
  endfacet
  facet normal -0.2920764804899751 0 0.9563949652442705
    outer loop
      vertex 182.9804444462061 16.1 10.065395556390285
      vertex 182.9804444462061 15.5 10.065395556390285
      vertex 183.0779249370098 15.5 10.095165431499481
    endloop
  endfacet
  facet normal -0.38440617407531924 0 0.9231640663136621
    outer loop
      vertex 183.0779249370098 16.1 10.095165431499481
      vertex 183.0779249370098 15.5 10.095165431499481
      vertex 183.16984494030476 15.5 10.133440986275673
    endloop
  endfacet
  facet normal -0.4763081139639829 0 0.8792784431407797
    outer loop
      vertex 183.16984494030476 16.1 10.133440986275673
      vertex 183.16984494030476 15.5 10.133440986275673
      vertex 183.25620444118977 15.5 10.18022222071886
    endloop
  endfacet
  facet normal -0.0372268278727831 0 0.9993068414088488
    outer loop
      vertex 182.65463999658823 16.1 10.027120001614094
      vertex 182.76880197227 15.5 10.031372837722301
      vertex 182.76880197227 16.1 10.031372837722301
    endloop
  endfacet
  facet normal -0.11667777726145648 0 0.9931698224842145
    outer loop
      vertex 182.76880197227 16.1 10.031372837722301
      vertex 182.87740346044302 15.5 10.044131360948086
      vertex 182.87740346044302 16.1 10.044131360948086
    endloop
  endfacet
  facet normal -0.20210766302267982 0 0.9793633097821823
    outer loop
      vertex 182.87740346044302 16.1 10.044131360948086
      vertex 182.9804444462061 15.5 10.065395556390285
      vertex 182.9804444462061 16.1 10.065395556390285
    endloop
  endfacet
  facet normal -0.2920764804899751 0 0.9563949652442705
    outer loop
      vertex 182.9804444462061 16.1 10.065395556390285
      vertex 183.0779249370098 15.5 10.095165431499481
      vertex 183.0779249370098 16.1 10.095165431499481
    endloop
  endfacet
  facet normal -0.38440617407531924 0 0.9231640663136621
    outer loop
      vertex 183.0779249370098 16.1 10.095165431499481
      vertex 183.16984494030476 15.5 10.133440986275673
      vertex 183.16984494030476 16.1 10.133440986275673
    endloop
  endfacet
  facet normal -0.5647074211438597 0 0.8252911780123737
    outer loop
      vertex 183.25620444118977 16.1 10.18022222071886
      vertex 183.25620444118977 15.5 10.18022222071886
      vertex 183.337003454566 15.5 10.235509134829044
    endloop
  endfacet
  facet normal -0.6467053939608446 0 0.7627398858208143
    outer loop
      vertex 183.337003454566 16.1 10.235509134829044
      vertex 183.337003454566 15.5 10.235509134829044
      vertex 183.41224197298288 15.5 10.299301728606224
    endloop
  endfacet
  facet normal -0.7200342084953167 0 0.6939385697570952
    outer loop
      vertex 183.41224197298288 16.1 10.299301728606224
      vertex 183.41224197298288 15.5 10.299301728606224
      vertex 183.4819199964404 15.5 10.3716000020504
    endloop
  endfacet
  facet normal -0.7859520380938614 0 0.618287468590546
    outer loop
      vertex 183.4819199964404 16.1 10.3716000020504
      vertex 183.4819199964404 15.5 10.3716000020504
      vertex 183.54511802643538 15.5 10.451935805380344
    endloop
  endfacet
  facet normal -0.8444294501648634 0 0.5356667841991573
    outer loop
      vertex 183.54511802643538 16.1 10.451935805380344
      vertex 183.54511802643538 15.5 10.451935805380344
      vertex 183.60088098794222 15.5 10.53984098881483
    endloop
  endfacet
  facet normal -0.8922085625342493 0 0.45162360538458163
    outer loop
      vertex 183.60088098794222 16.1 10.53984098881483
      vertex 183.60088098794222 15.5 10.53984098881483
      vertex 183.64920888841152 15.5 10.635315552353859
    endloop
  endfacet
  facet normal -0.4763081139639829 0 0.8792784431407797
    outer loop
      vertex 183.16984494030476 16.1 10.133440986275673
      vertex 183.25620444118977 15.5 10.18022222071886
      vertex 183.25620444118977 16.1 10.18022222071886
    endloop
  endfacet
  facet normal -0.5647074211438597 0 0.8252911780123737
    outer loop
      vertex 183.25620444118977 16.1 10.18022222071886
      vertex 183.337003454566 15.5 10.235509134829044
      vertex 183.337003454566 16.1 10.235509134829044
    endloop
  endfacet
  facet normal -0.6467053939608446 0 0.7627398858208143
    outer loop
      vertex 183.337003454566 16.1 10.235509134829044
      vertex 183.41224197298288 15.5 10.299301728606224
      vertex 183.41224197298288 16.1 10.299301728606224
    endloop
  endfacet
  facet normal -0.7200342084953167 0 0.6939385697570952
    outer loop
      vertex 183.41224197298288 16.1 10.299301728606224
      vertex 183.4819199964404 15.5 10.3716000020504
      vertex 183.4819199964404 16.1 10.3716000020504
    endloop
  endfacet
  facet normal -0.7859520380938614 0 0.618287468590546
    outer loop
      vertex 183.4819199964404 16.1 10.3716000020504
      vertex 183.54511802643538 15.5 10.451935805380344
      vertex 183.54511802643538 16.1 10.451935805380344
    endloop
  endfacet
  facet normal -0.8444294501648634 0 0.5356667841991573
    outer loop
      vertex 183.54511802643538 16.1 10.451935805380344
      vertex 183.60088098794222 15.5 10.53984098881483
      vertex 183.60088098794222 16.1 10.53984098881483
    endloop
  endfacet
  facet normal -0.8922085625342493 0 0.45162360538458163
    outer loop
      vertex 183.60088098794222 16.1 10.53984098881483
      vertex 183.64920888841152 15.5 10.635315552353859
      vertex 183.64920888841152 16.1 10.635315552353859
    endloop
  endfacet
  facet normal -0.929483342661606 0 0.3688640884046689
    outer loop
      vertex 183.64920888841152 16.1 10.635315552353859
      vertex 183.64920888841152 15.5 10.635315552353859
      vertex 183.69010172784328 15.5 10.73835950344801
    endloop
  endfacet
  facet normal -0.9571717799278213 0 0.2895206101641235
    outer loop
      vertex 183.69010172784328 16.1 10.73835950344801
      vertex 183.69010172784328 15.5 10.73835950344801
      vertex 183.7235595062375 15.5 10.848972842097282
    endloop
  endfacet
  facet normal -0.929483342661606 0 0.3688640884046689
    outer loop
      vertex 183.64920888841152 16.1 10.635315552353859
      vertex 183.69010172784328 15.5 10.73835950344801
      vertex 183.69010172784328 16.1 10.73835950344801
    endloop
  endfacet
  facet normal 0 1 0
    outer loop
      vertex 184.5782637000084 16.1 9.418561972677708
      vertex 183.4819199964404 16.1 10.3716000020504
      vertex 183.54511802643538 16.1 10.451935805380344
    endloop
  endfacet
  facet normal 0 1 0
    outer loop
      vertex 184.84139753133059 16.1 9.705617778003216
      vertex 183.54511802643538 16.1 10.451935805380344
      vertex 183.60088098794222 16.1 10.53984098881483
    endloop
  endfacet
  facet normal 0 1 0
    outer loop
      vertex 184.95190123468637 16.1 9.867555558681488
      vertex 183.60088098794222 16.1 10.53984098881483
      vertex 183.64920888841152 16.1 10.635315552353859
    endloop
  endfacet
  facet normal 0 1 0
    outer loop
      vertex 183.64920888841152 16.1 10.635315552353859
      vertex 183.69010172784328 16.1 10.73835950344801
      vertex 185.04767110943794 16.1 10.041013330221176
    endloop
  endfacet
  facet normal 0 1 0
    outer loop
      vertex 184.84139753133059 16.1 9.705617778003216
      vertex 183.60088098794222 16.1 10.53984098881483
      vertex 184.95190123468637 16.1 9.867555558681488
    endloop
  endfacet
  facet normal 0 1 0
    outer loop
      vertex 184.95190123468637 16.1 9.867555558681488
      vertex 183.64920888841152 16.1 10.635315552353859
      vertex 185.04767110943794 16.1 10.041013330221176
    endloop
  endfacet
  facet normal 0 1 0
    outer loop
      vertex 183.69010172784328 16.1 10.73835950344801
      vertex 185.12870716303587 16.1 10.225991107523441
      vertex 185.04767110943794 16.1 10.041013330221176
    endloop
  endfacet
  facet normal 0 1 0
    outer loop
      vertex 183.69010172784328 16.1 10.73835950344801
      vertex 185.195009380579 16.1 10.422488890588284
      vertex 185.12870716303587 16.1 10.225991107523441
    endloop
  endfacet
  facet normal -0.9766053983285887 0 0.21503928932978433
    outer loop
      vertex 183.7235595062375 16.1 10.848972842097282
      vertex 183.7235595062375 15.5 10.848972842097282
      vertex 183.7495822235942 15.5 10.967155553400517
    endloop
  endfacet
  facet normal -0.9892516299649766 0 0.1462231603120277
    outer loop
      vertex 183.7495822235942 16.1 10.967155553400517
      vertex 183.7495822235942 15.5 10.967155553400517
      vertex 183.76816987991333 15.5 11.092907652258873
    endloop
  endfacet
  facet normal -0.996519440854141 0 0.08336068617609933
    outer loop
      vertex 183.76816987991333 16.1 11.092907652258873
      vertex 183.76816987991333 15.5 11.092907652258873
      vertex 183.77932246774435 15.5 11.226229138672352
    endloop
  endfacet
  facet normal -0.9571717799278213 0 0.2895206101641235
    outer loop
      vertex 183.69010172784328 16.1 10.73835950344801
      vertex 183.7235595062375 15.5 10.848972842097282
      vertex 183.7235595062375 16.1 10.848972842097282
    endloop
  endfacet
  facet normal -0.9766053983285887 0 0.21503928932978433
    outer loop
      vertex 183.7235595062375 16.1 10.848972842097282
      vertex 183.7495822235942 15.5 10.967155553400517
      vertex 183.7495822235942 16.1 10.967155553400517
    endloop
  endfacet
  facet normal -0.9892516299649766 0 0.1462231603120277
    outer loop
      vertex 183.7495822235942 16.1 10.967155553400517
      vertex 183.76816987991333 15.5 11.092907652258873
      vertex 183.76816987991333 16.1 11.092907652258873
    endloop
  endfacet
  facet normal -0.996519440854141 0 0.08336068617609933
    outer loop
      vertex 183.76816987991333 16.1 11.092907652258873
      vertex 183.77932246774435 15.5 11.226229138672352
      vertex 183.77932246774435 16.1 11.226229138672352
    endloop
  endfacet
  facet normal 0 1 0
    outer loop
      vertex 183.69010172784328 16.1 10.73835950344801
      vertex 183.7235595062375 16.1 10.848972842097282
      vertex 185.195009380579 16.1 10.422488890588284
    endloop
  endfacet
  facet normal 0 1 0
    outer loop
      vertex 183.7235595062375 16.1 10.848972842097282
      vertex 183.7495822235942 16.1 10.967155553400517
      vertex 185.24657777696848 16.1 10.630506664514542
    endloop
  endfacet
  facet normal 0 1 0
    outer loop
      vertex 183.7495822235942 16.1 10.967155553400517
      vertex 183.76816987991333 16.1 11.092907652258873
      vertex 185.28341234475374 16.1 10.850044444203377
    endloop
  endfacet
  facet normal 0 1 0
    outer loop
      vertex 183.76816987991333 16.1 11.092907652258873
      vertex 183.77932246774435 16.1 11.226229138672352
      vertex 185.30551308393478 16.1 11.081102222204208
    endloop
  endfacet
  facet normal -0.9378495347158367 0 -0.34704214475087664
    outer loop
      vertex 183.69429925829172 16.1 11.998206421732903
      vertex 183.69429925829172 15.5 11.998206421732903
      vertex 183.65525333583355 15.5 12.10372444242239
    endloop
  endfacet
  facet normal -0.9057486175818366 0 -0.4238153392087076
    outer loop
      vertex 183.65525333583355 16.1 12.10372444242239
      vertex 183.65525333583355 15.5 12.10372444242239
      vertex 183.60910815000534 15.5 12.202342718839645
    endloop
  endfacet
  facet normal -0.6839212332357794 0 -0.7295558557980677
    outer loop
      vertex 183.42881383001804 16.1 12.455728396773338
      vertex 183.42881383001804 15.5 12.455728396773338
      vertex 183.35648197680712 15.5 12.523535802960396
    endloop
  endfacet
  facet normal -0.814827671148333 0 -0.5797032571333234
    outer loop
      vertex 183.5558637008071 16.1 12.294061236083508
      vertex 183.5558637008071 15.5 12.294061236083508
      vertex 183.49552000313997 15.5 12.378880001604557
    endloop
  endfacet
  facet normal -0.8648358830864808 0 -0.5020546736422506
    outer loop
      vertex 183.60910815000534 16.1 12.202342718839645
      vertex 183.60910815000534 15.5 12.202342718839645
      vertex 183.5558637008071 15.5 12.294061236083508
    endloop
  endfacet
  facet normal -0.7551819233899253 0 -0.6555152649520019
    outer loop
      vertex 183.49552000313997 16.1 12.378880001604557
      vertex 183.49552000313997 15.5 12.378880001604557
      vertex 183.42881383001804 15.5 12.455728396773338
    endloop
  endfacet
  facet normal -0.9378495347158367 0 -0.34704214475087664
    outer loop
      vertex 183.69429925829172 16.1 11.998206421732903
      vertex 183.65525333583355 15.5 12.10372444242239
      vertex 183.65525333583355 16.1 12.10372444242239
    endloop
  endfacet
  facet normal -0.9057486175818366 0 -0.4238153392087076
    outer loop
      vertex 183.60910815000534 16.1 12.202342718839645
      vertex 183.65525333583355 16.1 12.10372444242239
      vertex 183.60910815000534 15.5 12.202342718839645
    endloop
  endfacet
  facet normal -0.7551819233899253 0 -0.6555152649520019
    outer loop
      vertex 183.42881383001804 16.1 12.455728396773338
      vertex 183.49552000313997 16.1 12.378880001604557
      vertex 183.42881383001804 15.5 12.455728396773338
    endloop
  endfacet
  facet normal -0.8648358830864808 0 -0.5020546736422506
    outer loop
      vertex 183.5558637008071 16.1 12.294061236083508
      vertex 183.60910815000534 16.1 12.202342718839645
      vertex 183.5558637008071 15.5 12.294061236083508
    endloop
  endfacet
  facet normal -0.814827671148333 0 -0.5797032571333234
    outer loop
      vertex 183.5558637008071 16.1 12.294061236083508
      vertex 183.49552000313997 15.5 12.378880001604557
      vertex 183.49552000313997 16.1 12.378880001604557
    endloop
  endfacet
  facet normal -0.9996520734061223 0 0.02637673472666178
    outer loop
      vertex 183.77932246774435 16.1 11.226229138672352
      vertex 183.77932246774435 15.5 11.226229138672352
      vertex 183.7830400019884 15.5 11.367119997739792
    endloop
  endfacet
  facet normal -0.9996788069496445 0 -0.02534330159500833
    outer loop
      vertex 183.7830400019884 16.1 11.367119997739792
      vertex 183.7830400019884 15.5 11.367119997739792
      vertex 183.77949037402868 15.5 11.507136791944504
    endloop
  endfacet
  facet normal -0.996815559174829 0 -0.0797417142214338
    outer loop
      vertex 183.77949037402868 16.1 11.507136791944504
      vertex 183.77949037402868 15.5 11.507136791944504
      vertex 183.76884148269892 15.5 11.640253826975822
    endloop
  endfacet
  facet normal -0.9902578318728691 0 -0.13924592063843272
    outer loop
      vertex 183.76884148269892 16.1 11.640253826975822
      vertex 183.76884148269892 15.5 11.640253826975822
      vertex 183.7510933354497 15.5 11.766471110284328
    endloop
  endfacet
  facet normal -0.9789974681308234 0 -0.20387240468841636
    outer loop
      vertex 183.7510933354497 16.1 11.766471110284328
      vertex 183.7510933354497 15.5 11.766471110284328
      vertex 183.72624592483044 15.5 11.885788641870022
    endloop
  endfacet
  facet normal -0.9996520734061223 0 0.02637673472666178
    outer loop
      vertex 183.77932246774435 16.1 11.226229138672352
      vertex 183.7830400019884 15.5 11.367119997739792
      vertex 183.7830400019884 16.1 11.367119997739792
    endloop
  endfacet
  facet normal -0.9996788069496445 0 -0.02534330159500833
    outer loop
      vertex 183.7830400019884 16.1 11.367119997739792
      vertex 183.77949037402868 15.5 11.507136791944504
      vertex 183.77949037402868 16.1 11.507136791944504
    endloop
  endfacet
  facet normal -0.996815559174829 0 -0.0797417142214338
    outer loop
      vertex 183.77949037402868 16.1 11.507136791944504
      vertex 183.76884148269892 15.5 11.640253826975822
      vertex 183.76884148269892 16.1 11.640253826975822
    endloop
  endfacet
  facet normal -0.9902578318728691 0 -0.13924592063843272
    outer loop
      vertex 183.76884148269892 16.1 11.640253826975822
      vertex 183.7510933354497 15.5 11.766471110284328
      vertex 183.7510933354497 16.1 11.766471110284328
    endloop
  endfacet
  facet normal -0.9789974681308234 0 -0.20387240468841636
    outer loop
      vertex 183.7510933354497 16.1 11.766471110284328
      vertex 183.72624592483044 15.5 11.885788641870022
      vertex 183.72624592483044 16.1 11.885788641870022
    endloop
  endfacet
  facet normal 0 1 0
    outer loop
      vertex 183.77932246774435 16.1 11.226229138672352
      vertex 183.7830400019884 16.1 11.367119997739792
      vertex 185.31288000196218 16.1 11.323679998517036
    endloop
  endfacet
  facet normal 0 1 0
    outer loop
      vertex 183.7830400019884 16.1 11.367119997739792
      vertex 183.77949037402868 16.1 11.507136791944504
      vertex 185.3044414818287 16.1 11.588436543941498
    endloop
  endfacet
  facet normal 0 1 0
    outer loop
      vertex 183.77949037402868 16.1 11.507136791944504
      vertex 183.76884148269892 16.1 11.640253826975822
      vertex 185.27912592887878 16.1 11.840199507772923
    endloop
  endfacet
  facet normal 0 1 0
    outer loop
      vertex 183.76884148269892 16.1 11.640253826975822
      vertex 183.7510933354497 16.1 11.766471110284328
      vertex 185.27912592887878 16.1 11.840199507772923
    endloop
  endfacet
  facet normal -0.9619133172440406 0 -0.2733546599357066
    outer loop
      vertex 183.72624592483044 16.1 11.885788641870022
      vertex 183.72624592483044 15.5 11.885788641870022
      vertex 183.69429925829172 15.5 11.998206421732903
    endloop
  endfacet
  facet normal -0.9619133172440406 0 -0.2733546599357066
    outer loop
      vertex 183.69429925829172 16.1 11.998206421732903
      vertex 183.72624592483044 16.1 11.885788641870022
      vertex 183.69429925829172 15.5 11.998206421732903
    endloop
  endfacet
  facet normal 0 1 0
    outer loop
      vertex 183.69429925829172 16.1 11.998206421732903
      vertex 183.65525333583355 16.1 12.10372444242239
      vertex 185.1019170358777 16.1 12.517526917159557
    endloop
  endfacet
  facet normal 0 1 0
    outer loop
      vertex 183.60910815000534 16.1 12.202342718839645
      vertex 184.89939258992672 16.1 12.904110617935658
      vertex 183.65525333583355 16.1 12.10372444242239
    endloop
  endfacet
  facet normal 0 1 0
    outer loop
      vertex 183.7510933354497 16.1 11.766471110284328
      vertex 183.72624592483044 16.1 11.885788641870022
      vertex 185.2369333356619 16.1 12.07896889001131
    endloop
  endfacet
  facet normal 0 1 0
    outer loop
      vertex 183.69429925829172 16.1 11.998206421732903
      vertex 185.177863702178 16.1 12.304744690656662
      vertex 183.72624592483044 16.1 11.885788641870022
    endloop
  endfacet
  facet normal 0 1 0
    outer loop
      vertex 183.69429925829172 16.1 11.998206421732903
      vertex 185.1019170358777 16.1 12.517526917159557
      vertex 185.177863702178 16.1 12.304744690656662
    endloop
  endfacet
  facet normal 0 1 0
    outer loop
      vertex 183.65525333583355 16.1 12.10372444242239
      vertex 185.009093336761 16.1 12.717315554618835
      vertex 185.1019170358777 16.1 12.517526917159557
    endloop
  endfacet
  facet normal 0 1 0
    outer loop
      vertex 181.7933135777712 16.1 12.208425678312778
      vertex 180.51439901441336 16.1 12.764829628169537
      vertex 180.666400000453 16.1 12.986479997634888
    endloop
  endfacet
  facet normal -0.7623147884306625 0 0.6472064302368404
    outer loop
      vertex 180.666400000453 16.1 12.986479997634888
      vertex 180.83507753163576 15.5 13.185157530009747
      vertex 180.83507753163576 16.1 13.185157530009747
    endloop
  endfacet
  facet normal 0 1 0
    outer loop
      vertex 181.85992000252008 16.1 12.308320000767708
      vertex 180.666400000453 16.1 12.986479997634888
      vertex 180.83507753163576 16.1 13.185157530009747
    endloop
  endfacet
  facet normal 0 1 0
    outer loop
      vertex 181.7933135777712 16.1 12.208425678312778
      vertex 180.666400000453 16.1 12.986479997634888
      vertex 181.85992000252008 16.1 12.308320000767708
    endloop
  endfacet
  facet normal 0 1 0
    outer loop
      vertex 181.85992000252008 16.1 12.308320000767708
      vertex 180.83507753163576 16.1 13.185157530009747
      vertex 181.93288888782263 16.1 12.399977281689644
    endloop
  endfacet
  facet normal 0 1 0
    outer loop
      vertex 181.93288888782263 16.1 12.399977281689644
      vertex 181.01922567933798 16.1 13.360461235046387
      vertex 182.01074666529894 16.1 12.480851359665394
    endloop
  endfacet
  facet normal 0 1 0
    outer loop
      vertex 181.93288888782263 16.1 12.399977281689644
      vertex 180.83507753163576 16.1 13.185157530009747
      vertex 181.01922567933798 16.1 13.360461235046387
    endloop
  endfacet
  facet normal 0 1 0
    outer loop
      vertex 182.01074666529894 16.1 12.480851359665394
      vertex 181.01922567933798 16.1 13.360461235046387
      vertex 181.21884444355965 16.1 13.512391112744808
    endloop
  endfacet
  facet normal -0.6894994753239589 0 0.7242861820634061
    outer loop
      vertex 180.83507753163576 16.1 13.185157530009747
      vertex 180.83507753163576 15.5 13.185157530009747
      vertex 181.01922567933798 15.5 13.360461235046387
    endloop
  endfacet
  facet normal -0.6056380513208725 0 0.7957402533441778
    outer loop
      vertex 181.01922567933798 16.1 13.360461235046387
      vertex 181.01922567933798 15.5 13.360461235046387
      vertex 181.21884444355965 15.5 13.512391112744808
    endloop
  endfacet
  facet normal -0.6894994753239589 0 0.7242861820634061
    outer loop
      vertex 180.83507753163576 16.1 13.185157530009747
      vertex 181.01922567933798 15.5 13.360461235046387
      vertex 181.01922567933798 16.1 13.360461235046387
    endloop
  endfacet
  facet normal -0.6056380513208725 0 0.7957402533441778
    outer loop
      vertex 181.01922567933798 16.1 13.360461235046387
      vertex 181.21884444355965 15.5 13.512391112744808
      vertex 181.21884444355965 16.1 13.512391112744808
    endloop
  endfacet
  facet normal -0.5130349292641945 0 0.8583677308443526
    outer loop
      vertex 181.21884444355965 16.1 13.512391112744808
      vertex 181.21884444355965 15.5 13.512391112744808
      vertex 181.43393382430077 15.5 13.640947163105011
    endloop
  endfacet
  facet normal -0.41505254745968145 0 0.9097974405587372
    outer loop
      vertex 181.43393382430077 16.1 13.640947163105011
      vertex 181.43393382430077 15.5 13.640947163105011
      vertex 181.66449382901192 15.5 13.746129386126995
    endloop
  endfacet
  facet normal 0 1 0
    outer loop
      vertex 181.21884444355965 16.1 13.512391112744808
      vertex 181.43393382430077 16.1 13.640947163105011
      vertex 182.09349333494902 16.1 12.550942219793797
    endloop
  endfacet
  facet normal -0.5130349292641945 0 0.8583677308443526
    outer loop
      vertex 181.21884444355965 16.1 13.512391112744808
      vertex 181.43393382430077 15.5 13.640947163105011
      vertex 181.43393382430077 16.1 13.640947163105011
    endloop
  endfacet
  facet normal -0.41505254745968145 0 0.9097974405587372
    outer loop
      vertex 181.43393382430077 16.1 13.640947163105011
      vertex 181.66449382901192 15.5 13.746129386126995
      vertex 181.66449382901192 16.1 13.746129386126995
    endloop
  endfacet
  facet normal 0.6463422256062125 0 -0.7630476573572637
    outer loop
      vertex 182.09349333494902 16.1 12.550942219793797
      vertex 182.09349333494902 15.5 12.550942219793797
      vertex 182.01074666529894 15.5 12.480851359665394
    endloop
  endfacet
  facet normal 0.5604700286438338 0 -0.8281747080127357
    outer loop
      vertex 182.18112888932228 16.1 12.610249876976013
      vertex 182.18112888932228 15.5 12.610249876976013
      vertex 182.09349333494902 15.5 12.550942219793797
    endloop
  endfacet
  facet normal 0.6463422256062125 0 -0.7630476573572637
    outer loop
      vertex 182.01074666529894 16.1 12.480851359665394
      vertex 182.09349333494902 16.1 12.550942219793797
      vertex 182.01074666529894 15.5 12.480851359665394
    endloop
  endfacet
  facet normal 0.5604700286438338 0 -0.8281747080127357
    outer loop
      vertex 182.09349333494902 16.1 12.550942219793797
      vertex 182.18112888932228 16.1 12.610249876976013
      vertex 182.09349333494902 15.5 12.550942219793797
    endloop
  endfacet
  facet normal 0.4644520261084411 0 -0.8855982810754344
    outer loop
      vertex 182.18112888932228 16.1 12.610249876976013
      vertex 182.2736533358693 16.1 12.658774323761463
      vertex 182.18112888932228 15.5 12.610249876976013
    endloop
  endfacet
  facet normal 0 1 0
    outer loop
      vertex 182.01074666529894 16.1 12.480851359665394
      vertex 181.21884444355965 16.1 13.512391112744808
      vertex 182.09349333494902 16.1 12.550942219793797
    endloop
  endfacet
  facet normal 0 1 0
    outer loop
      vertex 181.43393382430077 16.1 13.640947163105011
      vertex 182.18112888932228 16.1 12.610249876976013
      vertex 182.09349333494902 16.1 12.550942219793797
    endloop
  endfacet
  facet normal 0 1 0
    outer loop
      vertex 181.66449382901192 16.1 13.746129386126995
      vertex 182.2736533358693 16.1 12.658774323761463
      vertex 182.18112888932228 16.1 12.610249876976013
    endloop
  endfacet
  facet normal 0 1 0
    outer loop
      vertex 181.91052444279194 16.1 13.82793777436018
      vertex 182.37106666713953 16.1 12.696515552699566
      vertex 182.2736533358693 16.1 12.658774323761463
    endloop
  endfacet
  facet normal 0.4644520261084411 0 -0.8855982810754344
    outer loop
      vertex 182.2736533358693 16.1 12.658774323761463
      vertex 182.2736533358693 15.5 12.658774323761463
      vertex 182.18112888932228 15.5 12.610249876976013
    endloop
  endfacet
  facet normal 0.3612674955480563 0 -0.9324622226452046
    outer loop
      vertex 182.37106666713953 16.1 12.696515552699566
      vertex 182.37106666713953 15.5 12.696515552699566
      vertex 182.2736533358693 15.5 12.658774323761463
    endloop
  endfacet
  facet normal 0.25481496058213804 0 -0.96698983234754
    outer loop
      vertex 182.47336889058352 16.1 12.723473578691483
      vertex 182.47336889058352 15.5 12.723473578691483
      vertex 182.37106666713953 15.5 12.696515552699566
    endloop
  endfacet
  facet normal 0.14920782777990058 0 -0.9888058576531612
    outer loop
      vertex 182.5805599987507 16.1 12.739648394286633
      vertex 182.5805599987507 15.5 12.739648394286633
      vertex 182.47336889058352 15.5 12.723473578691483
    endloop
  endfacet
  facet normal 0.048049408128459946 0 -0.9988449601307026
    outer loop
      vertex 182.69263999909163 16.1 12.745039999485016
      vertex 182.69263999909163 15.5 12.745039999485016
      vertex 182.5805599987507 15.5 12.739648394286633
    endloop
  endfacet
  facet normal 0.3612674955480563 0 -0.9324622226452046
    outer loop
      vertex 182.2736533358693 16.1 12.658774323761463
      vertex 182.37106666713953 16.1 12.696515552699566
      vertex 182.2736533358693 15.5 12.658774323761463
    endloop
  endfacet
  facet normal 0.25481496058213804 0 -0.96698983234754
    outer loop
      vertex 182.37106666713953 16.1 12.696515552699566
      vertex 182.47336889058352 16.1 12.723473578691483
      vertex 182.37106666713953 15.5 12.696515552699566
    endloop
  endfacet
  facet normal 0.14920782777990058 0 -0.9888058576531612
    outer loop
      vertex 182.47336889058352 16.1 12.723473578691483
      vertex 182.5805599987507 16.1 12.739648394286633
      vertex 182.47336889058352 15.5 12.723473578691483
    endloop
  endfacet
  facet normal 0.048049408128459946 0 -0.9988449601307026
    outer loop
      vertex 182.5805599987507 16.1 12.739648394286633
      vertex 182.69263999909163 16.1 12.745039999485016
      vertex 182.5805599987507 15.5 12.739648394286633
    endloop
  endfacet
  facet normal 0 1 0
    outer loop
      vertex 182.37106666713953 16.1 12.696515552699566
      vertex 182.172025680542 16.1 13.886372342705727
      vertex 182.47336889058352 16.1 12.723473578691483
    endloop
  endfacet
  facet normal 0 1 0
    outer loop
      vertex 182.47336889058352 16.1 12.723473578691483
      vertex 182.172025680542 16.1 13.886372342705727
      vertex 182.5805599987507 16.1 12.739648394286633
    endloop
  endfacet
  facet normal 0 1 0
    outer loop
      vertex 181.43393382430077 16.1 13.640947163105011
      vertex 181.66449382901192 16.1 13.746129386126995
      vertex 182.18112888932228 16.1 12.610249876976013
    endloop
  endfacet
  facet normal 0 1 0
    outer loop
      vertex 181.66449382901192 16.1 13.746129386126995
      vertex 181.91052444279194 16.1 13.82793777436018
      vertex 182.2736533358693 16.1 12.658774323761463
    endloop
  endfacet
  facet normal 0 1 0
    outer loop
      vertex 181.91052444279194 16.1 13.82793777436018
      vertex 182.172025680542 16.1 13.886372342705727
      vertex 182.37106666713953 16.1 12.696515552699566
    endloop
  endfacet
  facet normal 0 1 0
    outer loop
      vertex 182.5805599987507 16.1 12.739648394286633
      vertex 182.44899752736092 16.1 13.921433083713055
      vertex 182.69263999909163 16.1 12.745039999485016
    endloop
  endfacet
  facet normal 0 1 0
    outer loop
      vertex 182.5805599987507 16.1 12.739648394286633
      vertex 182.172025680542 16.1 13.886372342705727
      vertex 182.44899752736092 16.1 13.921433083713055
    endloop
  endfacet
  facet normal 0 1 0
    outer loop
      vertex 182.69263999909163 16.1 12.745039999485016
      vertex 182.44899752736092 16.1 13.921433083713055
      vertex 182.74143999814987 16.1 13.933119997382164
    endloop
  endfacet
  facet normal -0.31552713203220656 0 0.9489165553153399
    outer loop
      vertex 181.66449382901192 16.1 13.746129386126995
      vertex 181.66449382901192 15.5 13.746129386126995
      vertex 181.91052444279194 15.5 13.82793777436018
    endloop
  endfacet
  facet normal -0.21807967478493226 0 0.9759309685862511
    outer loop
      vertex 181.91052444279194 16.1 13.82793777436018
      vertex 181.91052444279194 15.5 13.82793777436018
      vertex 182.172025680542 15.5 13.886372342705727
    endloop
  endfacet
  facet normal -0.31552713203220656 0 0.9489165553153399
    outer loop
      vertex 181.66449382901192 16.1 13.746129386126995
      vertex 181.91052444279194 15.5 13.82793777436018
      vertex 181.91052444279194 16.1 13.82793777436018
    endloop
  endfacet
  facet normal -0.21807967478493226 0 0.9759309685862511
    outer loop
      vertex 181.91052444279194 16.1 13.82793777436018
      vertex 182.172025680542 15.5 13.886372342705727
      vertex 182.172025680542 16.1 13.886372342705727
    endloop
  endfacet
  facet normal -0.12558375962987575 0 0.9920830203754248
    outer loop
      vertex 182.172025680542 16.1 13.886372342705727
      vertex 182.172025680542 15.5 13.886372342705727
      vertex 182.44899752736092 15.5 13.921433083713055
    endloop
  endfacet
  facet normal -0.03993124699820008 0 0.9992024296973906
    outer loop
      vertex 182.44899752736092 16.1 13.921433083713055
      vertex 182.44899752736092 15.5 13.921433083713055
      vertex 182.74143999814987 15.5 13.933119997382164
    endloop
  endfacet
  facet normal -0.12558375962987575 0 0.9920830203754248
    outer loop
      vertex 182.172025680542 16.1 13.886372342705727
      vertex 182.44899752736092 15.5 13.921433083713055
      vertex 182.44899752736092 16.1 13.921433083713055
    endloop
  endfacet
  facet normal -0.03993124699820008 0 0.9992024296973906
    outer loop
      vertex 182.44899752736092 16.1 13.921433083713055
      vertex 182.74143999814987 15.5 13.933119997382164
      vertex 182.74143999814987 16.1 13.933119997382164
    endloop
  endfacet
  facet normal -0.04043263145596735 0 -0.9991822668129903
    outer loop
      vertex 182.80435160547495 16.1 12.740519508719444
      vertex 182.80435160547495 15.5 12.740519508719444
      vertex 182.69263999909163 15.5 12.745039999485016
    endloop
  endfacet
  facet normal -0.12680303785293906 0 -0.991927915521721
    outer loop
      vertex 182.91043753176928 16.1 12.726958021521568
      vertex 182.91043753176928 15.5 12.726958021521568
      vertex 182.80435160547495 15.5 12.740519508719444
    endloop
  endfacet
  facet normal -0.41494323870848976 0 -0.9098472996333556
    outer loop
      vertex 183.19494123756886 16.1 12.63202765583992
      vertex 183.19494123756886 15.5 12.63202765583992
      vertex 183.10573234409094 15.5 12.672712095081806
    endloop
  endfacet
  facet normal -0.21950215053170108 0 -0.9756120160760416
    outer loop
      vertex 183.0108977779746 16.1 12.70435555279255
      vertex 183.0108977779746 15.5 12.70435555279255
      vertex 182.91043753176928 15.5 12.726958021521568
    endloop
  endfacet
  facet normal -0.3165152458161618 0 -0.9485874230485741
    outer loop
      vertex 183.10573234409094 16.1 12.672712095081806
      vertex 183.10573234409094 15.5 12.672712095081806
      vertex 183.0108977779746 15.5 12.70435555279255
    endloop
  endfacet
  facet normal -0.04043263145596735 0 -0.9991822668129903
    outer loop
      vertex 182.69263999909163 16.1 12.745039999485016
      vertex 182.80435160547495 16.1 12.740519508719444
      vertex 182.69263999909163 15.5 12.745039999485016
    endloop
  endfacet
  facet normal -0.12680303785293906 0 -0.991927915521721
    outer loop
      vertex 182.80435160547495 16.1 12.740519508719444
      vertex 182.91043753176928 16.1 12.726958021521568
      vertex 182.80435160547495 15.5 12.740519508719444
    endloop
  endfacet
  facet normal -0.21950215053170108 0 -0.9756120160760416
    outer loop
      vertex 182.91043753176928 16.1 12.726958021521568
      vertex 183.0108977779746 16.1 12.70435555279255
      vertex 182.91043753176928 15.5 12.726958021521568
    endloop
  endfacet
  facet normal -0.3165152458161618 0 -0.9485874230485741
    outer loop
      vertex 183.0108977779746 16.1 12.70435555279255
      vertex 183.10573234409094 16.1 12.672712095081806
      vertex 183.0108977779746 15.5 12.70435555279255
    endloop
  endfacet
  facet normal -0.41494323870848976 0 -0.9098472996333556
    outer loop
      vertex 183.19494123756886 16.1 12.63202765583992
      vertex 183.10573234409094 15.5 12.672712095081806
      vertex 183.10573234409094 16.1 12.672712095081806
    endloop
  endfacet
  facet normal 0 1 0
    outer loop
      vertex 182.91043753176928 16.1 12.726958021521568
      vertex 183.25100641697645 16.1 13.898828640580177
      vertex 183.0108977779746 16.1 12.70435555279255
    endloop
  endfacet
  facet normal 0 1 0
    outer loop
      vertex 183.0108977779746 16.1 12.70435555279255
      vertex 183.4864977747202 16.1 13.855964444577694
      vertex 183.10573234409094 16.1 12.672712095081806
    endloop
  endfacet
  facet normal -0.6019535342526123 0 -0.7985311156121526
    outer loop
      vertex 183.35648197680712 16.1 12.523535802960396
      vertex 183.35648197680712 15.5 12.523535802960396
      vertex 183.2785244435072 15.5 12.58230222016573
    endloop
  endfacet
  facet normal -0.5112828615224915 0 -0.8594124943898436
    outer loop
      vertex 183.2785244435072 16.1 12.58230222016573
      vertex 183.2785244435072 15.5 12.58230222016573
      vertex 183.19494123756886 15.5 12.63202765583992
    endloop
  endfacet
  facet normal -0.6019535342526123 0 -0.7985311156121526
    outer loop
      vertex 183.2785244435072 16.1 12.58230222016573
      vertex 183.35648197680712 16.1 12.523535802960396
      vertex 183.2785244435072 15.5 12.58230222016573
    endloop
  endfacet
  facet normal -0.5112828615224915 0 -0.8594124943898436
    outer loop
      vertex 183.19494123756886 16.1 12.63202765583992
      vertex 183.2785244435072 16.1 12.58230222016573
      vertex 183.19494123756886 15.5 12.63202765583992
    endloop
  endfacet
  facet normal -0.6839212332357794 0 -0.7295558557980677
    outer loop
      vertex 183.42881383001804 16.1 12.455728396773338
      vertex 183.35648197680712 15.5 12.523535802960396
      vertex 183.35648197680712 16.1 12.523535802960396
    endloop
  endfacet
  facet normal 0 1 0
    outer loop
      vertex 183.19494123756886 16.1 12.63202765583992
      vertex 183.70912790298462 16.1 13.795954570174217
      vertex 183.2785244435072 16.1 12.58230222016573
    endloop
  endfacet
  facet normal 0 1 0
    outer loop
      vertex 183.19494123756886 16.1 12.63202765583992
      vertex 183.10573234409094 16.1 12.672712095081806
      vertex 183.70912790298462 16.1 13.795954570174217
    endloop
  endfacet
  facet normal 0 1 0
    outer loop
      vertex 183.2785244435072 16.1 12.58230222016573
      vertex 183.91889678686857 16.1 13.718799009919167
      vertex 183.35648197680712 16.1 12.523535802960396
    endloop
  endfacet
  facet normal 0 1 0
    outer loop
      vertex 183.42881383001804 16.1 12.455728396773338
      vertex 183.35648197680712 16.1 12.523535802960396
      vertex 184.29985086619854 16.1 13.513050861656666
    endloop
  endfacet
  facet normal 0 1 0
    outer loop
      vertex 182.69263999909163 16.1 12.745039999485016
      vertex 182.74143999814987 16.1 13.933119997382164
      vertex 182.80435160547495 16.1 12.740519508719444
    endloop
  endfacet
  facet normal 0 1 0
    outer loop
      vertex 182.80435160547495 16.1 12.740519508719444
      vertex 183.0026538297534 16.1 13.924547158181667
      vertex 182.91043753176928 16.1 12.726958021521568
    endloop
  endfacet
  facet normal 0 1 0
    outer loop
      vertex 182.80435160547495 16.1 12.740519508719444
      vertex 182.74143999814987 16.1 13.933119997382164
      vertex 183.0026538297534 16.1 13.924547158181667
    endloop
  endfacet
  facet normal 0 1 0
    outer loop
      vertex 182.91043753176928 16.1 12.726958021521568
      vertex 183.0026538297534 16.1 13.924547158181667
      vertex 183.25100641697645 16.1 13.898828640580177
    endloop
  endfacet
  facet normal 0 1 0
    outer loop
      vertex 183.2785244435072 16.1 12.58230222016573
      vertex 183.70912790298462 16.1 13.795954570174217
      vertex 183.91889678686857 16.1 13.718799009919167
    endloop
  endfacet
  facet normal 0 1 0
    outer loop
      vertex 183.0108977779746 16.1 12.70435555279255
      vertex 183.25100641697645 16.1 13.898828640580177
      vertex 183.4864977747202 16.1 13.855964444577694
    endloop
  endfacet
  facet normal 0 1 0
    outer loop
      vertex 183.10573234409094 16.1 12.672712095081806
      vertex 183.4864977747202 16.1 13.855964444577694
      vertex 183.70912790298462 16.1 13.795954570174217
    endloop
  endfacet
  facet normal 0 1 0
    outer loop
      vertex 183.5558637008071 16.1 12.294061236083508
      vertex 183.49552000313997 16.1 12.378880001604557
      vertex 184.62935999780893 16.1 13.238719999790192
    endloop
  endfacet
  facet normal 0 1 0
    outer loop
      vertex 183.42881383001804 16.1 12.455728396773338
      vertex 184.4710360467434 16.1 13.384458273649216
      vertex 183.49552000313997 16.1 12.378880001604557
    endloop
  endfacet
  facet normal 0 1 0
    outer loop
      vertex 183.5558637008071 16.1 12.294061236083508
      vertex 184.7728148177266 16.1 13.077912099659443
      vertex 183.60910815000534 16.1 12.202342718839645
    endloop
  endfacet
  facet normal 0 1 0
    outer loop
      vertex 183.42881383001804 16.1 12.455728396773338
      vertex 184.29985086619854 16.1 13.513050861656666
      vertex 184.4710360467434 16.1 13.384458273649216
    endloop
  endfacet
  facet normal 0 1 0
    outer loop
      vertex 183.60910815000534 16.1 12.202342718839645
      vertex 184.7728148177266 16.1 13.077912099659443
      vertex 184.89939258992672 16.1 12.904110617935658
    endloop
  endfacet
  facet normal 0 1 0
    outer loop
      vertex 183.65525333583355 16.1 12.10372444242239
      vertex 184.89939258992672 16.1 12.904110617935658
      vertex 185.009093336761 16.1 12.717315554618835
    endloop
  endfacet
  facet normal 0 1 0
    outer loop
      vertex 183.5558637008071 16.1 12.294061236083508
      vertex 184.62935999780893 16.1 13.238719999790192
      vertex 184.7728148177266 16.1 13.077912099659443
    endloop
  endfacet
  facet normal 0 1 0
    outer loop
      vertex 183.49552000313997 16.1 12.378880001604557
      vertex 184.4710360467434 16.1 13.384458273649216
      vertex 184.62935999780893 16.1 13.238719999790192
    endloop
  endfacet
  facet normal 0.5179740972060396 0 0.855396302671217
    outer loop
      vertex 184.1158044412732 16.1 13.624497778713703
      vertex 184.1158044412732 15.5 13.624497778713703
      vertex 184.29985086619854 15.5 13.513050861656666
    endloop
  endfacet
  facet normal 0.4319326018646521 0 0.9019058861358162
    outer loop
      vertex 183.91889678686857 16.1 13.718799009919167
      vertex 183.91889678686857 15.5 13.718799009919167
      vertex 184.1158044412732 15.5 13.624497778713703
    endloop
  endfacet
  facet normal 0 1 0
    outer loop
      vertex 183.35648197680712 16.1 12.523535802960396
      vertex 184.1158044412732 16.1 13.624497778713703
      vertex 184.29985086619854 16.1 13.513050861656666
    endloop
  endfacet
  facet normal 0 1 0
    outer loop
      vertex 183.35648197680712 16.1 12.523535802960396
      vertex 183.91889678686857 16.1 13.718799009919167
      vertex 184.1158044412732 16.1 13.624497778713703
    endloop
  endfacet
  facet normal 0.34520219798723734 0 0.9385283386796482
    outer loop
      vertex 183.91889678686857 16.1 13.718799009919167
      vertex 183.70912790298462 16.1 13.795954570174217
      vertex 183.91889678686857 15.5 13.718799009919167
    endloop
  endfacet
  facet normal 0.4319326018646521 0 0.9019058861358162
    outer loop
      vertex 183.91889678686857 16.1 13.718799009919167
      vertex 184.1158044412732 15.5 13.624497778713703
      vertex 184.1158044412732 16.1 13.624497778713703
    endloop
  endfacet
  facet normal 0.7462226856470137 0 0.6656964048466526
    outer loop
      vertex 184.62935999780893 16.1 13.238719999790192
      vertex 184.62935999780893 15.5 13.238719999790192
      vertex 184.7728148177266 15.5 13.077912099659443
    endloop
  endfacet
  facet normal 0.677258453476197 0 0.7357451917580092
    outer loop
      vertex 184.4710360467434 16.1 13.384458273649216
      vertex 184.4710360467434 15.5 13.384458273649216
      vertex 184.62935999780893 15.5 13.238719999790192
    endloop
  endfacet
  facet normal 0.6006087350020988 0 0.7995430866683662
    outer loop
      vertex 184.29985086619854 16.1 13.513050861656666
      vertex 184.29985086619854 15.5 13.513050861656666
      vertex 184.4710360467434 15.5 13.384458273649216
    endloop
  endfacet
  facet normal 0.6006087350020988 0 0.7995430866683662
    outer loop
      vertex 184.4710360467434 16.1 13.384458273649216
      vertex 184.29985086619854 16.1 13.513050861656666
      vertex 184.4710360467434 15.5 13.384458273649216
    endloop
  endfacet
  facet normal 0.677258453476197 0 0.7357451917580092
    outer loop
      vertex 184.4710360467434 16.1 13.384458273649216
      vertex 184.62935999780893 15.5 13.238719999790192
      vertex 184.62935999780893 16.1 13.238719999790192
    endloop
  endfacet
  facet normal 0.5179740972060396 0 0.855396302671217
    outer loop
      vertex 184.1158044412732 16.1 13.624497778713703
      vertex 184.29985086619854 15.5 13.513050861656666
      vertex 184.29985086619854 16.1 13.513050861656666
    endloop
  endfacet
  facet normal 0.0328015785425295 0 0.9994618834378419
    outer loop
      vertex 182.74143999814987 16.1 13.933119997382164
      vertex 182.74143999814987 15.5 13.933119997382164
      vertex 183.0026538297534 15.5 13.924547158181667
    endloop
  endfacet
  facet normal 0.10300563103333815 0 0.9946807728992371
    outer loop
      vertex 183.0026538297534 16.1 13.924547158181667
      vertex 183.0026538297534 15.5 13.924547158181667
      vertex 183.25100641697645 15.5 13.898828640580177
    endloop
  endfacet
  facet normal 0.0328015785425295 0 0.9994618834378419
    outer loop
      vertex 182.74143999814987 16.1 13.933119997382164
      vertex 183.0026538297534 15.5 13.924547158181667
      vertex 183.0026538297534 16.1 13.924547158181667
    endloop
  endfacet
  facet normal 0.10300563103333815 0 0.9946807728992371
    outer loop
      vertex 183.0026538297534 16.1 13.924547158181667
      vertex 183.25100641697645 15.5 13.898828640580177
      vertex 183.25100641697645 16.1 13.898828640580177
    endloop
  endfacet
  facet normal 0.1790778756336469 0 0.9838349020331307
    outer loop
      vertex 183.25100641697645 16.1 13.898828640580177
      vertex 183.25100641697645 15.5 13.898828640580177
      vertex 183.4864977747202 15.5 13.855964444577694
    endloop
  endfacet
  facet normal 0.2602605494214243 0 0.9655384230650059
    outer loop
      vertex 183.4864977747202 16.1 13.855964444577694
      vertex 183.4864977747202 15.5 13.855964444577694
      vertex 183.70912790298462 15.5 13.795954570174217
    endloop
  endfacet
  facet normal 0.1790778756336469 0 0.9838349020331307
    outer loop
      vertex 183.25100641697645 16.1 13.898828640580177
      vertex 183.4864977747202 15.5 13.855964444577694
      vertex 183.4864977747202 16.1 13.855964444577694
    endloop
  endfacet
  facet normal 0.2602605494214243 0 0.9655384230650059
    outer loop
      vertex 183.4864977747202 16.1 13.855964444577694
      vertex 183.70912790298462 15.5 13.795954570174217
      vertex 183.70912790298462 16.1 13.795954570174217
    endloop
  endfacet
  facet normal 0.34520219798723734 0 0.9385283386796482
    outer loop
      vertex 183.70912790298462 16.1 13.795954570174217
      vertex 183.70912790298462 15.5 13.795954570174217
      vertex 183.91889678686857 15.5 13.718799009919167
    endloop
  endfacet
  facet normal 0.9159603416517051 0 -0.4012688033242697
    outer loop
      vertex 185.12870716303587 16.1 10.225991107523441
      vertex 185.12870716303587 15.5 10.225991107523441
      vertex 185.04767110943794 15.5 10.041013330221176
    endloop
  endfacet
  facet normal 0.9475153374865042 0 -0.3197103145471475
    outer loop
      vertex 185.195009380579 16.1 10.422488890588284
      vertex 185.195009380579 15.5 10.422488890588284
      vertex 185.12870716303587 15.5 10.225991107523441
    endloop
  endfacet
  facet normal 0.9159603416517051 0 -0.4012688033242697
    outer loop
      vertex 185.04767110943794 16.1 10.041013330221176
      vertex 185.12870716303587 16.1 10.225991107523441
      vertex 185.04767110943794 15.5 10.041013330221176
    endloop
  endfacet
  facet normal 0.9475153374865042 0 -0.3197103145471475
    outer loop
      vertex 185.12870716303587 16.1 10.225991107523441
      vertex 185.195009380579 16.1 10.422488890588284
      vertex 185.12870716303587 15.5 10.225991107523441
    endloop
  endfacet
  facet normal 0.9706193427920108 0 -0.2406202223380347
    outer loop
      vertex 185.24657777696848 16.1 10.630506664514542
      vertex 185.24657777696848 15.5 10.630506664514542
      vertex 185.195009380579 15.5 10.422488890588284
    endloop
  endfacet
  facet normal 0.9706193427920108 0 -0.2406202223380347
    outer loop
      vertex 185.195009380579 16.1 10.422488890588284
      vertex 185.24657777696848 16.1 10.630506664514542
      vertex 185.195009380579 15.5 10.422488890588284
    endloop
  endfacet
  facet normal 0 1 0
    outer loop
      vertex 183.7235595062375 16.1 10.848972842097282
      vertex 185.24657777696848 16.1 10.630506664514542
      vertex 185.195009380579 16.1 10.422488890588284
    endloop
  endfacet
  facet normal 0 1 0
    outer loop
      vertex 183.7495822235942 16.1 10.967155553400517
      vertex 185.28341234475374 16.1 10.850044444203377
      vertex 185.24657777696848 16.1 10.630506664514542
    endloop
  endfacet
  facet normal 0 1 0
    outer loop
      vertex 183.76816987991333 16.1 11.092907652258873
      vertex 185.30551308393478 16.1 11.081102222204208
      vertex 185.28341234475374 16.1 10.850044444203377
    endloop
  endfacet
  facet normal 0 1 0
    outer loop
      vertex 183.77932246774435 16.1 11.226229138672352
      vertex 185.31288000196218 16.1 11.323679998517036
      vertex 185.30551308393478 16.1 11.081102222204208
    endloop
  endfacet
  facet normal 0.9862149129278823 0 -0.16546947005006465
    outer loop
      vertex 185.28341234475374 16.1 10.850044444203377
      vertex 185.28341234475374 15.5 10.850044444203377
      vertex 185.24657777696848 15.5 10.630506664514542
    endloop
  endfacet
  facet normal 0.9954566642744841 0 -0.0952157001314234
    outer loop
      vertex 185.30551308393478 16.1 11.081102222204208
      vertex 185.30551308393478 15.5 11.081102222204208
      vertex 185.28341234475374 15.5 10.850044444203377
    endloop
  endfacet
  facet normal 0.9995391714532164 0 -0.030355308112710776
    outer loop
      vertex 185.31288000196218 16.1 11.323679998517036
      vertex 185.31288000196218 15.5 11.323679998517036
      vertex 185.30551308393478 15.5 11.081102222204208
    endloop
  endfacet
  facet normal 0.9862149129278823 0 -0.16546947005006465
    outer loop
      vertex 185.24657777696848 16.1 10.630506664514542
      vertex 185.28341234475374 16.1 10.850044444203377
      vertex 185.24657777696848 15.5 10.630506664514542
    endloop
  endfacet
  facet normal 0.9954566642744841 0 -0.0952157001314234
    outer loop
      vertex 185.28341234475374 16.1 10.850044444203377
      vertex 185.30551308393478 16.1 11.081102222204208
      vertex 185.28341234475374 15.5 10.850044444203377
    endloop
  endfacet
  facet normal 0.9995391714532164 0 -0.030355308112710776
    outer loop
      vertex 185.30551308393478 16.1 11.081102222204208
      vertex 185.31288000196218 16.1 11.323679998517036
      vertex 185.30551308393478 15.5 11.081102222204208
    endloop
  endfacet
  facet normal 0 1 0
    outer loop
      vertex 183.7830400019884 16.1 11.367119997739792
      vertex 185.3044414818287 16.1 11.588436543941498
      vertex 185.31288000196218 16.1 11.323679998517036
    endloop
  endfacet
  facet normal 0 1 0
    outer loop
      vertex 183.77949037402868 16.1 11.507136791944504
      vertex 185.27912592887878 16.1 11.840199507772923
      vertex 185.3044414818287 16.1 11.588436543941498
    endloop
  endfacet
  facet normal 0.999492450460779 0 0.03185657658800459
    outer loop
      vertex 185.3044414818287 16.1 11.588436543941498
      vertex 185.3044414818287 15.5 11.588436543941498
      vertex 185.31288000196218 15.5 11.323679998517036
    endloop
  endfacet
  facet normal 0.9949825508697155 0 0.10004860551149192
    outer loop
      vertex 185.27912592887878 16.1 11.840199507772923
      vertex 185.27912592887878 15.5 11.840199507772923
      vertex 185.3044414818287 15.5 11.588436543941498
    endloop
  endfacet
  facet normal 0.999492450460779 0 0.03185657658800459
    outer loop
      vertex 185.31288000196218 16.1 11.323679998517036
      vertex 185.3044414818287 16.1 11.588436543941498
      vertex 185.31288000196218 15.5 11.323679998517036
    endloop
  endfacet
  facet normal 0.9949825508697155 0 0.10004860551149192
    outer loop
      vertex 185.3044414818287 16.1 11.588436543941498
      vertex 185.27912592887878 16.1 11.840199507772923
      vertex 185.3044414818287 15.5 11.588436543941498
    endloop
  endfacet
  facet normal 0.9418077656111769 0 0.33615194872926524
    outer loop
      vertex 185.1019170358777 16.1 12.517526917159557
      vertex 185.1019170358777 15.5 12.517526917159557
      vertex 185.177863702178 15.5 12.304744690656662
    endloop
  endfacet
  facet normal 0 1 0
    outer loop
      vertex 183.7510933354497 16.1 11.766471110284328
      vertex 185.2369333356619 16.1 12.07896889001131
      vertex 185.27912592887878 16.1 11.840199507772923
    endloop
  endfacet
  facet normal 0 1 0
    outer loop
      vertex 183.72624592483044 16.1 11.885788641870022
      vertex 185.177863702178 16.1 12.304744690656662
      vertex 185.2369333356619 16.1 12.07896889001131
    endloop
  endfacet
  facet normal 0.9418077656111769 0 0.33615194872926524
    outer loop
      vertex 185.177863702178 16.1 12.304744690656662
      vertex 185.1019170358777 16.1 12.517526917159557
      vertex 185.177863702178 15.5 12.304744690656662
    endloop
  endfacet
  facet normal 0.9847434275798126 0 0.17401259103398964
    outer loop
      vertex 185.2369333356619 16.1 12.07896889001131
      vertex 185.2369333356619 15.5 12.07896889001131
      vertex 185.27912592887878 15.5 11.840199507772923
    endloop
  endfacet
  facet normal 0.9674374343665746 0 0.2531102735690902
    outer loop
      vertex 185.177863702178 16.1 12.304744690656662
      vertex 185.177863702178 15.5 12.304744690656662
      vertex 185.2369333356619 15.5 12.07896889001131
    endloop
  endfacet
  facet normal 0.9847434275798126 0 0.17401259103398964
    outer loop
      vertex 185.27912592887878 16.1 11.840199507772923
      vertex 185.2369333356619 16.1 12.07896889001131
      vertex 185.27912592887878 15.5 11.840199507772923
    endloop
  endfacet
  facet normal 0.9674374343665746 0 0.2531102735690902
    outer loop
      vertex 185.2369333356619 16.1 12.07896889001131
      vertex 185.177863702178 16.1 12.304744690656662
      vertex 185.2369333356619 15.5 12.07896889001131
    endloop
  endfacet
  facet normal -0.08159103923276813 0 -0.996665893023794
    outer loop
      vertex 186.0564799979329 16.1 11.915040001273155
      vertex 187.5809599980712 16.1 11.790239997208118
      vertex 186.0564799979329 15.5 11.915040001273155
    endloop
  endfacet
  facet normal -0.980392508704611 0 0.1970546342410634
    outer loop
      vertex 186.0564799979329 16.1 11.915040001273155
      vertex 186.0564799979329 15.5 11.915040001273155
      vertex 186.09918715804815 15.5 12.127518028020859
    endloop
  endfacet
  facet normal -0.963609822937471 0 0.26731275528566867
    outer loop
      vertex 186.09918715804815 16.1 12.127518028020859
      vertex 186.09918715804815 15.5 12.127518028020859
      vertex 186.15495308488607 15.5 12.328543208539486
    endloop
  endfacet
  facet normal -0.980392508704611 0 0.1970546342410634
    outer loop
      vertex 186.0564799979329 16.1 11.915040001273155
      vertex 186.09918715804815 15.5 12.127518028020859
      vertex 186.09918715804815 16.1 12.127518028020859
    endloop
  endfacet
  facet normal -0.963609822937471 0 0.26731275528566867
    outer loop
      vertex 186.09918715804815 16.1 12.127518028020859
      vertex 186.15495308488607 15.5 12.328543208539486
      vertex 186.15495308488607 16.1 12.328543208539486
    endloop
  endfacet
  facet normal -0.9399695945153846 0 0.3412582033982236
    outer loop
      vertex 186.15495308488607 16.1 12.328543208539486
      vertex 186.15495308488607 15.5 12.328543208539486
      vertex 186.22377777844667 15.5 12.518115557730198
    endloop
  endfacet
  facet normal 0 1 0
    outer loop
      vertex 186.0564799979329 16.1 11.915040001273155
      vertex 186.09918715804815 16.1 12.127518028020859
      vertex 187.5809599980712 16.1 11.790239997208118
    endloop
  endfacet
  facet normal 0 1 0
    outer loop
      vertex 186.09918715804815 16.1 12.127518028020859
      vertex 186.15495308488607 16.1 12.328543208539486
      vertex 187.5809599980712 16.1 11.790239997208118
    endloop
  endfacet
  facet normal -0.9399695945153846 0 0.3412582033982236
    outer loop
      vertex 186.15495308488607 16.1 12.328543208539486
      vertex 186.22377777844667 15.5 12.518115557730198
      vertex 186.22377777844667 16.1 12.518115557730198
    endloop
  endfacet
  facet normal 0 0 1
    outer loop
      vertex 186.2789599969983 16.1 10.482799999415874
      vertex 186.2789599969983 15.5 10.482799999415874
      vertex 187.76535999774933 15.5 10.482799999415874
    endloop
  endfacet
  facet normal 0 1 0
    outer loop
      vertex 187.80336000025272 16.1 9.24592000246048
      vertex 186.2789599969983 16.1 10.482799999415874
      vertex 187.85744889080524 16.1 10.37920493632555
    endloop
  endfacet
  facet normal 0 0 1
    outer loop
      vertex 186.2789599969983 16.1 10.482799999415874
      vertex 187.76535999774933 15.5 10.482799999415874
      vertex 187.76535999774933 16.1 10.482799999415874
    endloop
  endfacet
  facet normal 0 1 0
    outer loop
      vertex 186.2789599969983 16.1 10.482799999415874
      vertex 187.76535999774933 16.1 10.482799999415874
      vertex 187.85744889080524 16.1 10.37920493632555
    endloop
  endfacet
  facet normal 0.6073989669405198 0 0.7943969379092479
    outer loop
      vertex 187.95529777556658 16.1 10.287797532975674
      vertex 187.95529777556658 15.5 10.287797532975674
      vertex 188.0589066669345 15.5 10.208577774465084
    endloop
  endfacet
  facet normal 0.5225595246291537 0 0.8526028050735893
    outer loop
      vertex 188.0589066669345 16.1 10.208577774465084
      vertex 188.0589066669345 15.5 10.208577774465084
      vertex 188.1682755574584 15.5 10.141545675694942
    endloop
  endfacet
  facet normal 0.7473935826440931 0 0.6643815414522197
    outer loop
      vertex 187.76535999774933 16.1 10.482799999415874
      vertex 187.76535999774933 15.5 10.482799999415874
      vertex 187.85744889080524 15.5 10.37920493632555
    endloop
  endfacet
  facet normal 0.6826445806716064 0 0.7307505569479142
    outer loop
      vertex 187.85744889080524 16.1 10.37920493632555
      vertex 187.85744889080524 15.5 10.37920493632555
      vertex 187.95529777556658 15.5 10.287797532975674
    endloop
  endfacet
  facet normal 0.5225595246291537 0 0.8526028050735893
    outer loop
      vertex 188.1682755574584 16.1 10.141545675694942
      vertex 188.0589066669345 16.1 10.208577774465084
      vertex 188.1682755574584 15.5 10.141545675694942
    endloop
  endfacet
  facet normal 0.6073989669405198 0 0.7943969379092479
    outer loop
      vertex 187.95529777556658 16.1 10.287797532975674
      vertex 188.0589066669345 15.5 10.208577774465084
      vertex 188.0589066669345 16.1 10.208577774465084
    endloop
  endfacet
  facet normal 0.7473935826440931 0 0.6643815414522197
    outer loop
      vertex 187.85744889080524 16.1 10.37920493632555
      vertex 187.76535999774933 16.1 10.482799999415874
      vertex 187.85744889080524 15.5 10.37920493632555
    endloop
  endfacet
  facet normal 0.6826445806716064 0 0.7307505569479142
    outer loop
      vertex 187.95529777556658 16.1 10.287797532975674
      vertex 187.85744889080524 16.1 10.37920493632555
      vertex 187.95529777556658 15.5 10.287797532975674
    endloop
  endfacet
  facet normal 0.4300688220619393 0 0.9027961056020655
    outer loop
      vertex 188.1682755574584 16.1 10.141545675694942
      vertex 188.1682755574584 15.5 10.141545675694942
      vertex 188.2834044471383 15.5 10.086701236665249
    endloop
  endfacet
  facet normal 0.332751635597491 0 0.9430145009527661
    outer loop
      vertex 188.2834044471383 16.1 10.086701236665249
      vertex 188.2834044471383 15.5 10.086701236665249
      vertex 188.40429333597422 15.5 10.044044442474842
    endloop
  endfacet
  facet normal 0.23390571621651626 0 0.9722592843070405
    outer loop
      vertex 188.40429333597422 16.1 10.044044442474842
      vertex 188.40429333597422 15.5 10.044044442474842
      vertex 188.53094222396612 15.5 10.013575308024883
    endloop
  endfacet
  facet normal 0.136770922472028 0 0.9906027027856075
    outer loop
      vertex 188.53094222396612 16.1 10.013575308024883
      vertex 188.53094222396612 15.5 10.013575308024883
      vertex 188.66335111111403 15.5 9.995293825864792
    endloop
  endfacet
  facet normal 0.4300688220619393 0 0.9027961056020655
    outer loop
      vertex 188.1682755574584 16.1 10.141545675694942
      vertex 188.2834044471383 15.5 10.086701236665249
      vertex 188.2834044471383 16.1 10.086701236665249
    endloop
  endfacet
  facet normal 0.332751635597491 0 0.9430145009527661
    outer loop
      vertex 188.2834044471383 16.1 10.086701236665249
      vertex 188.40429333597422 15.5 10.044044442474842
      vertex 188.40429333597422 16.1 10.044044442474842
    endloop
  endfacet
  facet normal 0.23390571621651626 0 0.9722592843070405
    outer loop
      vertex 188.40429333597422 16.1 10.044044442474842
      vertex 188.53094222396612 15.5 10.013575308024883
      vertex 188.53094222396612 16.1 10.013575308024883
    endloop
  endfacet
  facet normal 0.136770922472028 0 0.9906027027856075
    outer loop
      vertex 188.66335111111403 16.1 9.995293825864792
      vertex 188.53094222396612 16.1 10.013575308024883
      vertex 188.66335111111403 15.5 9.995293825864792
    endloop
  endfacet
  facet normal -0.08159103923276813 0 -0.996665893023794
    outer loop
      vertex 187.5809599980712 16.1 11.790239997208118
      vertex 187.5809599980712 15.5 11.790239997208118
      vertex 186.0564799979329 15.5 11.915040001273155
    endloop
  endfacet
  facet normal 0.9645570848544839 0 -0.2638742694106795
    outer loop
      vertex 187.60974419862032 16.1 11.895456790924072
      vertex 187.60974419862032 15.5 11.895456790924072
      vertex 187.5809599980712 15.5 11.790239997208118
    endloop
  endfacet
  facet normal 0.9645570848544839 0 -0.2638742694106795
    outer loop
      vertex 187.5809599980712 16.1 11.790239997208118
      vertex 187.60974419862032 16.1 11.895456790924072
      vertex 187.5809599980712 15.5 11.790239997208118
    endloop
  endfacet
  facet normal 0 1 0
    outer loop
      vertex 186.15495308488607 16.1 12.328543208539486
      vertex 187.60974419862032 16.1 11.895456790924072
      vertex 187.5809599980712 16.1 11.790239997208118
    endloop
  endfacet
  facet normal 0 1 0
    outer loop
      vertex 186.15495308488607 16.1 12.328543208539486
      vertex 186.22377777844667 16.1 12.518115557730198
      vertex 187.60974419862032 16.1 11.895456790924072
    endloop
  endfacet
  facet normal 0 1 0
    outer loop
      vertex 186.22377777844667 16.1 12.518115557730198
      vertex 186.30566123127937 16.1 12.696235060691833
      vertex 187.6430834531784 16.1 11.994111604988575
    endloop
  endfacet
  facet normal 0.9473663538669672 0 -0.320151513444507
    outer loop
      vertex 187.6430834531784 16.1 11.994111604988575
      vertex 187.6430834531784 15.5 11.994111604988575
      vertex 187.60974419862032 15.5 11.895456790924072
    endloop
  endfacet
  facet normal 0 1 0
    outer loop
      vertex 186.22377777844667 16.1 12.518115557730198
      vertex 187.6430834531784 16.1 11.994111604988575
      vertex 187.60974419862032 16.1 11.895456790924072
    endloop
  endfacet
  facet normal 0.9473663538669672 0 -0.320151513444507
    outer loop
      vertex 187.60974419862032 16.1 11.895456790924072
      vertex 187.6430834531784 16.1 11.994111604988575
      vertex 187.60974419862032 15.5 11.895456790924072
    endloop
  endfacet
  facet normal 0 1 0
    outer loop
      vertex 186.30566123127937 16.1 12.696235060691833
      vertex 187.6809777766466 16.1 12.086204446852207
      vertex 187.6430834531784 16.1 11.994111604988575
    endloop
  endfacet
  facet normal 0 1 0
    outer loop
      vertex 186.40060345828533 16.1 12.862901724874973
      vertex 187.72342716157436 16.1 12.171735309064388
      vertex 187.6809777766466 16.1 12.086204446852207
    endloop
  endfacet
  facet normal 0 1 0
    outer loop
      vertex 186.5086044445634 16.1 13.018115557730198
      vertex 187.77043160796165 16.1 12.250704199075699
      vertex 187.72342716157436 16.1 12.171735309064388
    endloop
  endfacet
  facet normal 0.9247709052014619 0 -0.3805243394224197
    outer loop
      vertex 187.6809777766466 16.1 12.086204446852207
      vertex 187.6809777766466 15.5 12.086204446852207
      vertex 187.6430834531784 15.5 11.994111604988575
    endloop
  endfacet
  facet normal 0.8957472262793692 0 -0.44456372615499856
    outer loop
      vertex 187.72342716157436 16.1 12.171735309064388
      vertex 187.72342716157436 15.5 12.171735309064388
      vertex 187.6809777766466 15.5 12.086204446852207
    endloop
  endfacet
  facet normal 0.8592969270139053 0 -0.5114770681315627
    outer loop
      vertex 187.77043160796165 16.1 12.250704199075699
      vertex 187.77043160796165 15.5 12.250704199075699
      vertex 187.72342716157436 15.5 12.171735309064388
    endloop
  endfacet
  facet normal 0.8145824746257252 0 -0.5800477497867134
    outer loop
      vertex 187.8219911083579 16.1 12.323111109435558
      vertex 187.8219911083579 15.5 12.323111109435558
      vertex 187.77043160796165 15.5 12.250704199075699
    endloop
  endfacet
  facet normal 0.7611037762878019 0 -0.6486301270527355
    outer loop
      vertex 187.87810567766428 16.1 12.388956047594547
      vertex 187.87810567766428 15.5 12.388956047594547
      vertex 187.8219911083579 15.5 12.323111109435558
    endloop
  endfacet
  facet normal 0.6988858547846476 0 -0.7152332220904818
    outer loop
      vertex 187.9387753084302 16.1 12.448239013552666
      vertex 187.9387753084302 15.5 12.448239013552666
      vertex 187.87810567766428 15.5 12.388956047594547
    endloop
  endfacet
  facet normal 0.6286221287248871 0 -0.7777108841191509
    outer loop
      vertex 188.00400000065565 16.1 12.500959999859333
      vertex 188.00400000065565 15.5 12.500959999859333
      vertex 187.9387753084302 15.5 12.448239013552666
    endloop
  endfacet
  facet normal 0.9247709052014619 0 -0.3805243394224197
    outer loop
      vertex 187.6430834531784 16.1 11.994111604988575
      vertex 187.6809777766466 16.1 12.086204446852207
      vertex 187.6430834531784 15.5 11.994111604988575
    endloop
  endfacet
  facet normal 0.8957472262793692 0 -0.44456372615499856
    outer loop
      vertex 187.6809777766466 16.1 12.086204446852207
      vertex 187.72342716157436 16.1 12.171735309064388
      vertex 187.6809777766466 15.5 12.086204446852207
    endloop
  endfacet
  facet normal 0.8592969270139053 0 -0.5114770681315627
    outer loop
      vertex 187.72342716157436 16.1 12.171735309064388
      vertex 187.77043160796165 16.1 12.250704199075699
      vertex 187.72342716157436 15.5 12.171735309064388
    endloop
  endfacet
  facet normal 0.8145824746257252 0 -0.5800477497867134
    outer loop
      vertex 187.77043160796165 16.1 12.250704199075699
      vertex 187.8219911083579 16.1 12.323111109435558
      vertex 187.77043160796165 15.5 12.250704199075699
    endloop
  endfacet
  facet normal 0.7611037762878019 0 -0.6486301270527355
    outer loop
      vertex 187.8219911083579 16.1 12.323111109435558
      vertex 187.87810567766428 16.1 12.388956047594547
      vertex 187.8219911083579 15.5 12.323111109435558
    endloop
  endfacet
  facet normal 0.6988858547846476 0 -0.7152332220904818
    outer loop
      vertex 187.87810567766428 16.1 12.388956047594547
      vertex 187.9387753084302 16.1 12.448239013552666
      vertex 187.87810567766428 15.5 12.388956047594547
    endloop
  endfacet
  facet normal 0.6286221287248871 0 -0.7777108841191509
    outer loop
      vertex 187.9387753084302 16.1 12.448239013552666
      vertex 188.00400000065565 16.1 12.500959999859333
      vertex 187.9387753084302 15.5 12.448239013552666
    endloop
  endfacet
  facet normal 0.9068967789091943 0 0.421352859731755
    outer loop
      vertex 185.009093336761 16.1 12.717315554618835
      vertex 185.009093336761 15.5 12.717315554618835
      vertex 185.1019170358777 15.5 12.517526917159557
    endloop
  endfacet
  facet normal 0.8083449950762612 0 0.5887090698597731
    outer loop
      vertex 184.7728148177266 16.1 13.077912099659443
      vertex 184.7728148177266 15.5 13.077912099659443
      vertex 184.89939258992672 15.5 12.904110617935658
    endloop
  endfacet
  facet normal 0.8622945089886653 0 0.5064071284727304
    outer loop
      vertex 184.89939258992672 16.1 12.904110617935658
      vertex 184.89939258992672 15.5 12.904110617935658
      vertex 185.009093336761 15.5 12.717315554618835
    endloop
  endfacet
  facet normal 0.9068967789091943 0 0.421352859731755
    outer loop
      vertex 185.1019170358777 16.1 12.517526917159557
      vertex 185.009093336761 16.1 12.717315554618835
      vertex 185.1019170358777 15.5 12.517526917159557
    endloop
  endfacet
  facet normal 0.8622945089886653 0 0.5064071284727304
    outer loop
      vertex 185.009093336761 16.1 12.717315554618835
      vertex 184.89939258992672 16.1 12.904110617935658
      vertex 185.009093336761 15.5 12.717315554618835
    endloop
  endfacet
  facet normal 0.8083449950762612 0 0.5887090698597731
    outer loop
      vertex 184.7728148177266 16.1 13.077912099659443
      vertex 184.89939258992672 15.5 12.904110617935658
      vertex 184.89939258992672 16.1 12.904110617935658
    endloop
  endfacet
  facet normal 0.7462226856470137 0 0.6656964048466526
    outer loop
      vertex 184.7728148177266 16.1 13.077912099659443
      vertex 184.62935999780893 16.1 13.238719999790192
      vertex 184.7728148177266 15.5 13.077912099659443
    endloop
  endfacet
  facet normal -0.9085902010658775 0 0.41768869571376754
    outer loop
      vertex 186.22377777844667 16.1 12.518115557730198
      vertex 186.22377777844667 15.5 12.518115557730198
      vertex 186.30566123127937 15.5 12.696235060691833
    endloop
  endfacet
  facet normal -0.8689068182053914 0 0.4949756976622013
    outer loop
      vertex 186.30566123127937 16.1 12.696235060691833
      vertex 186.30566123127937 15.5 12.696235060691833
      vertex 186.40060345828533 15.5 12.862901724874973
    endloop
  endfacet
  facet normal -0.820840376020577 0 0.5711576639548818
    outer loop
      vertex 186.40060345828533 16.1 12.862901724874973
      vertex 186.40060345828533 15.5 12.862901724874973
      vertex 186.5086044445634 15.5 13.018115557730198
    endloop
  endfacet
  facet normal -0.7649167832761659 0 0.6441291133479707
    outer loop
      vertex 186.5086044445634 16.1 13.018115557730198
      vertex 186.5086044445634 15.5 13.018115557730198
      vertex 186.62966419756413 15.5 13.161876544356346
    endloop
  endfacet
  facet normal -0.9085902010658775 0 0.41768869571376754
    outer loop
      vertex 186.22377777844667 16.1 12.518115557730198
      vertex 186.30566123127937 15.5 12.696235060691833
      vertex 186.30566123127937 16.1 12.696235060691833
    endloop
  endfacet
  facet normal -0.8689068182053914 0 0.4949756976622013
    outer loop
      vertex 186.30566123127937 16.1 12.696235060691833
      vertex 186.40060345828533 15.5 12.862901724874973
      vertex 186.40060345828533 16.1 12.862901724874973
    endloop
  endfacet
  facet normal -0.820840376020577 0 0.5711576639548818
    outer loop
      vertex 186.40060345828533 16.1 12.862901724874973
      vertex 186.5086044445634 15.5 13.018115557730198
      vertex 186.5086044445634 16.1 13.018115557730198
    endloop
  endfacet
  facet normal -0.7649167832761659 0 0.6441291133479707
    outer loop
      vertex 186.5086044445634 16.1 13.018115557730198
      vertex 186.62966419756413 15.5 13.161876544356346
      vertex 186.62966419756413 16.1 13.161876544356346
    endloop
  endfacet
  facet normal 0 1 0
    outer loop
      vertex 186.30566123127937 16.1 12.696235060691833
      vertex 186.40060345828533 16.1 12.862901724874973
      vertex 187.6809777766466 16.1 12.086204446852207
    endloop
  endfacet
  facet normal 0 1 0
    outer loop
      vertex 186.40060345828533 16.1 12.862901724874973
      vertex 186.5086044445634 16.1 13.018115557730198
      vertex 187.72342716157436 16.1 12.171735309064388
    endloop
  endfacet
  facet normal 0 1 0
    outer loop
      vertex 186.5086044445634 16.1 13.018115557730198
      vertex 186.62966419756413 16.1 13.161876544356346
      vertex 187.77043160796165 16.1 12.250704199075699
    endloop
  endfacet
  facet normal 0 1 0
    outer loop
      vertex 186.62966419756413 16.1 13.161876544356346
      vertex 186.76378271728754 16.1 13.294184692203999
      vertex 187.8219911083579 16.1 12.323111109435558
    endloop
  endfacet
  facet normal 0 1 0
    outer loop
      vertex 186.62966419756413 16.1 13.161876544356346
      vertex 187.8219911083579 16.1 12.323111109435558
      vertex 187.77043160796165 16.1 12.250704199075699
    endloop
  endfacet
  facet normal 0 1 0
    outer loop
      vertex 187.8219911083579 16.1 12.323111109435558
      vertex 186.91095999628305 16.1 13.415040001273155
      vertex 187.87810567766428 16.1 12.388956047594547
    endloop
  endfacet
  facet normal 0 1 0
    outer loop
      vertex 187.87810567766428 16.1 12.388956047594547
      vertex 187.07032592594624 16.1 13.523772843182087
      vertex 187.9387753084302 16.1 12.448239013552666
    endloop
  endfacet
  facet normal 0 1 0
    outer loop
      vertex 186.76378271728754 16.1 13.294184692203999
      vertex 186.91095999628305 16.1 13.415040001273155
      vertex 187.8219911083579 16.1 12.323111109435558
    endloop
  endfacet
  facet normal 0 1 0
    outer loop
      vertex 187.87810567766428 16.1 12.388956047594547
      vertex 186.91095999628305 16.1 13.415040001273155
      vertex 187.07032592594624 16.1 13.523772843182087
    endloop
  endfacet
  facet normal -0.7022857706843623 0 0.7118951441710158
    outer loop
      vertex 186.62966419756413 16.1 13.161876544356346
      vertex 186.62966419756413 15.5 13.161876544356346
      vertex 186.76378271728754 15.5 13.294184692203999
    endloop
  endfacet
  facet normal -0.6346130171315268 0 0.7728300708999492
    outer loop
      vertex 186.76378271728754 16.1 13.294184692203999
      vertex 186.76378271728754 15.5 13.294184692203999
      vertex 186.91095999628305 15.5 13.415040001273155
    endloop
  endfacet
  facet normal -0.5635995360135085 0 0.82604816022152
    outer loop
      vertex 186.91095999628305 16.1 13.415040001273155
      vertex 186.91095999628305 15.5 13.415040001273155
      vertex 187.07032592594624 15.5 13.523772843182087
    endloop
  endfacet
  facet normal -0.4899925106576949 0 0.8717266426462879
    outer loop
      vertex 187.07032592594624 16.1 13.523772843182087
      vertex 187.07032592594624 15.5 13.523772843182087
      vertex 187.24101036787033 15.5 13.619713582098484
    endloop
  endfacet
  facet normal -0.7022857706843623 0 0.7118951441710158
    outer loop
      vertex 186.62966419756413 16.1 13.161876544356346
      vertex 186.76378271728754 15.5 13.294184692203999
      vertex 186.76378271728754 16.1 13.294184692203999
    endloop
  endfacet
  facet normal -0.6346130171315268 0 0.7728300708999492
    outer loop
      vertex 186.76378271728754 16.1 13.294184692203999
      vertex 186.91095999628305 15.5 13.415040001273155
      vertex 186.91095999628305 16.1 13.415040001273155
    endloop
  endfacet
  facet normal -0.5635995360135085 0 0.82604816022152
    outer loop
      vertex 186.91095999628305 16.1 13.415040001273155
      vertex 187.07032592594624 15.5 13.523772843182087
      vertex 187.07032592594624 16.1 13.523772843182087
    endloop
  endfacet
  facet normal -0.4155418439566903 0 0.9095740629113572
    outer loop
      vertex 187.24101036787033 16.1 13.619713582098484
      vertex 187.24101036787033 15.5 13.619713582098484
      vertex 187.4230133369565 15.5 13.702862225472927
    endloop
  endfacet
  facet normal -0.3419912802338483 0 0.9397031255902119
    outer loop
      vertex 187.4230133369565 16.1 13.702862225472927
      vertex 187.4230133369565 15.5 13.702862225472927
      vertex 187.61633481830359 15.5 13.773218765854836
    endloop
  endfacet
  facet normal 0 1 0
    outer loop
      vertex 187.9387753084302 16.1 12.448239013552666
      vertex 187.07032592594624 16.1 13.523772843182087
      vertex 187.24101036787033 16.1 13.619713582098484
    endloop
  endfacet
  facet normal 0 1 0
    outer loop
      vertex 187.24101036787033 16.1 13.619713582098484
      vertex 187.4230133369565 16.1 13.702862225472927
      vertex 188.00400000065565 16.1 12.500959999859333
    endloop
  endfacet
  facet normal -0.4899925106576949 0 0.8717266426462879
    outer loop
      vertex 187.07032592594624 16.1 13.523772843182087
      vertex 187.24101036787033 15.5 13.619713582098484
      vertex 187.24101036787033 16.1 13.619713582098484
    endloop
  endfacet
  facet normal -0.4155418439566903 0 0.9095740629113572
    outer loop
      vertex 187.24101036787033 16.1 13.619713582098484
      vertex 187.4230133369565 15.5 13.702862225472927
      vertex 187.4230133369565 16.1 13.702862225472927
    endloop
  endfacet
  facet normal -0.3419912802338483 0 0.9397031255902119
    outer loop
      vertex 187.4230133369565 16.1 13.702862225472927
      vertex 187.61633481830359 15.5 13.773218765854836
      vertex 187.61633481830359 16.1 13.773218765854836
    endloop
  endfacet
  facet normal 0.5577467865067584 0 -0.8300111578414983
    outer loop
      vertex 188.07346172630787 16.1 12.547636546194553
      vertex 188.07346172630787 15.5 12.547636546194553
      vertex 188.00400000065565 15.5 12.500959999859333
    endloop
  endfacet
  facet normal 0.48961557863067534 0 -0.8719384067479474
    outer loop
      vertex 188.14680691063404 16.1 12.588821731507778
      vertex 188.14680691063404 15.5 12.588821731507778
      vertex 188.07346172630787 15.5 12.547636546194553
    endloop
  endfacet
  facet normal 0.5577467865067584 0 -0.8300111578414983
    outer loop
      vertex 188.00400000065565 16.1 12.500959999859333
      vertex 188.07346172630787 16.1 12.547636546194553
      vertex 188.00400000065565 15.5 12.500959999859333
    endloop
  endfacet
  facet normal 0.48961557863067534 0 -0.8719384067479474
    outer loop
      vertex 188.07346172630787 16.1 12.547636546194553
      vertex 188.14680691063404 16.1 12.588821731507778
      vertex 188.07346172630787 15.5 12.547636546194553
    endloop
  endfacet
  facet normal 0 1 0
    outer loop
      vertex 187.9387753084302 16.1 12.448239013552666
      vertex 187.24101036787033 16.1 13.619713582098484
      vertex 188.00400000065565 16.1 12.500959999859333
    endloop
  endfacet
  facet normal 0 1 0
    outer loop
      vertex 187.4230133369565 16.1 13.702862225472927
      vertex 188.07346172630787 16.1 12.547636546194553
      vertex 188.00400000065565 16.1 12.500959999859333
    endloop
  endfacet
  facet normal 0 1 0
    outer loop
      vertex 187.61633481830359 16.1 13.773218765854836
      vertex 188.14680691063404 16.1 12.588821731507778
      vertex 188.07346172630787 16.1 12.547636546194553
    endloop
  endfacet
  facet normal 0 1 0
    outer loop
      vertex 187.82097481191158 16.1 13.83078321069479
      vertex 188.22403555363417 16.1 12.624515555799007
      vertex 188.14680691063404 16.1 12.588821731507778
    endloop
  endfacet
  facet normal 0 1 0
    outer loop
      vertex 187.82097481191158 16.1 13.83078321069479
      vertex 188.30514765530825 16.1 12.654718026518822
      vertex 188.22403555363417 16.1 12.624515555799007
    endloop
  endfacet
  facet normal 0.4195410107523297 0 -0.9077363826006499
    outer loop
      vertex 188.22403555363417 16.1 12.624515555799007
      vertex 188.22403555363417 15.5 12.624515555799007
      vertex 188.14680691063404 15.5 12.588821731507778
    endloop
  endfacet
  facet normal 0.3489490916344846 0 -0.9371416816295539
    outer loop
      vertex 188.30514765530825 16.1 12.654718026518822
      vertex 188.30514765530825 15.5 12.654718026518822
      vertex 188.22403555363417 15.5 12.624515555799007
    endloop
  endfacet
  facet normal 0.2791746576023943 0 -0.9602403399944129
    outer loop
      vertex 188.3901432082057 16.1 12.67942913621664
      vertex 188.3901432082057 15.5 12.67942913621664
      vertex 188.30514765530825 15.5 12.654718026518822
    endloop
  endfacet
  facet normal 0.21136086995992748 0 -0.97740809422154
    outer loop
      vertex 188.4790222197771 16.1 12.698648892343044
      vertex 188.4790222197771 15.5 12.698648892343044
      vertex 188.3901432082057 15.5 12.67942913621664
    endloop
  endfacet
  facet normal 0.1464005540584211 0 -0.9892253928055968
    outer loop
      vertex 188.57178469002247 16.1 12.712377287447453
      vertex 188.57178469002247 15.5 12.712377287447453
      vertex 188.4790222197771 15.5 12.698648892343044
    endloop
  endfacet
  facet normal 0.4195410107523297 0 -0.9077363826006499
    outer loop
      vertex 188.14680691063404 16.1 12.588821731507778
      vertex 188.22403555363417 16.1 12.624515555799007
      vertex 188.14680691063404 15.5 12.588821731507778
    endloop
  endfacet
  facet normal 0.3489490916344846 0 -0.9371416816295539
    outer loop
      vertex 188.22403555363417 16.1 12.624515555799007
      vertex 188.30514765530825 16.1 12.654718026518822
      vertex 188.22403555363417 15.5 12.624515555799007
    endloop
  endfacet
  facet normal 0.2791746576023943 0 -0.9602403399944129
    outer loop
      vertex 188.30514765530825 16.1 12.654718026518822
      vertex 188.3901432082057 16.1 12.67942913621664
      vertex 188.30514765530825 15.5 12.654718026518822
    endloop
  endfacet
  facet normal 0.21136086995992748 0 -0.97740809422154
    outer loop
      vertex 188.3901432082057 16.1 12.67942913621664
      vertex 188.4790222197771 16.1 12.698648892343044
      vertex 188.3901432082057 15.5 12.67942913621664
    endloop
  endfacet
  facet normal 0.1464005540584211 0 -0.9892253928055968
    outer loop
      vertex 188.4790222197771 16.1 12.698648892343044
      vertex 188.57178469002247 16.1 12.712377287447453
      vertex 188.4790222197771 15.5 12.698648892343044
    endloop
  endfacet
  facet normal 0.0849211069493431 0 -0.9963876783634462
    outer loop
      vertex 188.57178469002247 16.1 12.712377287447453
      vertex 188.66843061894178 16.1 12.720614321529865
      vertex 188.57178469002247 15.5 12.712377287447453
    endloop
  endfacet
  facet normal 0 1 0
    outer loop
      vertex 188.03693333268166 16.1 13.87555555254221
      vertex 188.3901432082057 16.1 12.67942913621664
      vertex 188.30514765530825 16.1 12.654718026518822
    endloop
  endfacet
  facet normal 0 1 0
    outer loop
      vertex 188.3901432082057 16.1 12.67942913621664
      vertex 188.26421037316322 16.1 13.907535798847675
      vertex 188.4790222197771 16.1 12.698648892343044
    endloop
  endfacet
  facet normal 0 1 0
    outer loop
      vertex 188.4790222197771 16.1 12.698648892343044
      vertex 188.5028059259057 16.1 13.926723949611187
      vertex 188.57178469002247 16.1 12.712377287447453
    endloop
  endfacet
  facet normal 0 1 0
    outer loop
      vertex 188.57178469002247 16.1 12.712377287447453
      vertex 188.5028059259057 16.1 13.926723949611187
      vertex 188.66843061894178 16.1 12.720614321529865
    endloop
  endfacet
  facet normal 0 1 0
    outer loop
      vertex 187.4230133369565 16.1 13.702862225472927
      vertex 187.61633481830359 16.1 13.773218765854836
      vertex 188.07346172630787 16.1 12.547636546194553
    endloop
  endfacet
  facet normal 0 1 0
    outer loop
      vertex 187.61633481830359 16.1 13.773218765854836
      vertex 187.82097481191158 16.1 13.83078321069479
      vertex 188.14680691063404 16.1 12.588821731507778
    endloop
  endfacet
  facet normal 0 1 0
    outer loop
      vertex 187.82097481191158 16.1 13.83078321069479
      vertex 188.03693333268166 16.1 13.87555555254221
      vertex 188.30514765530825 16.1 12.654718026518822
    endloop
  endfacet
  facet normal 0 1 0
    outer loop
      vertex 188.03693333268166 16.1 13.87555555254221
      vertex 188.26421037316322 16.1 13.907535798847675
      vertex 188.3901432082057 16.1 12.67942913621664
    endloop
  endfacet
  facet normal 0 1 0
    outer loop
      vertex 188.4790222197771 16.1 12.698648892343044
      vertex 188.26421037316322 16.1 13.907535798847675
      vertex 188.5028059259057 16.1 13.926723949611187
    endloop
  endfacet
  facet normal -0.27078675683139913 0 0.9626393573528629
    outer loop
      vertex 187.61633481830359 16.1 13.773218765854836
      vertex 187.61633481830359 15.5 13.773218765854836
      vertex 187.82097481191158 15.5 13.83078321069479
    endloop
  endfacet
  facet normal -0.20300242162967294 0 0.9791782354671126
    outer loop
      vertex 187.82097481191158 16.1 13.83078321069479
      vertex 187.82097481191158 15.5 13.83078321069479
      vertex 188.03693333268166 15.5 13.87555555254221
    endloop
  endfacet
  facet normal -0.1393377708515154 0 0.990244911935492
    outer loop
      vertex 188.03693333268166 16.1 13.87555555254221
      vertex 188.03693333268166 15.5 13.87555555254221
      vertex 188.26421037316322 15.5 13.907535798847675
    endloop
  endfacet
  facet normal -0.27078675683139913 0 0.9626393573528629
    outer loop
      vertex 187.61633481830359 16.1 13.773218765854836
      vertex 187.82097481191158 15.5 13.83078321069479
      vertex 187.82097481191158 16.1 13.83078321069479
    endloop
  endfacet
  facet normal -0.20300242162967294 0 0.9791782354671126
    outer loop
      vertex 187.82097481191158 16.1 13.83078321069479
      vertex 188.03693333268166 15.5 13.87555555254221
      vertex 188.03693333268166 16.1 13.87555555254221
    endloop
  endfacet
  facet normal -0.08016243179582086 0 0.9967818139034141
    outer loop
      vertex 188.26421037316322 16.1 13.907535798847675
      vertex 188.26421037316322 15.5 13.907535798847675
      vertex 188.5028059259057 15.5 13.926723949611187
    endloop
  endfacet
  facet normal -0.025584610053212935 0 0.9996726602885693
    outer loop
      vertex 188.5028059259057 16.1 13.926723949611187
      vertex 188.5028059259057 15.5 13.926723949611187
      vertex 188.75271999835968 15.5 13.933119997382164
    endloop
  endfacet
  facet normal -0.1393377708515154 0 0.990244911935492
    outer loop
      vertex 188.03693333268166 16.1 13.87555555254221
      vertex 188.26421037316322 15.5 13.907535798847675
      vertex 188.26421037316322 16.1 13.907535798847675
    endloop
  endfacet
  facet normal -0.08016243179582086 0 0.9967818139034141
    outer loop
      vertex 188.26421037316322 16.1 13.907535798847675
      vertex 188.5028059259057 15.5 13.926723949611187
      vertex 188.5028059259057 16.1 13.926723949611187
    endloop
  endfacet
  facet normal -0.1949538423572744 0 0.9808124180240252
    outer loop
      vertex 189.0445027127862 16.1 10.00701728463173
      vertex 189.0445027127862 15.5 10.00701728463173
      vertex 189.15655110776424 15.5 10.0292888879776
    endloop
  endfacet
  facet normal -0.1122035412626855 0 0.9936852445961512
    outer loop
      vertex 188.92615900933743 16.1 9.993654318153858
      vertex 189.0445027127862 15.5 10.00701728463173
      vertex 189.0445027127862 16.1 10.00701728463173
    endloop
  endfacet
  facet normal -0.2828040258520588 0 0.9591777118771411
    outer loop
      vertex 189.15655110776424 16.1 10.0292888879776
      vertex 189.15655110776424 15.5 10.0292888879776
      vertex 189.26230419427156 15.5 10.060469135642052
    endloop
  endfacet
  facet normal -0.37384760588702287 0 0.9274901441915926
    outer loop
      vertex 189.26230419427156 16.1 10.060469135642052
      vertex 189.26230419427156 15.5 10.060469135642052
      vertex 189.36176197230816 15.5 10.100558027625084
    endloop
  endfacet
  facet normal -0.4654834314183951 0 0.885056594277991
    outer loop
      vertex 189.36176197230816 16.1 10.100558027625084
      vertex 189.36176197230816 15.5 10.100558027625084
      vertex 189.45492444187403 15.5 10.149555556476116
    endloop
  endfacet
  facet normal -0.5546652644328642 0 0.8320735811402864
    outer loop
      vertex 189.45492444187403 16.1 10.149555556476116
      vertex 189.45492444187403 15.5 10.149555556476116
      vertex 189.54179160296917 15.5 10.207461729645729
    endloop
  endfacet
  facet normal -0.6383309297748032 0 0.769762056802513
    outer loop
      vertex 189.54179160296917 16.1 10.207461729645729
      vertex 189.54179160296917 15.5 10.207461729645729
      vertex 189.6223634555936 15.5 10.274276539683342
    endloop
  endfacet
  facet normal -0.1949538423572744 0 0.9808124180240252
    outer loop
      vertex 189.0445027127862 16.1 10.00701728463173
      vertex 189.15655110776424 15.5 10.0292888879776
      vertex 189.15655110776424 16.1 10.0292888879776
    endloop
  endfacet
  facet normal -0.2828040258520588 0 0.9591777118771411
    outer loop
      vertex 189.15655110776424 16.1 10.0292888879776
      vertex 189.26230419427156 15.5 10.060469135642052
      vertex 189.26230419427156 16.1 10.060469135642052
    endloop
  endfacet
  facet normal -0.37384760588702287 0 0.9274901441915926
    outer loop
      vertex 189.26230419427156 16.1 10.060469135642052
      vertex 189.36176197230816 15.5 10.100558027625084
      vertex 189.36176197230816 16.1 10.100558027625084
    endloop
  endfacet
  facet normal -0.4654834314183951 0 0.885056594277991
    outer loop
      vertex 189.36176197230816 16.1 10.100558027625084
      vertex 189.45492444187403 15.5 10.149555556476116
      vertex 189.45492444187403 16.1 10.149555556476116
    endloop
  endfacet
  facet normal -0.5546652644328642 0 0.8320735811402864
    outer loop
      vertex 189.45492444187403 16.1 10.149555556476116
      vertex 189.54179160296917 15.5 10.207461729645729
      vertex 189.54179160296917 16.1 10.207461729645729
    endloop
  endfacet
  facet normal -0.6383309297748032 0 0.769762056802513
    outer loop
      vertex 189.54179160296917 16.1 10.207461729645729
      vertex 189.6223634555936 15.5 10.274276539683342
      vertex 189.6223634555936 16.1 10.274276539683342
    endloop
  endfacet
  facet normal -0.7138944038438513 0 0.7002533685462944
    outer loop
      vertex 189.6223634555936 16.1 10.274276539683342
      vertex 189.6223634555936 15.5 10.274276539683342
      vertex 189.69663999974728 15.5 10.350000001490116
    endloop
  endfacet
  facet normal -0.777826172696842 0 0.6284794706812487
    outer loop
      vertex 189.69663999974728 16.1 10.350000001490116
      vertex 189.69663999974728 15.5 10.350000001490116
      vertex 189.76381728053093 15.5 10.433140739798546
    endloop
  endfacet
  facet normal -0.8325993531736966 0 0.5538757235109172
    outer loop
      vertex 189.76381728053093 16.1 10.433140739798546
      vertex 189.76381728053093 15.5 10.433140739798546
      vertex 189.8230913579464 15.5 10.522242963314056
    endloop
  endfacet
  facet normal -0.8797642584774736 0 0.475410190788524
    outer loop
      vertex 189.8230913579464 16.1 10.522242963314056
      vertex 189.8230913579464 15.5 10.522242963314056
      vertex 189.8744622245431 15.5 10.617306664586067
    endloop
  endfacet
  facet normal -0.7138944038438513 0 0.7002533685462944
    outer loop
      vertex 189.6223634555936 16.1 10.274276539683342
      vertex 189.69663999974728 15.5 10.350000001490116
      vertex 189.69663999974728 16.1 10.350000001490116
    endloop
  endfacet
  facet normal -0.777826172696842 0 0.6284794706812487
    outer loop
      vertex 189.69663999974728 16.1 10.350000001490116
      vertex 189.76381728053093 15.5 10.433140739798546
      vertex 189.76381728053093 16.1 10.433140739798546
    endloop
  endfacet
  facet normal -0.8325993531736966 0 0.5538757235109172
    outer loop
      vertex 189.76381728053093 16.1 10.433140739798546
      vertex 189.8230913579464 15.5 10.522242963314056
      vertex 189.8230913579464 16.1 10.522242963314056
    endloop
  endfacet
  facet normal -0.8797642584774736 0 0.475410190788524
    outer loop
      vertex 189.8230913579464 16.1 10.522242963314056
      vertex 189.8744622245431 15.5 10.617306664586067
      vertex 189.8744622245431 16.1 10.617306664586067
    endloop
  endfacet
  facet normal 0 1 0
    outer loop
      vertex 190.930799998343 16.1 9.435840003192425
      vertex 189.69663999974728 16.1 10.350000001490116
      vertex 189.76381728053093 16.1 10.433140739798546
    endloop
  endfacet
  facet normal 0 1 0
    outer loop
      vertex 191.06800889223814 16.1 9.592553086578846
      vertex 189.76381728053093 16.1 10.433140739798546
      vertex 189.8230913579464 16.1 10.522242963314056
    endloop
  endfacet
  facet normal 0 1 0
    outer loop
      vertex 191.1890755519271 16.1 9.76132345944643
      vertex 189.8230913579464 16.1 10.522242963314056
      vertex 189.8744622245431 16.1 10.617306664586067
    endloop
  endfacet
  facet normal 0 1 0
    outer loop
      vertex 191.29399999976158 16.1 9.942151114344597
      vertex 189.8744622245431 16.1 10.617306664586067
      vertex 189.91792987287045 16.1 10.718331851065159
    endloop
  endfacet
  facet normal -0.9185806727203772 0 0.39523353565275715
    outer loop
      vertex 189.8744622245431 16.1 10.617306664586067
      vertex 189.8744622245431 15.5 10.617306664586067
      vertex 189.91792987287045 15.5 10.718331851065159
    endloop
  endfacet
  facet normal -0.9489431522733134 0 0.3154471330565344
    outer loop
      vertex 189.91792987287045 16.1 10.718331851065159
      vertex 189.91792987287045 15.5 10.718331851065159
      vertex 189.9534943178296 15.5 10.82531851530075
    endloop
  endfacet
  facet normal -0.9712963920206532 0 0.23787248442739514
    outer loop
      vertex 189.9534943178296 16.1 10.82531851530075
      vertex 189.9534943178296 15.5 10.82531851530075
      vertex 189.98115555197 15.5 10.938266664743423
    endloop
  endfacet
  facet normal -0.9864748469755773 0 0.16391270934406307
    outer loop
      vertex 189.98115555197 16.1 10.938266664743423
      vertex 189.98115555197 15.5 10.938266664743423
      vertex 190.0009135827422 15.5 11.057176299393177
    endloop
  endfacet
  facet normal -0.995523775744541 0 0.09451143807673669
    outer loop
      vertex 190.0009135827422 16.1 11.057176299393177
      vertex 190.0009135827422 15.5 11.057176299393177
      vertex 190.01276839524508 15.5 11.18204740434885
    endloop
  endfacet
  facet normal -0.9995441862890989 0 0.030189727651354654
    outer loop
      vertex 190.01276839524508 16.1 11.18204740434885
      vertex 190.01276839524508 15.5 11.18204740434885
      vertex 190.01671999692917 15.5 11.312880001962185
    endloop
  endfacet
  facet normal -0.9185806727203772 0 0.39523353565275715
    outer loop
      vertex 189.8744622245431 16.1 10.617306664586067
      vertex 189.91792987287045 15.5 10.718331851065159
      vertex 189.91792987287045 16.1 10.718331851065159
    endloop
  endfacet
  facet normal -0.9489431522733134 0 0.3154471330565344
    outer loop
      vertex 189.91792987287045 16.1 10.718331851065159
      vertex 189.9534943178296 15.5 10.82531851530075
      vertex 189.9534943178296 16.1 10.82531851530075
    endloop
  endfacet
  facet normal -0.9712963920206532 0 0.23787248442739514
    outer loop
      vertex 189.9534943178296 16.1 10.82531851530075
      vertex 189.98115555197 15.5 10.938266664743423
      vertex 189.98115555197 16.1 10.938266664743423
    endloop
  endfacet
  facet normal -0.9864748469755773 0 0.16391270934406307
    outer loop
      vertex 189.98115555197 16.1 10.938266664743423
      vertex 190.0009135827422 15.5 11.057176299393177
      vertex 190.0009135827422 16.1 11.057176299393177
    endloop
  endfacet
  facet normal -0.995523775744541 0 0.09451143807673669
    outer loop
      vertex 190.0009135827422 16.1 11.057176299393177
      vertex 190.01276839524508 15.5 11.18204740434885
      vertex 190.01276839524508 16.1 11.18204740434885
    endloop
  endfacet
  facet normal 0 1 0
    outer loop
      vertex 189.91792987287045 16.1 10.718331851065159
      vertex 189.9534943178296 16.1 10.82531851530075
      vertex 191.4554222226143 16.1 10.339978270232677
    endloop
  endfacet
  facet normal 0 1 0
    outer loop
      vertex 189.9534943178296 16.1 10.82531851530075
      vertex 189.98115555197 16.1 10.938266664743423
      vertex 191.5119199976325 16.1 10.556977778673172
    endloop
  endfacet
  facet normal 0 1 0
    outer loop
      vertex 189.98115555197 16.1 10.938266664743423
      vertex 190.0009135827422 16.1 11.057176299393177
      vertex 191.55227555334568 16.1 10.786034569144249
    endloop
  endfacet
  facet normal 0 1 0
    outer loop
      vertex 190.0009135827422 16.1 11.057176299393177
      vertex 190.01276839524508 16.1 11.18204740434885
      vertex 191.57648888975382 16.1 11.027148641645908
    endloop
  endfacet
  facet normal -0.6258065181904471 0 -0.7799783341800909
    outer loop
      vertex 189.59949036687613 16.1 12.43619753420353
      vertex 189.59949036687613 15.5 12.43619753420353
      vertex 189.51560592651367 15.5 12.503501236438751
    endloop
  endfacet
  facet normal -0.6258065181904471 0 -0.7799783341800909
    outer loop
      vertex 189.59949036687613 16.1 12.43619753420353
      vertex 189.51560592651367 15.5 12.503501236438751
      vertex 189.51560592651367 16.1 12.503501236438751
    endloop
  endfacet
  facet normal -0.9996000059414488 0 -0.02828123267920906
    outer loop
      vertex 190.01671999692917 16.1 11.312880001962185
      vertex 190.01671999692917 15.5 11.312880001962185
      vertex 190.01253432035446 15.5 11.460822716355324
    endloop
  endfacet
  facet normal -0.9960040341415893 0 -0.08930825255081264
    outer loop
      vertex 190.01253432035446 16.1 11.460822716355324
      vertex 190.01253432035446 15.5 11.460822716355324
      vertex 189.99997728317976 15.5 11.600864194333553
    endloop
  endfacet
  facet normal -0.9876889891793715 0 -0.15643036998559876
    outer loop
      vertex 189.99997728317976 16.1 11.600864194333553
      vertex 189.99997728317976 15.5 11.600864194333553
      vertex 189.97904888540506 15.5 11.733004443347454
    endloop
  endfacet
  facet normal -0.9732999442599762 0 -0.22953696544026916
    outer loop
      vertex 189.97904888540506 16.1 11.733004443347454
      vertex 189.97904888540506 15.5 11.733004443347454
      vertex 189.94974913448095 15.5 11.857243455946445
    endloop
  endfacet
  facet normal -0.9995441862890989 0 0.030189727651354654
    outer loop
      vertex 190.01276839524508 16.1 11.18204740434885
      vertex 190.01671999692917 15.5 11.312880001962185
      vertex 190.01671999692917 16.1 11.312880001962185
    endloop
  endfacet
  facet normal -0.9996000059414488 0 -0.02828123267920906
    outer loop
      vertex 190.01671999692917 16.1 11.312880001962185
      vertex 190.01253432035446 15.5 11.460822716355324
      vertex 190.01253432035446 16.1 11.460822716355324
    endloop
  endfacet
  facet normal -0.9960040341415893 0 -0.08930825255081264
    outer loop
      vertex 190.01253432035446 16.1 11.460822716355324
      vertex 189.99997728317976 15.5 11.600864194333553
      vertex 189.99997728317976 16.1 11.600864194333553
    endloop
  endfacet
  facet normal -0.9876889891793715 0 -0.15643036998559876
    outer loop
      vertex 189.99997728317976 16.1 11.600864194333553
      vertex 189.97904888540506 15.5 11.733004443347454
      vertex 189.97904888540506 16.1 11.733004443347454
    endloop
  endfacet
  facet normal -0.9732999442599762 0 -0.22953696544026916
    outer loop
      vertex 189.94974913448095 16.1 11.857243455946445
      vertex 189.97904888540506 16.1 11.733004443347454
      vertex 189.94974913448095 15.5 11.857243455946445
    endloop
  endfacet
  facet normal 0 1 0
    outer loop
      vertex 190.01276839524508 16.1 11.18204740434885
      vertex 190.01671999692917 16.1 11.312880001962185
      vertex 191.58455999940634 16.1 11.28032000362873
    endloop
  endfacet
  facet normal 0 1 0
    outer loop
      vertex 190.01671999692917 16.1 11.312880001962185
      vertex 190.01253432035446 16.1 11.460822716355324
      vertex 191.58455999940634 16.1 11.28032000362873
    endloop
  endfacet
  facet normal 0 1 0
    outer loop
      vertex 190.01253432035446 16.1 11.460822716355324
      vertex 189.99997728317976 16.1 11.600864194333553
      vertex 191.57521679252386 16.1 11.544236049056053
    endloop
  endfacet
  facet normal 0 1 0
    outer loop
      vertex 189.99997728317976 16.1 11.600864194333553
      vertex 189.97904888540506 16.1 11.733004443347454
      vertex 191.54718715697527 16.1 11.79589530825615
    endloop
  endfacet
  facet normal -0.8794486776521904 0 -0.475993721992017
    outer loop
      vertex 189.86603555828333 16.1 12.08201777935028
      vertex 189.86603555828333 15.5 12.08201777935028
      vertex 189.81162172555923 15.5 12.182553082704544
    endloop
  endfacet
  facet normal -0.951366843796185 0 -0.30806026768359035
    outer loop
      vertex 189.94974913448095 16.1 11.857243455946445
      vertex 189.94974913448095 15.5 11.857243455946445
      vertex 189.91207802295685 15.5 11.973581232130527
    endloop
  endfacet
  facet normal -0.920462467916238 0 -0.3908309675007195
    outer loop
      vertex 189.91207802295685 16.1 11.973581232130527
      vertex 189.91207802295685 15.5 11.973581232130527
      vertex 189.86603555828333 15.5 12.08201777935028
    endloop
  endfacet
  facet normal -0.765789655166523 0 -0.6430911319867021
    outer loop
      vertex 189.74883653968573 16.1 12.275187157094479
      vertex 189.74883653968573 15.5 12.275187157094479
      vertex 189.6776800006628 15.5 12.359920002520084
    endloop
  endfacet
  facet normal -0.8277814433891696 0 -0.5610506946618485
    outer loop
      vertex 189.81162172555923 16.1 12.182553082704544
      vertex 189.81162172555923 15.5 12.182553082704544
      vertex 189.74883653968573 15.5 12.275187157094479
    endloop
  endfacet
  facet normal -0.6983002222500042 0 -0.715805001104068
    outer loop
      vertex 189.6776800006628 16.1 12.359920002520084
      vertex 189.6776800006628 15.5 12.359920002520084
      vertex 189.59949036687613 15.5 12.43619753420353
    endloop
  endfacet
  facet normal -0.8794486776521904 0 -0.475993721992017
    outer loop
      vertex 189.81162172555923 16.1 12.182553082704544
      vertex 189.86603555828333 16.1 12.08201777935028
      vertex 189.81162172555923 15.5 12.182553082704544
    endloop
  endfacet
  facet normal -0.951366843796185 0 -0.30806026768359035
    outer loop
      vertex 189.94974913448095 16.1 11.857243455946445
      vertex 189.91207802295685 15.5 11.973581232130527
      vertex 189.91207802295685 16.1 11.973581232130527
    endloop
  endfacet
  facet normal -0.920462467916238 0 -0.3908309675007195
    outer loop
      vertex 189.91207802295685 16.1 11.973581232130527
      vertex 189.86603555828333 15.5 12.08201777935028
      vertex 189.86603555828333 16.1 12.08201777935028
    endloop
  endfacet
  facet normal -0.765789655166523 0 -0.6430911319867021
    outer loop
      vertex 189.74883653968573 16.1 12.275187157094479
      vertex 189.6776800006628 15.5 12.359920002520084
      vertex 189.6776800006628 16.1 12.359920002520084
    endloop
  endfacet
  facet normal -0.8277814433891696 0 -0.5610506946618485
    outer loop
      vertex 189.81162172555923 16.1 12.182553082704544
      vertex 189.74883653968573 15.5 12.275187157094479
      vertex 189.74883653968573 16.1 12.275187157094479
    endloop
  endfacet
  facet normal -0.6983002222500042 0 -0.715805001104068
    outer loop
      vertex 189.59949036687613 16.1 12.43619753420353
      vertex 189.6776800006628 16.1 12.359920002520084
      vertex 189.59949036687613 15.5 12.43619753420353
    endloop
  endfacet
  facet normal 0 1 0
    outer loop
      vertex 189.94974913448095 16.1 11.857243455946445
      vertex 191.50047110766172 16.1 12.03529778122902
      vertex 189.97904888540506 16.1 11.733004443347454
    endloop
  endfacet
  facet normal 0 1 0
    outer loop
      vertex 189.94974913448095 16.1 11.857243455946445
      vertex 189.91207802295685 16.1 11.973581232130527
      vertex 191.3509797528386 16.1 12.477332346141338
    endloop
  endfacet
  facet normal 0 1 0
    outer loop
      vertex 189.91207802295685 16.1 11.973581232130527
      vertex 189.86603555828333 16.1 12.08201777935028
      vertex 191.24820444732904 16.1 12.679964445531368
    endloop
  endfacet
  facet normal 0 1 0
    outer loop
      vertex 189.81162172555923 16.1 12.182553082704544
      vertex 191.12674271315336 16.1 12.870339751243591
      vertex 189.86603555828333 16.1 12.08201777935028
    endloop
  endfacet
  facet normal 0 1 0
    outer loop
      vertex 191.1890755519271 16.1 9.76132345944643
      vertex 189.8744622245431 16.1 10.617306664586067
      vertex 191.29399999976158 16.1 9.942151114344597
    endloop
  endfacet
  facet normal 0 1 0
    outer loop
      vertex 191.29399999976158 16.1 9.942151114344597
      vertex 189.91792987287045 16.1 10.718331851065159
      vertex 191.38278222084045 16.1 10.135036051273346
    endloop
  endfacet
  facet normal 0 1 0
    outer loop
      vertex 189.91792987287045 16.1 10.718331851065159
      vertex 191.4554222226143 16.1 10.339978270232677
      vertex 191.38278222084045 16.1 10.135036051273346
    endloop
  endfacet
  facet normal 0 1 0
    outer loop
      vertex 189.9534943178296 16.1 10.82531851530075
      vertex 191.5119199976325 16.1 10.556977778673172
      vertex 191.4554222226143 16.1 10.339978270232677
    endloop
  endfacet
  facet normal 0.9083918176716472 0 -0.41811996554481917
    outer loop
      vertex 191.38278222084045 16.1 10.135036051273346
      vertex 191.38278222084045 15.5 10.135036051273346
      vertex 191.29399999976158 15.5 9.942151114344597
    endloop
  endfacet
  facet normal 0.9425457152027074 0 -0.33407719879246023
    outer loop
      vertex 191.4554222226143 16.1 10.339978270232677
      vertex 191.4554222226143 15.5 10.339978270232677
      vertex 191.38278222084045 15.5 10.135036051273346
    endloop
  endfacet
  facet normal 0.967737843002075 0 -0.251959257066875
    outer loop
      vertex 191.5119199976325 16.1 10.556977778673172
      vertex 191.5119199976325 15.5 10.556977778673172
      vertex 191.4554222226143 15.5 10.339978270232677
    endloop
  endfacet
  facet normal 0.9083918176716472 0 -0.41811996554481917
    outer loop
      vertex 191.29399999976158 16.1 9.942151114344597
      vertex 191.38278222084045 16.1 10.135036051273346
      vertex 191.29399999976158 15.5 9.942151114344597
    endloop
  endfacet
  facet normal 0.9425457152027074 0 -0.33407719879246023
    outer loop
      vertex 191.38278222084045 16.1 10.135036051273346
      vertex 191.4554222226143 16.1 10.339978270232677
      vertex 191.38278222084045 15.5 10.135036051273346
    endloop
  endfacet
  facet normal 0.967737843002075 0 -0.251959257066875
    outer loop
      vertex 191.4554222226143 16.1 10.339978270232677
      vertex 191.5119199976325 16.1 10.556977778673172
      vertex 191.4554222226143 15.5 10.339978270232677
    endloop
  endfacet
  facet normal 0 1 0
    outer loop
      vertex 189.98115555197 16.1 10.938266664743423
      vertex 191.55227555334568 16.1 10.786034569144249
      vertex 191.5119199976325 16.1 10.556977778673172
    endloop
  endfacet
  facet normal 0 1 0
    outer loop
      vertex 190.0009135827422 16.1 11.057176299393177
      vertex 191.57648888975382 16.1 11.027148641645908
      vertex 191.55227555334568 16.1 10.786034569144249
    endloop
  endfacet
  facet normal 0 1 0
    outer loop
      vertex 190.01276839524508 16.1 11.18204740434885
      vertex 191.58455999940634 16.1 11.28032000362873
      vertex 191.57648888975382 16.1 11.027148641645908
    endloop
  endfacet
  facet normal 0.9848322542325846 0 -0.17350916697156332
    outer loop
      vertex 191.55227555334568 16.1 10.786034569144249
      vertex 191.55227555334568 15.5 10.786034569144249
      vertex 191.5119199976325 15.5 10.556977778673172
    endloop
  endfacet
  facet normal 0.994995456835824 0 -0.09992017251821428
    outer loop
      vertex 191.57648888975382 16.1 11.027148641645908
      vertex 191.57648888975382 15.5 11.027148641645908
      vertex 191.55227555334568 15.5 10.786034569144249
    endloop
  endfacet
  facet normal 0.9848322542325846 0 -0.17350916697156332
    outer loop
      vertex 191.5119199976325 16.1 10.556977778673172
      vertex 191.55227555334568 16.1 10.786034569144249
      vertex 191.5119199976325 15.5 10.556977778673172
    endloop
  endfacet
  facet normal 0.994995456835824 0 -0.09992017251821428
    outer loop
      vertex 191.55227555334568 16.1 10.786034569144249
      vertex 191.57648888975382 16.1 11.027148641645908
      vertex 191.55227555334568 15.5 10.786034569144249
    endloop
  endfacet
  facet normal 0.9994922189891698 0 -0.03186383812576989
    outer loop
      vertex 191.58455999940634 16.1 11.28032000362873
      vertex 191.58455999940634 15.5 11.28032000362873
      vertex 191.57648888975382 15.5 11.027148641645908
    endloop
  endfacet
  facet normal 0.9994922189891698 0 -0.03186383812576989
    outer loop
      vertex 191.57648888975382 16.1 11.027148641645908
      vertex 191.58455999940634 16.1 11.28032000362873
      vertex 191.57648888975382 15.5 11.027148641645908
    endloop
  endfacet
  facet normal 0 1 0
    outer loop
      vertex 190.01253432035446 16.1 11.460822716355324
      vertex 191.57521679252386 16.1 11.544236049056053
      vertex 191.58455999940634 16.1 11.28032000362873
    endloop
  endfacet
  facet normal 0 1 0
    outer loop
      vertex 189.99997728317976 16.1 11.600864194333553
      vertex 191.54718715697527 16.1 11.79589530825615
      vertex 191.57521679252386 16.1 11.544236049056053
    endloop
  endfacet
  facet normal 0 1 0
    outer loop
      vertex 189.97904888540506 16.1 11.733004443347454
      vertex 191.50047110766172 16.1 12.03529778122902
      vertex 191.54718715697527 16.1 11.79589530825615
    endloop
  endfacet
  facet normal 0.9938544438441972 0 0.11069482576498986
    outer loop
      vertex 191.54718715697527 16.1 11.79589530825615
      vertex 191.54718715697527 15.5 11.79589530825615
      vertex 191.57521679252386 15.5 11.544236049056053
    endloop
  endfacet
  facet normal 0.9938544438441972 0 0.11069482576498986
    outer loop
      vertex 191.57521679252386 16.1 11.544236049056053
      vertex 191.54718715697527 16.1 11.79589530825615
      vertex 191.57521679252386 15.5 11.544236049056053
    endloop
  endfacet
  facet normal 0 1 0
    outer loop
      vertex 189.94974913448095 16.1 11.857243455946445
      vertex 191.43506864458323 16.1 12.262443453073502
      vertex 191.50047110766172 16.1 12.03529778122902
    endloop
  endfacet
  facet normal 0 1 0
    outer loop
      vertex 189.91207802295685 16.1 11.973581232130527
      vertex 191.24820444732904 16.1 12.679964445531368
      vertex 191.3509797528386 16.1 12.477332346141338
    endloop
  endfacet
  facet normal 0 1 0
    outer loop
      vertex 189.94974913448095 16.1 11.857243455946445
      vertex 191.3509797528386 16.1 12.477332346141338
      vertex 191.43506864458323 16.1 12.262443453073502
    endloop
  endfacet
  facet normal 0.9814879936994398 0 0.1915236753611633
    outer loop
      vertex 191.50047110766172 16.1 12.03529778122902
      vertex 191.50047110766172 15.5 12.03529778122902
      vertex 191.54718715697527 15.5 11.79589530825615
    endloop
  endfacet
  facet normal 0.9609590383515663 0 0.27669066953989035
    outer loop
      vertex 191.43506864458323 16.1 12.262443453073502
      vertex 191.43506864458323 15.5 12.262443453073502
      vertex 191.50047110766172 15.5 12.03529778122902
    endloop
  endfacet
  facet normal 0.9312399361855107 0 0.36440661527091667
    outer loop
      vertex 191.3509797528386 16.1 12.477332346141338
      vertex 191.3509797528386 15.5 12.477332346141338
      vertex 191.43506864458323 15.5 12.262443453073502
    endloop
  endfacet
  facet normal 0.9814879936994398 0 0.1915236753611633
    outer loop
      vertex 191.54718715697527 16.1 11.79589530825615
      vertex 191.50047110766172 16.1 12.03529778122902
      vertex 191.54718715697527 15.5 11.79589530825615
    endloop
  endfacet
  facet normal 0.9609590383515663 0 0.27669066953989035
    outer loop
      vertex 191.50047110766172 16.1 12.03529778122902
      vertex 191.43506864458323 16.1 12.262443453073502
      vertex 191.50047110766172 15.5 12.03529778122902
    endloop
  endfacet
  facet normal 0.9312399361855107 0 0.36440661527091667
    outer loop
      vertex 191.43506864458323 16.1 12.262443453073502
      vertex 191.3509797528386 16.1 12.477332346141338
      vertex 191.43506864458323 15.5 12.262443453073502
    endloop
  endfacet
  facet normal 0.9993739307862808 0 0.03538002918000533
    outer loop
      vertex 191.57521679252386 16.1 11.544236049056053
      vertex 191.57521679252386 15.5 11.544236049056053
      vertex 191.58455999940634 15.5 11.28032000362873
    endloop
  endfacet
  facet normal 0.9993739307862808 0 0.03538002918000533
    outer loop
      vertex 191.58455999940634 16.1 11.28032000362873
      vertex 191.57521679252386 16.1 11.544236049056053
      vertex 191.58455999940634 15.5 11.28032000362873
    endloop
  endfacet
  facet normal 0.0849211069493431 0 -0.9963876783634462
    outer loop
      vertex 188.66843061894178 16.1 12.720614321529865
      vertex 188.66843061894178 15.5 12.720614321529865
      vertex 188.57178469002247 15.5 12.712377287447453
    endloop
  endfacet
  facet normal 0.02730203846297051 0 -0.9996272298690979
    outer loop
      vertex 188.76895999908447 16.1 12.723360002040863
      vertex 188.76895999908447 15.5 12.723360002040863
      vertex 188.66843061894178 15.5 12.720614321529865
    endloop
  endfacet
  facet normal -0.036234659475211435 0 -0.999343309104892
    outer loop
      vertex 188.892708145082 16.1 12.718873083591461
      vertex 188.892708145082 15.5 12.718873083591461
      vertex 188.76895999908447 15.5 12.723360002040863
    endloop
  endfacet
  facet normal -0.11328846882530849 0 -0.9935621383845185
    outer loop
      vertex 189.01076148450375 16.1 12.705412343144417
      vertex 189.01076148450375 15.5 12.705412343144417
      vertex 188.892708145082 15.5 12.718873083591461
    endloop
  endfacet
  facet normal -0.19580443236951275 0 -0.9806429647249058
    outer loop
      vertex 189.12312000244856 16.1 12.68297778069973
      vertex 189.12312000244856 15.5 12.68297778069973
      vertex 189.01076148450375 15.5 12.705412343144417
    endloop
  endfacet
  facet normal 0.02730203846297051 0 -0.9996272298690979
    outer loop
      vertex 188.66843061894178 16.1 12.720614321529865
      vertex 188.76895999908447 16.1 12.723360002040863
      vertex 188.66843061894178 15.5 12.720614321529865
    endloop
  endfacet
  facet normal -0.036234659475211435 0 -0.999343309104892
    outer loop
      vertex 188.76895999908447 16.1 12.723360002040863
      vertex 188.892708145082 16.1 12.718873083591461
      vertex 188.76895999908447 15.5 12.723360002040863
    endloop
  endfacet
  facet normal -0.11328846882530849 0 -0.9935621383845185
    outer loop
      vertex 188.892708145082 16.1 12.718873083591461
      vertex 189.01076148450375 16.1 12.705412343144417
      vertex 188.892708145082 15.5 12.718873083591461
    endloop
  endfacet
  facet normal -0.19580443236951275 0 -0.9806429647249058
    outer loop
      vertex 189.01076148450375 16.1 12.705412343144417
      vertex 189.12312000244856 16.1 12.68297778069973
      vertex 189.01076148450375 15.5 12.705412343144417
    endloop
  endfacet
  facet normal 0 1 0
    outer loop
      vertex 188.76895999908447 16.1 12.723360002040863
      vertex 189.03873086720705 16.1 13.924245923757553
      vertex 188.892708145082 16.1 12.718873083591461
    endloop
  endfacet
  facet normal 0 1 0
    outer loop
      vertex 188.892708145082 16.1 12.718873083591461
      vertex 189.03873086720705 16.1 13.924245923757553
      vertex 189.01076148450375 16.1 12.705412343144417
    endloop
  endfacet
  facet normal -0.3713483860856283 0 -0.928493605875452
    outer loop
      vertex 189.33075259625912 16.1 12.611187160015106
      vertex 189.33075259625912 15.5 12.611187160015106
      vertex 189.22978370636702 15.5 12.65156938135624
    endloop
  endfacet
  facet normal -0.2824702710335134 0 -0.959276053064108
    outer loop
      vertex 189.22978370636702 16.1 12.65156938135624
      vertex 189.22978370636702 15.5 12.65156938135624
      vertex 189.12312000244856 15.5 12.68297778069973
    endloop
  endfacet
  facet normal -0.5456678545701613 0 -0.8380015468295968
    outer loop
      vertex 189.51560592651367 16.1 12.503501236438751
      vertex 189.51560592651367 15.5 12.503501236438751
      vertex 189.42602666467428 15.5 12.56183110922575
    endloop
  endfacet
  facet normal -0.45998427387612617 0 -0.8879270621997355
    outer loop
      vertex 189.42602666467428 16.1 12.56183110922575
      vertex 189.42602666467428 15.5 12.56183110922575
      vertex 189.33075259625912 15.5 12.611187160015106
    endloop
  endfacet
  facet normal -0.3713483860856283 0 -0.928493605875452
    outer loop
      vertex 189.22978370636702 16.1 12.65156938135624
      vertex 189.33075259625912 16.1 12.611187160015106
      vertex 189.22978370636702 15.5 12.65156938135624
    endloop
  endfacet
  facet normal -0.45998427387612617 0 -0.8879270621997355
    outer loop
      vertex 189.33075259625912 16.1 12.611187160015106
      vertex 189.42602666467428 16.1 12.56183110922575
      vertex 189.33075259625912 15.5 12.611187160015106
    endloop
  endfacet
  facet normal -0.2824702710335134 0 -0.959276053064108
    outer loop
      vertex 189.22978370636702 16.1 12.65156938135624
      vertex 189.12312000244856 15.5 12.68297778069973
      vertex 189.12312000244856 16.1 12.68297778069973
    endloop
  endfacet
  facet normal -0.5456678545701613 0 -0.8380015468295968
    outer loop
      vertex 189.42602666467428 16.1 12.56183110922575
      vertex 189.51560592651367 16.1 12.503501236438751
      vertex 189.42602666467428 15.5 12.56183110922575
    endloop
  endfacet
  facet normal 0 1 0
    outer loop
      vertex 189.01076148450375 16.1 12.705412343144417
      vertex 189.31087901443243 16.1 13.89762370288372
      vertex 189.12312000244856 16.1 12.68297778069973
    endloop
  endfacet
  facet normal 0 1 0
    outer loop
      vertex 189.22978370636702 16.1 12.65156938135624
      vertex 189.12312000244856 16.1 12.68297778069973
      vertex 189.5691644474864 16.1 13.853253334760666
    endloop
  endfacet
  facet normal 0 1 0
    outer loop
      vertex 189.33075259625912 16.1 12.611187160015106
      vertex 190.04414716362953 16.1 13.71126814931631
      vertex 189.42602666467428 16.1 12.56183110922575
    endloop
  endfacet
  facet normal 0 1 0
    outer loop
      vertex 189.22978370636702 16.1 12.65156938135624
      vertex 189.81358715891838 16.1 13.791134811937809
      vertex 189.33075259625912 16.1 12.611187160015106
    endloop
  endfacet
  facet normal 0 1 0
    outer loop
      vertex 188.66843061894178 16.1 12.720614321529865
      vertex 188.75271999835968 16.1 13.933119997382164
      vertex 188.76895999908447 16.1 12.723360002040863
    endloop
  endfacet
  facet normal 0 1 0
    outer loop
      vertex 188.66843061894178 16.1 12.720614321529865
      vertex 188.5028059259057 16.1 13.926723949611187
      vertex 188.75271999835968 16.1 13.933119997382164
    endloop
  endfacet
  facet normal 0 1 0
    outer loop
      vertex 188.76895999908447 16.1 12.723360002040863
      vertex 188.75271999835968 16.1 13.933119997382164
      vertex 189.03873086720705 16.1 13.924245923757553
    endloop
  endfacet
  facet normal 0 1 0
    outer loop
      vertex 189.22978370636702 16.1 12.65156938135624
      vertex 189.5691644474864 16.1 13.853253334760666
      vertex 189.81358715891838 16.1 13.791134811937809
    endloop
  endfacet
  facet normal 0 1 0
    outer loop
      vertex 189.01076148450375 16.1 12.705412343144417
      vertex 189.03873086720705 16.1 13.924245923757553
      vertex 189.31087901443243 16.1 13.89762370288372
    endloop
  endfacet
  facet normal 0 1 0
    outer loop
      vertex 189.12312000244856 16.1 12.68297778069973
      vertex 189.31087901443243 16.1 13.89762370288372
      vertex 189.5691644474864 16.1 13.853253334760666
    endloop
  endfacet
  facet normal 0 1 0
    outer loop
      vertex 189.74883653968573 16.1 12.275187157094479
      vertex 189.6776800006628 16.1 12.359920002520084
      vertex 190.82776000350714 16.1 13.214319996535778
    endloop
  endfacet
  facet normal 0 1 0
    outer loop
      vertex 189.59949036687613 16.1 12.43619753420353
      vertex 190.6526508629322 16.1 13.365179255604744
      vertex 189.6776800006628 16.1 12.359920002520084
    endloop
  endfacet
  facet normal 0 1 0
    outer loop
      vertex 189.42602666467428 16.1 12.56183110922575
      vertex 190.2608444467187 16.1 13.61365333199501
      vertex 189.51560592651367 16.1 12.503501236438751
    endloop
  endfacet
  facet normal 0 1 0
    outer loop
      vertex 189.59949036687613 16.1 12.43619753420353
      vertex 189.51560592651367 16.1 12.503501236438751
      vertex 190.46367901563644 16.1 13.498290367424488
    endloop
  endfacet
  facet normal 0 1 0
    outer loop
      vertex 189.81162172555923 16.1 12.182553082704544
      vertex 189.74883653968573 16.1 12.275187157094479
      vertex 190.98659456521273 16.1 13.048458270728588
    endloop
  endfacet
  facet normal 0 1 0
    outer loop
      vertex 189.59949036687613 16.1 12.43619753420353
      vertex 190.46367901563644 16.1 13.498290367424488
      vertex 190.6526508629322 16.1 13.365179255604744
    endloop
  endfacet
  facet normal 0 1 0
    outer loop
      vertex 189.74883653968573 16.1 12.275187157094479
      vertex 190.82776000350714 16.1 13.214319996535778
      vertex 190.98659456521273 16.1 13.048458270728588
    endloop
  endfacet
  facet normal 0 1 0
    outer loop
      vertex 189.6776800006628 16.1 12.359920002520084
      vertex 190.6526508629322 16.1 13.365179255604744
      vertex 190.82776000350714 16.1 13.214319996535778
    endloop
  endfacet
  facet normal 0 1 0
    outer loop
      vertex 189.33075259625912 16.1 12.611187160015106
      vertex 189.81358715891838 16.1 13.791134811937809
      vertex 190.04414716362953 16.1 13.71126814931631
    endloop
  endfacet
  facet normal 0 1 0
    outer loop
      vertex 189.51560592651367 16.1 12.503501236438751
      vertex 190.2608444467187 16.1 13.61365333199501
      vertex 190.46367901563644 16.1 13.498290367424488
    endloop
  endfacet
  facet normal 0 1 0
    outer loop
      vertex 189.42602666467428 16.1 12.56183110922575
      vertex 190.04414716362953 16.1 13.71126814931631
      vertex 190.2608444467187 16.1 13.61365333199501
    endloop
  endfacet
  facet normal 0.3273207396185456 0 0.9449132941257458
    outer loop
      vertex 190.04414716362953 16.1 13.71126814931631
      vertex 189.81358715891838 16.1 13.791134811937809
      vertex 190.04414716362953 15.5 13.71126814931631
    endloop
  endfacet
  facet normal 0.49438532141046526 0 0.8692428624808323
    outer loop
      vertex 190.2608444467187 16.1 13.61365333199501
      vertex 190.2608444467187 15.5 13.61365333199501
      vertex 190.46367901563644 15.5 13.498290367424488
    endloop
  endfacet
  facet normal 0.41071818452396586 0 0.9117623445291748
    outer loop
      vertex 190.04414716362953 16.1 13.71126814931631
      vertex 190.04414716362953 15.5 13.71126814931631
      vertex 190.2608444467187 15.5 13.61365333199501
    endloop
  endfacet
  facet normal 0.5758721607643719 0 0.8175397571106702
    outer loop
      vertex 190.46367901563644 16.1 13.498290367424488
      vertex 190.46367901563644 15.5 13.498290367424488
      vertex 190.6526508629322 15.5 13.365179255604744
    endloop
  endfacet
  facet normal 0.5758721607643719 0 0.8175397571106702
    outer loop
      vertex 190.6526508629322 16.1 13.365179255604744
      vertex 190.46367901563644 16.1 13.498290367424488
      vertex 190.6526508629322 15.5 13.365179255604744
    endloop
  endfacet
  facet normal 0.41071818452396586 0 0.9117623445291748
    outer loop
      vertex 190.04414716362953 16.1 13.71126814931631
      vertex 190.2608444467187 15.5 13.61365333199501
      vertex 190.2608444467187 16.1 13.61365333199501
    endloop
  endfacet
  facet normal 0.49438532141046526 0 0.8692428624808323
    outer loop
      vertex 190.2608444467187 16.1 13.61365333199501
      vertex 190.46367901563644 15.5 13.498290367424488
      vertex 190.46367901563644 16.1 13.498290367424488
    endloop
  endfacet
  facet normal 0.031012126583956034 0 0.9995190083258749
    outer loop
      vertex 188.75271999835968 16.1 13.933119997382164
      vertex 188.75271999835968 15.5 13.933119997382164
      vertex 189.03873086720705 15.5 13.924245923757553
    endloop
  endfacet
  facet normal -0.025584610053212935 0 0.9996726602885693
    outer loop
      vertex 188.5028059259057 16.1 13.926723949611187
      vertex 188.75271999835968 15.5 13.933119997382164
      vertex 188.75271999835968 16.1 13.933119997382164
    endloop
  endfacet
  facet normal 0.031012126583956034 0 0.9995190083258749
    outer loop
      vertex 188.75271999835968 16.1 13.933119997382164
      vertex 189.03873086720705 15.5 13.924245923757553
      vertex 189.03873086720705 16.1 13.924245923757553
    endloop
  endfacet
  facet normal 0.09735782065448717 0 0.9952494434851038
    outer loop
      vertex 189.03873086720705 16.1 13.924245923757553
      vertex 189.03873086720705 15.5 13.924245923757553
      vertex 189.31087901443243 15.5 13.89762370288372
    endloop
  endfacet
  facet normal 0.16930804302815733 0 0.9855631824322456
    outer loop
      vertex 189.31087901443243 16.1 13.89762370288372
      vertex 189.31087901443243 15.5 13.89762370288372
      vertex 189.5691644474864 15.5 13.853253334760666
    endloop
  endfacet
  facet normal 0.09735782065448717 0 0.9952494434851038
    outer loop
      vertex 189.03873086720705 16.1 13.924245923757553
      vertex 189.31087901443243 15.5 13.89762370288372
      vertex 189.31087901443243 16.1 13.89762370288372
    endloop
  endfacet
  facet normal 0.16930804302815733 0 0.9855631824322456
    outer loop
      vertex 189.31087901443243 16.1 13.89762370288372
      vertex 189.5691644474864 15.5 13.853253334760666
      vertex 189.5691644474864 16.1 13.853253334760666
    endloop
  endfacet
  facet normal 0.2463136942162705 0 0.9691901588653971
    outer loop
      vertex 189.5691644474864 16.1 13.853253334760666
      vertex 189.5691644474864 15.5 13.853253334760666
      vertex 189.81358715891838 15.5 13.791134811937809
    endloop
  endfacet
  facet normal 0.3273207396185456 0 0.9449132941257458
    outer loop
      vertex 189.81358715891838 16.1 13.791134811937809
      vertex 189.81358715891838 15.5 13.791134811937809
      vertex 190.04414716362953 15.5 13.71126814931631
    endloop
  endfacet
  facet normal 0.2463136942162705 0 0.9691901588653971
    outer loop
      vertex 189.5691644474864 16.1 13.853253334760666
      vertex 189.81358715891838 15.5 13.791134811937809
      vertex 189.81358715891838 16.1 13.791134811937809
    endloop
  endfacet
  facet normal 0.7858939990632595 0 0.6183612392739033
    outer loop
      vertex 190.98659456521273 16.1 13.048458270728588
      vertex 190.98659456521273 15.5 13.048458270728588
      vertex 191.12674271315336 15.5 12.870339751243591
    endloop
  endfacet
  facet normal 0 1 0
    outer loop
      vertex 189.86603555828333 16.1 12.08201777935028
      vertex 191.12674271315336 16.1 12.870339751243591
      vertex 191.24820444732904 16.1 12.679964445531368
    endloop
  endfacet
  facet normal 0 1 0
    outer loop
      vertex 189.81162172555923 16.1 12.182553082704544
      vertex 190.98659456521273 16.1 13.048458270728588
      vertex 191.12674271315336 16.1 12.870339751243591
    endloop
  endfacet
  facet normal 0.7858939990632595 0 0.6183612392739033
    outer loop
      vertex 190.98659456521273 16.1 13.048458270728588
      vertex 191.12674271315336 15.5 12.870339751243591
      vertex 191.12674271315336 16.1 12.870339751243591
    endloop
  endfacet
  facet normal 0.7222410510767061 0 0.6916414274315954
    outer loop
      vertex 190.98659456521273 16.1 13.048458270728588
      vertex 190.82776000350714 16.1 13.214319996535778
      vertex 190.98659456521273 15.5 13.048458270728588
    endloop
  endfacet
  facet normal 0.8918433874588132 0 0.4523443071886606
    outer loop
      vertex 191.24820444732904 16.1 12.679964445531368
      vertex 191.24820444732904 15.5 12.679964445531368
      vertex 191.3509797528386 15.5 12.477332346141338
    endloop
  endfacet
  facet normal 0.8430314814241721 0 0.5378642220186853
    outer loop
      vertex 191.12674271315336 16.1 12.870339751243591
      vertex 191.12674271315336 15.5 12.870339751243591
      vertex 191.24820444732904 15.5 12.679964445531368
    endloop
  endfacet
  facet normal 0.8918433874588132 0 0.4523443071886606
    outer loop
      vertex 191.3509797528386 16.1 12.477332346141338
      vertex 191.24820444732904 16.1 12.679964445531368
      vertex 191.3509797528386 15.5 12.477332346141338
    endloop
  endfacet
  facet normal 0.8430314814241721 0 0.5378642220186853
    outer loop
      vertex 191.24820444732904 16.1 12.679964445531368
      vertex 191.12674271315336 16.1 12.870339751243591
      vertex 191.24820444732904 15.5 12.679964445531368
    endloop
  endfacet
  facet normal 0.6526990910826982 0 0.757617249341526
    outer loop
      vertex 190.6526508629322 16.1 13.365179255604744
      vertex 190.6526508629322 15.5 13.365179255604744
      vertex 190.82776000350714 15.5 13.214319996535778
    endloop
  endfacet
  facet normal 0.7222410510767061 0 0.6916414274315954
    outer loop
      vertex 190.82776000350714 16.1 13.214319996535778
      vertex 190.82776000350714 15.5 13.214319996535778
      vertex 190.98659456521273 15.5 13.048458270728588
    endloop
  endfacet
  facet normal 0.6526990910826982 0 0.757617249341526
    outer loop
      vertex 190.6526508629322 16.1 13.365179255604744
      vertex 190.82776000350714 15.5 13.214319996535778
      vertex 190.82776000350714 16.1 13.214319996535778
    endloop
  endfacet
endsolid OpenSCAD_Model
